scheme,family,mask,sampling,segmentation,flag_scope,msig,segmentation_type,segmentation_backend,segmentation_max_words,segmentation_window,generation_num_candidates,stage,z_source,attack,attack_family,attack_setting,K,surrogate,anchor,attacker_model,attacker_seg,candidate_agg,bag_agg,dipper_lex,dipper_order,n_samples,n_sets,datasets,thr10,thr5,thr1,auroc,TPR_at10,TPR_at5,TPR_at1,evade_rate_at5,mean_z,mean_z_wm,mean_z_drop,provider_draws_per_unit,provider_draws_per_unit_ci_lo_95,provider_draws_per_unit_ci_hi_95,provider_units_total,provider_sentences_total,provider_units_per_sentence,provider_draws_per_sentence,provider_draws_per_sentence_ci_lo_95,provider_draws_per_sentence_ci_hi_95,ASR_at5_q50,ASR_at5_q55,ASR_at5_q60,ASR_at5_q65,ASR_at5_q70,ASR_at5_q75,ASR_at5_q80,ASR_at5_q85,ASR_at5_q90,ASR_at5_q95,ASR_at5_q100,ASR_at5,ASR_at1_q50,ASR_at1_q55,ASR_at1_q60,ASR_at1_q65,ASR_at1_q70,ASR_at1_q75,ASR_at1_q80,ASR_at1_q85,ASR_at1_q90,ASR_at1_q95,ASR_at1_q100,ASR_at1,evade_rate_at1,quality_pass_rate,4g_repeat_pct,4g_repeat_pct_ci,4g_repeat_pct_median,anchor_coverage,anchor_coverage_ci,anchor_coverage_median,anchor_merge,anchor_merge_ci,anchor_merge_median,anchor_n_anchors,anchor_n_anchors_ci,anchor_n_anchors_median,anchor_reorder,anchor_reorder_ci,anchor_reorder_median,anchor_reseg,anchor_reseg_ci,anchor_reseg_median,anchor_reword,anchor_reword_ci,anchor_reword_median,anchor_reword_novel,anchor_reword_novel_ci,anchor_reword_novel_median,anchor_split,anchor_split_ci,anchor_split_median,bert_F1,bert_F1_ci,bert_F1_median,bert_P,bert_P_ci,bert_P_median,bert_R,bert_R_ci,bert_R_median,distinct_2,distinct_2_ci,distinct_2_median,emb_sim,emb_sim_ci,emb_sim_median,gen_ppl,gen_ppl_ci,gen_ppl_median,llm_judge,llm_judge_ci,llm_judge_median,llm_judge_content_recall,llm_judge_content_recall_ci,llm_judge_content_recall_median,llm_judge_contradiction,llm_judge_contradiction_ci,llm_judge_contradiction_median,llm_judge_detail_precision,llm_judge_detail_precision_ci,llm_judge_detail_precision_median,llm_judge_information_injection,llm_judge_information_injection_ci,llm_judge_information_injection_median,llm_quality,llm_quality_ci,llm_quality_median,llm_quality_coherence,llm_quality_coherence_ci,llm_quality_coherence_median,llm_quality_fluency,llm_quality_fluency_ci,llm_quality_fluency_median,llm_quality_informativeness,llm_quality_informativeness_ci,llm_quality_informativeness_median,llm_quality_relevance,llm_quality_relevance_ci,llm_quality_relevance_median,rep_2,rep_2_ci,rep_2_median,rep_3,rep_3_ci,rep_3_median,rep_4,rep_4_ci,rep_4_median,rouge1,rouge1_ci,rouge1_median,rouge2,rouge2_ci,rouge2_median,rougeL,rougeL_ci,rougeL_median,sent_dup_pct,sent_dup_pct_ci,sent_dup_pct_median,gen_ppl_total_nll,gen_ppl_scored_tokens,bi_entro,tri_entro,sem_ent,mauve,bleu,FPR_at10,FPR_at5,FPR_at1,null_sd,null_q90,null_q95,null_q99
No watermark,none,none,rejection,sentence-nltk,,,sentence,nltk,,,1.0,watermark,unavailable,none,none,none,,,,,,,,,,1024,3,c4-val-def-256|c4-val-def-256b|c4-val-def-512,,,,,,,,,,,,1.0,1.0,1.0,7625.0,7486.0,1.0,1.0,1.0,1.0,,,,,,,,,,,,,,,,,,,,,,,,,,,1.3073041088874324,0.4301420521336834,0.0,,,,,,,,,,,,,,,,,,,,,,,,,,,,,,,,,,0.9599181369766904,0.0047009816331714,0.9751809455366768,,,,6.928027055300534,0.5071917507630817,7.404523372650146,,,,,,,,,,,,,,,,0.8486653645833334,0.0145695336461391,0.9666666666666668,0.8520182291666667,0.0160241776645278,1.0,0.9220052083333334,0.0112131577050937,1.0,0.7779296875,0.0181104864403179,0.9333333333333332,0.8427083333333334,0.0178922151585102,1.0,0.0606232199783215,0.0049570233582121,0.0433997802542771,0.0272977688921264,0.0045620573149836,0.0087337909992372,0.01759739713394,0.0043755562118669,0.0,,,,,,,,,,1.3051562981934262,0.4694592597876812,0.0,347238.29756736755,179398.0,10.204601153816425,10.88102917570263,2.690273175838481,0.2951254715632034,,,,,,,,
PMark,pmark,online,rejection,sentence-nltk,,,sentence,nltk,,,64.0,attack,direct,adp-K1,adaptive,K1-positional-bge,1.0,bge,positional,Qwen2.5-3B-Instruct,sentence-nltk,,,,,1024,3,c4-val-def-256|c4-val-def-256b|c4-val-def-512,1.2815515594457412,1.6448536269514722,2.3263478740408408,0.9271980637302648,0.7802734375,0.6982421875,0.5185546875,0.3017578125,2.4737543391902364,5.477942886180244,3.004188546990008,,,,,,,,,,0.3017578125,0.3017578125,0.30078125,0.2998046875,0.296875,0.294921875,0.2802734375,0.26953125,0.23828125,0.1728515625,0.091796875,0.2802734375,0.4814453125,0.4814453125,0.48046875,0.478515625,0.4716796875,0.46484375,0.447265625,0.4296875,0.3876953125,0.28515625,0.1533203125,0.447265625,0.4814453125,0.9443359375,0.4253122344061388,0.1152417649809173,0.0,0.5632341040793117,0.0077800025367113,0.5641025641025641,0.125132667419641,0.0072954288827754,0.0909090909090909,61.6513671875,1.4262452615381278,60.0,0.0400891435827184,0.0026033375839992,0.0283132530120481,0.108732791728555,0.005756805050851,0.0909090909090909,0.2781337854633277,0.004968951285077,0.2711680576491783,0.5214290872465818,0.0071650568164413,0.5229597813354159,0.0798737549317097,0.0064415017268888,0.0,0.939320046454668,0.0012874399531841,0.9410748183727264,0.9441961700213142,0.001141486520993,0.9458960294723512,0.9345836016582324,0.0015153339059534,0.9370700418949128,0.9622540135328174,0.0022384825780192,0.9687581699346406,0.9710015580058098,0.0011386319461271,0.9749145209789276,8.789905121571241,0.2664302517191774,9.071988105773926,0.9460286458333332,0.0045221029193701,0.9666666666666668,0.9593098958333334,0.0045541223884574,1.0,0.0143880208333333,0.0040807028340813,0.0,0.9319010416666668,0.0069415967370187,1.0,0.0927083333333333,0.007909852397474,0.0,,,,,,,,,,,,,,,,0.0721799271708027,0.0029646794120257,0.0637030894366321,0.0250578418274678,0.0021296579630876,0.0157981431566337,0.0117956941190601,0.0016715636412597,0.0035650737163192,0.7218662145366724,0.004968951285077,0.7288319423508217,0.46217242376078,0.0073216055959459,0.4577556623198352,0.6035784916771691,0.0069787295225557,0.6065962240696139,0.2878617307970721,0.1602683789349407,0.0,568997.3391685779,261776.0,10.37094130023084,11.136838051820533,2.485127718435668,0.9376055030404624,0.3050246365790066,,,,,,,
PMark,pmark,online,rejection,sentence-nltk,,,sentence,nltk,,,64.0,attack,direct,adp-K16,adaptive,K16-positional-bge,16.0,bge,positional,Qwen2.5-3B-Instruct,sentence-nltk,,,,,1024,3,c4-val-def-256|c4-val-def-256b|c4-val-def-512,1.2815515594457412,1.6448536269514722,2.3263478740408408,0.7822100452437217,0.416015625,0.291015625,0.1064453125,0.708984375,1.165752348049267,5.4939847488712985,4.328232400822031,,,,,,,,,,0.70703125,0.70703125,0.703125,0.69921875,0.681640625,0.6591796875,0.6103515625,0.552734375,0.4609375,0.2958984375,0.12109375,0.6103515625,0.890625,0.890625,0.8857421875,0.8818359375,0.859375,0.83203125,0.767578125,0.69921875,0.578125,0.3701171875,0.1494140625,0.767578125,0.8935546875,0.85546875,0.735187933821656,0.2542983336471016,0.0,0.4729470174161183,0.0076461486519839,0.4702941176470588,0.160334776116487,0.0086243060458163,0.1428571428571428,51.2744140625,1.1628632087693698,50.0,0.0739294213537138,0.0045143890655631,0.0571428571428571,0.1462396833444128,0.0062491400787769,0.1346153846153847,0.3504922055369154,0.0055919970813044,0.339985663225177,0.6055346065252856,0.0062713607774313,0.6046511627906976,0.1089225017321717,0.0074361423086302,0.1,0.9197695345501417,0.0014793526304986,0.9218800961971284,0.9255673689767718,0.0015391933872109,0.9287685751914978,0.9143015187582932,0.0016686898371372,0.9161967039108276,0.9626042620160592,0.0032973791059364,0.97316721952223,0.953778013761621,0.0016650406020154,0.9597915709018708,9.848744739954672,0.3176121026157256,10.2331862449646,0.902587890625,0.0058405055233006,0.9333333333333332,0.9149739583333334,0.0067128517073199,0.9333333333333332,0.0220052083333333,0.0049045709972525,0.0,0.8767578125,0.0093046957258367,0.9333333333333332,0.159375,0.0100053822733569,0.1333333333333333,,,,,,,,,,,,,,,,0.0717139586317407,0.0039540875584206,0.0596051256668316,0.0276967669507062,0.0033383407163102,0.0148150180386562,0.0153463139288855,0.0029970098608538,0.0033444816053511,0.6495077944630845,0.0055919970813044,0.660014336774823,0.3655989695460332,0.0063830131230195,0.3636363636363636,0.4946418707131514,0.0069704846271093,0.4983572422596813,0.6722596835527573,0.3406270612708517,0.0,563779.97677233,246478.0,10.305180137144356,11.039192273344137,2.4955857166190643,0.6618405491107919,0.2077330672149798,,,,,,,
PMark,pmark,online,rejection,sentence-nltk,,,sentence,nltk,,,64.0,attack,direct,adp-K2,adaptive,K2-positional-bge,2.0,bge,positional,Qwen2.5-3B-Instruct,sentence-nltk,,,,,1024,3,c4-val-def-256|c4-val-def-256b|c4-val-def-512,1.2815515594457412,1.6448536269514722,2.3263478740408408,0.8879642054698212,0.6982421875,0.5791015625,0.34765625,0.4208984375,1.8996468828827344,5.491929426163551,3.5922825432808168,,,,,,,,,,0.4208984375,0.4208984375,0.4208984375,0.4208984375,0.419921875,0.4130859375,0.392578125,0.369140625,0.314453125,0.2275390625,0.134765625,0.392578125,0.65234375,0.6513671875,0.6513671875,0.650390625,0.6484375,0.6376953125,0.6083984375,0.576171875,0.4931640625,0.359375,0.1982421875,0.6083984375,0.65234375,0.9365234375,0.5151053595922207,0.1842343438091735,0.0,0.5353858892265468,0.0073681010500007,0.5307382212144117,0.1441380064053913,0.0075916028009819,0.125,58.34765625,1.2893662848394751,57.0,0.0480019185611932,0.0030427153976514,0.0356718192627824,0.127076173451279,0.0062047169302474,0.111111111111111,0.2997895626509412,0.0047602640043163,0.2960935242510129,0.5535071561321346,0.0065931379725574,0.5574277975164457,0.0928066259135281,0.0070522583654613,0.0833333333333333,0.9339799522422254,0.0012357004172792,0.934751570224762,0.9394613235490396,0.0011227382819208,0.9404628276824952,0.9286690533626824,0.0014610610499361,0.929760217666626,0.9626387543561056,0.0026283478660829,0.9706599713055954,0.9667048430419528,0.0011563285280597,0.9707200527191162,9.10003334431046,0.2997177994420077,9.35342025756836,0.9379231770833332,0.0045731238111923,0.9666666666666668,0.9527994791666669,0.0047441630143193,1.0,0.0141927083333333,0.0040812755490807,0.0,0.9169270833333334,0.0073513126181468,1.0,0.1038411458333333,0.0083858984158943,0.0666666666666666,,,,,,,,,,,,,,,,0.0715005043343485,0.003370374304769,0.063768115942029,0.0257153401222311,0.0027151796235642,0.0150489174744088,0.0129379304802031,0.0023871843850006,0.0037736386420597,0.7002104373490587,0.0047602640043163,0.703906475748987,0.4271429255831569,0.0066629058432179,0.419753086419753,0.5712090230055882,0.0065699304937961,0.573418394471026,0.4165395260114682,0.2551312917734344,0.0,566127.4176743119,256366.0,10.355671545798335,11.112033634234006,2.473551499811677,0.947745400763082,0.2663909770607156,,,,,,,
PMark,pmark,online,rejection,sentence-nltk,,,sentence,nltk,,,64.0,attack,direct,adp-K32,adaptive,K32-positional-bge,32.0,bge,positional,Qwen2.5-3B-Instruct,sentence-nltk,,,,,1024,3,c4-val-def-256|c4-val-def-256b|c4-val-def-512,1.2815515594457412,1.6448536269514722,2.3263478740408408,0.7639415611445914,0.3818359375,0.2685546875,0.1064453125,0.7314453125,1.093472027216194,5.4701092038012575,4.376637176585064,,,,,,,,,,0.728515625,0.7275390625,0.7236328125,0.7099609375,0.6875,0.66015625,0.58984375,0.5361328125,0.4140625,0.2470703125,0.09375,0.58984375,0.890625,0.8896484375,0.884765625,0.8701171875,0.845703125,0.814453125,0.734375,0.666015625,0.51171875,0.310546875,0.119140625,0.734375,0.8935546875,0.8193359375,0.5890165618122585,0.2032733207305812,0.0,0.4590609565921401,0.007434511687567,0.4556139287398127,0.1630708012196748,0.0090328825259866,0.1666666666666666,49.8916015625,1.1590909192201206,48.0,0.0864357378908071,0.004849108155032,0.0666049953746531,0.1536416822253191,0.0071303823645292,0.1428571428571429,0.3628400053560966,0.0052415572776464,0.3593282185628743,0.6227620846401312,0.0061565338166956,0.6297498797498797,0.1174304246421745,0.0077367445099588,0.1,0.916438172396738,0.0014101357899063,0.917866200208664,0.9221517753903754,0.0015111269782032,0.925207644701004,0.911063571809791,0.0015777067310127,0.9122387170791626,0.963472472261923,0.0029310498809748,0.9751662922338222,0.949883487308398,0.001771333928919,0.9561630189418792,10.210804231526348,0.3401998511521767,10.670979022979736,0.8893391927083333,0.0060720746467213,0.9166666666666666,0.9037760416666668,0.0068577632915681,0.9333333333333332,0.0281901041666666,0.0059894917051299,0.0,0.8573567708333334,0.0097685003305622,0.9333333333333332,0.1755859375,0.0102997884399125,0.1333333333333333,,,,,,,,,,,,,,,,0.0713453746293238,0.0040199220081511,0.0585475719622061,0.0273919616845688,0.0032987627439,0.0139130855594269,0.0149420852113049,0.002938347477493,0.0033278699417484,0.6371599946439033,0.0052415572776464,0.6406717814371257,0.3487018641978074,0.0059779436004787,0.3410991886212128,0.4737242927894777,0.0065125839805196,0.472267462902642,0.7161733926498588,0.3523169998453337,0.0,574567.3832271114,247291.0,10.298555806329748,11.04062551775692,2.423206117316127,0.5928483311640879,0.1958537355120152,,,,,,,
PMark,pmark,online,rejection,sentence-nltk,,,sentence,nltk,,,64.0,attack,direct,adp-K4,adaptive,K4-positional-bge,4.0,bge,positional,Qwen2.5-3B-Instruct,sentence-nltk,,,,,1024,3,c4-val-def-256|c4-val-def-256b|c4-val-def-512,1.2815515594457412,1.6448536269514722,2.3263478740408408,0.8595472666685429,0.6025390625,0.4619140625,0.2353515625,0.5380859375,1.6000769942879742,5.486087492230581,3.886010497942607,,,,,,,,,,0.537109375,0.5361328125,0.53515625,0.5302734375,0.5234375,0.5166015625,0.48046875,0.44921875,0.3916015625,0.2841796875,0.150390625,0.48046875,0.763671875,0.7626953125,0.7607421875,0.7548828125,0.7451171875,0.736328125,0.685546875,0.640625,0.5556640625,0.392578125,0.201171875,0.685546875,0.7646484375,0.8974609375,0.6042430567396574,0.2319123348295622,0.0,0.5099760472061652,0.0077690581624886,0.5113636363636364,0.1561304785104981,0.0085542340905489,0.1428571428571428,55.4833984375,1.2748904060353825,54.0,0.0596057645375438,0.0039770579343854,0.0418454935622317,0.1374472161205117,0.0069677059867917,0.12,0.3204793680583837,0.0054112671720289,0.3123284374553466,0.5732401212616477,0.0067431747409044,0.5748792270531401,0.0988202139825172,0.007377902552083,0.0909090909090909,0.9285681729670614,0.0013884011438478,0.9297685027122498,0.9347765595302916,0.0013515795910683,0.9364203214645386,0.9226652525248936,0.0016354844526767,0.924830287694931,0.9624172175957963,0.0030759426911948,0.9714285714285714,0.9615093793836422,0.0014059480032286,0.9667995572090148,9.290083829770907,0.2829030455993146,9.68467140197754,0.9248860677083331,0.0052339928458699,0.95,0.9361328125,0.0057034808943381,1.0,0.0197916666666666,0.0050023849775527,0.0,0.905078125,0.0080878554182895,1.0,0.121875,0.0089923830663039,0.0666666666666666,,,,,,,,,,,,,,,,0.0704417085827441,0.0037456421888703,0.0608695652173912,0.0254217203078608,0.003091301457701,0.0145542806707855,0.0129972092668196,0.0027406444135849,0.0033389074693422,0.6795206319416163,0.0054112671720289,0.6876715625446533,0.4022346970237916,0.006897586792254,0.3983888744813278,0.5410430109123456,0.006985865201324,0.5442942942942943,0.4504112468008792,0.2612137914396035,0.0,557178.9414734505,249974.0,10.321934020100825,11.073312780239288,2.4778322501801022,0.8703849179209647,0.2407854163095503,,,,,,,
PMark,pmark,online,rejection,sentence-nltk,,,sentence,nltk,,,64.0,attack,direct,adp-K64,adaptive,K64-positional-bge,64.0,bge,positional,Qwen2.5-3B-Instruct,sentence-nltk,,,,,1024,3,c4-val-def-256|c4-val-def-256b|c4-val-def-512,1.2815515594457412,1.6448536269514722,2.3263478740408408,0.7687813935991954,0.380859375,0.2470703125,0.087890625,0.7529296875,1.0721346120128032,5.481734894434339,4.409600282421536,,,,,,,,,,0.7509765625,0.744140625,0.73828125,0.7265625,0.708984375,0.67578125,0.603515625,0.5166015625,0.37890625,0.208984375,0.0703125,0.603515625,0.9091796875,0.9013671875,0.8935546875,0.8798828125,0.857421875,0.8154296875,0.724609375,0.6240234375,0.4658203125,0.255859375,0.08984375,0.724609375,0.912109375,0.7841796875,1.051980197955655,0.2980947738179536,0.0,0.4366676790562274,0.0076364680841799,0.4371966019417476,0.1673633149099292,0.009253220813033,0.1428571428571428,47.333984375,1.1342293074581729,45.5,0.0994693016013672,0.0055659275971623,0.077277970011534,0.1602040295600235,0.0074462309206601,0.1428571428571429,0.3841504429746365,0.0059179191540552,0.375518773233195,0.6426869956490038,0.0061515180112995,0.6444971037388099,0.1233962688213039,0.0082714521850283,0.1111111111111111,0.9110924677806906,0.0015213644343615,0.9132826328277588,0.9165313323028386,0.0016305929838273,0.9201250374317168,0.9060349160572514,0.0017161358623576,0.9084696173667908,0.9573489351327956,0.003936280260834,0.9720800311809796,0.9431090217258316,0.0026348906689408,0.9518941938877106,10.167575962424658,0.342428743613895,10.861298561096191,0.8724609375,0.0066450357912507,0.9,0.8880208333333335,0.0079090132962303,0.9333333333333332,0.0294921875,0.0058189010922096,0.0,0.8427083333333334,0.0104635072236766,0.8666666666666667,0.2113932291666667,0.0113108267810519,0.2,,,,,,,,,,,,,,,,0.0785790650078108,0.004986219605093,0.0599145299145299,0.0342539086523362,0.0042514156586209,0.0150263044999887,0.0208959424730151,0.0038550712107754,0.0035213013936418,0.6158495570253635,0.0059179191540552,0.624481226766805,0.3270423189978734,0.0059582649195121,0.3245283018867925,0.4439036922198155,0.0066020474519577,0.4465749414519906,1.0061016016134126,0.404685589033852,0.0,581888.2409150979,250900.0,10.287395762995487,11.02406250369566,2.4351941269674118,0.5413469814995939,0.1809899022277401,,,,,,,
PMark,pmark,online,rejection,sentence-nltk,,,sentence,nltk,,,64.0,attack,direct,adp-K8,adaptive,K8-positional-bge,8.0,bge,positional,Qwen2.5-3B-Instruct,sentence-nltk,,,,,1024,3,c4-val-def-256|c4-val-def-256b|c4-val-def-512,1.2815515594457412,1.6448536269514722,2.3263478740408408,0.8140300505322939,0.482421875,0.345703125,0.1552734375,0.654296875,1.3424489163671751,5.483870753902011,4.141421837534836,,,,,,,,,,0.654296875,0.6533203125,0.650390625,0.64453125,0.6337890625,0.619140625,0.58203125,0.5341796875,0.4482421875,0.3115234375,0.119140625,0.58203125,0.8447265625,0.84375,0.8408203125,0.8330078125,0.8203125,0.802734375,0.75390625,0.6884765625,0.5712890625,0.390625,0.15234375,0.75390625,0.8447265625,0.8935546875,0.472973228554101,0.1909449453709421,0.0,0.4969463312963103,0.0074817427281287,0.4936708860759494,0.1543665171481038,0.0084247371055811,0.125,54.0703125,1.2230955690349126,53.0,0.0636226252010247,0.0038667481417352,0.048582995951417,0.1418093295255807,0.0069915766551066,0.1200000000000001,0.3329219029545076,0.0053809805267436,0.3240074997962012,0.5870712321263393,0.0063479837634715,0.5882352941176471,0.1052579081523035,0.0079789175972817,0.0833333333333333,0.9249806614825502,0.0013890357358318,0.9264828264713288,0.9309611418284476,0.0014202668767234,0.9325627982616423,0.9192962350789458,0.0015731196394729,0.921403795480728,0.96573399060192,0.0025999100502369,0.9739410915881505,0.9585022320970892,0.0014413331080722,0.9638225436210632,9.721878944439448,0.2958989266462637,10.055599212646484,0.9160319010416668,0.0053361506410729,0.9499999999999998,0.9320963541666668,0.0058245791958038,1.0,0.0186848958333333,0.0042517816136584,0.0,0.8895833333333334,0.0086735719256521,0.9333333333333332,0.1388671875,0.0092398635270266,0.0666666666666666,,,,,,,,,,,,,,,,0.0679091612931451,0.0035153306783479,0.0579710144927536,0.0246756738762961,0.0028516181940591,0.0136986301369863,0.0127086176680214,0.0025374862968911,0.0031797225704695,0.6670780970454924,0.0053809805267436,0.6759925002037988,0.3854006351236997,0.0064008247112703,0.3834474885844748,0.5218900374013157,0.0066953372275589,0.5233101499673984,0.6200976983783597,0.3576712066757851,0.0,563045.242175341,247560.0,10.325606076668974,11.062762990878117,2.502608863925567,0.7557842086326411,0.2259462690518661,,,,,,,
PMark,pmark,online,rejection,sentence-nltk,,,sentence,nltk,,,64.0,attack,direct,dipper-l20-o20,dipper,lex20-order20,,,,,,,,20.0,20.0,1024,3,c4-val-def-256|c4-val-def-256b|c4-val-def-512,1.2815515594457412,1.6448536269514722,2.3263478740408408,0.9150066181972364,0.7431640625,0.640625,0.408203125,0.359375,2.090422946794206,5.470444341335679,3.3800213945414725,,,,,,,,,,0.359375,0.359375,0.3583984375,0.353515625,0.3408203125,0.3310546875,0.2890625,0.251953125,0.2041015625,0.1123046875,0.0390625,0.2890625,0.591796875,0.591796875,0.58984375,0.5830078125,0.564453125,0.5419921875,0.484375,0.423828125,0.3359375,0.1953125,0.080078125,0.484375,0.591796875,0.8359375,1.1355304158993145,0.2458209974655868,0.0,0.6479108345312452,0.006924329450051,0.6538461538461539,0.0837592309651133,0.0060835057203688,0.0833333333333333,70.99609375,1.4725331848365415,70.0,0.0411891160016935,0.0026443290112486,0.0341931103857118,0.0658344753343717,0.0050134104612419,0.0476190476190476,0.2007824015222975,0.0038691407703068,0.1961987248887284,0.3673213562660036,0.0058729770026501,0.3664835164835164,0.0379287188846012,0.0049365156450698,0.0,0.94776796316728,0.001108546328238,0.9508246183395386,0.9543327775900252,0.0009784294469103,0.9563845992088318,0.9413948904257268,0.0013474883933344,0.945355236530304,0.937234860624616,0.0034105528688214,0.947241902834008,0.9686110814800486,0.0013256955050052,0.9739895761013032,7.891386692086836,0.2768976663817257,8.016364574432373,0.8965169270833333,0.005629255891483,0.9166666666666666,0.8895833333333334,0.0069597800659796,0.9333333333333332,0.0139322916666666,0.0038029694955387,0.0,0.8287760416666667,0.0100862584357117,0.8666666666666667,0.118359375,0.0086408688664539,0.0666666666666666,,,,,,,,,,,,,,,,0.093313478579605,0.0038743919504453,0.0816326530612244,0.0359434462160357,0.0031795753119557,0.0231073607932875,0.0195117315707744,0.0027776131149456,0.0071306912067519,0.7992175984777025,0.0038691407703068,0.8038012751112715,0.5954462248149404,0.0059382358417654,0.5946078431372549,0.6643503787772905,0.0055515783900044,0.6646506815913369,0.5376914425435083,0.2163194251949524,0.0,540120.8453357567,261462.0,10.214036186689055,11.096702763498016,2.45296096015344,0.9792769915161426,0.4244206548312755,,,,,,,
PMark,pmark,online,rejection,sentence-nltk,,,sentence,nltk,,,64.0,attack,direct,dipper-l20-o40,dipper,lex20-order40,,,,,,,,20.0,40.0,1024,3,c4-val-def-256|c4-val-def-256b|c4-val-def-512,1.2815515594457412,1.6448536269514722,2.3263478740408408,0.8756241700851968,0.6494140625,0.50390625,0.2509765625,0.49609375,1.6512919185672104,5.478095418234261,3.826803499667051,,,,,,,,,,0.4951171875,0.4921875,0.4892578125,0.486328125,0.4775390625,0.4638671875,0.408203125,0.3515625,0.2685546875,0.162109375,0.0732421875,0.408203125,0.748046875,0.7451171875,0.7421875,0.7373046875,0.716796875,0.693359375,0.611328125,0.5322265625,0.4033203125,0.2412109375,0.1005859375,0.611328125,0.7490234375,0.826171875,1.3175357485113612,0.3223354590507137,0.0,0.6408664448398067,0.0070071041384833,0.6428571428571429,0.0798137565049329,0.0060353714457241,0.0833333333333333,70.177734375,1.454731927775237,71.0,0.0976760094191293,0.0043199144642379,0.0907491122754664,0.0629955826920351,0.0047585759412988,0.0476190476190476,0.2056318745985652,0.0042839755078048,0.1990978008260856,0.3799591989151731,0.0060359342719232,0.3729705866849402,0.0370040709356259,0.0047155810897396,0.0,0.9424452383536844,0.0012360974235245,0.9450623691082,0.9488744423724712,0.0012681232678208,0.9512357413768768,0.9362335594487377,0.0013412353783866,0.9392907619476318,0.9352765227395896,0.0039969967528655,0.9471153846153846,0.962335720367264,0.0016717041330097,0.9685871005058287,8.266470857112461,0.3309023332874689,8.404673099517822,0.8896647135416667,0.0057512689851366,0.9,0.8864583333333335,0.0071322250302948,0.9333333333333332,0.0166666666666666,0.0041887583602531,0.0,0.8190104166666667,0.0102926987681652,0.8666666666666667,0.1301432291666666,0.0088282004348465,0.0666666666666666,,,,,,,,,,,,,,,,0.0946747908100543,0.0042951968143449,0.0826075088711879,0.0373122832288654,0.0037053833393164,0.0228572257858531,0.0208858398021048,0.0033620508285435,0.0075331971399387,0.7943681254014348,0.0042839755078048,0.8009021991739144,0.5832913258039013,0.0061415200949249,0.5876868096166342,0.5762859900485605,0.0052069443042376,0.5705387205387207,0.3437002078998197,0.1291073519081555,0.0,552456.3669024582,261554.0,10.19603777926917,11.077337454367331,2.466005907991441,0.9514584780876632,0.4139044577719593,,,,,,,
PMark,pmark,online,rejection,sentence-nltk,,,sentence,nltk,,,64.0,attack,direct,dipper-l20-o80,dipper,lex20-order80,,,,,,,,20.0,80.0,1024,3,c4-val-def-256|c4-val-def-256b|c4-val-def-512,1.2815515594457412,1.6448536269514722,2.3263478740408408,0.8635622904337996,0.603515625,0.455078125,0.23046875,0.544921875,1.559303802029273,5.474474839647883,3.9151710376186095,,,,,,,,,,0.5439453125,0.54296875,0.5400390625,0.5322265625,0.5166015625,0.48046875,0.3955078125,0.330078125,0.228515625,0.115234375,0.0458984375,0.3955078125,0.767578125,0.7666015625,0.763671875,0.7548828125,0.728515625,0.68359375,0.56640625,0.478515625,0.34375,0.171875,0.068359375,0.56640625,0.76953125,0.748046875,1.2379359888447217,0.283418062595796,0.0,0.5939114382876096,0.0064740462008099,0.5979886800080857,0.083458847797083,0.0064655643967816,0.0833333333333333,65.0849609375,1.3614170392590617,65.0,0.1759632412741102,0.0066844778435681,0.1514416459631264,0.0715578569164662,0.0053891174015505,0.0476190476190476,0.2341233307786888,0.003943884110697,0.2317590554332599,0.4476604623986158,0.0058207150717665,0.4482043210759765,0.0480682299870731,0.0052303315993448,0.0,0.9332423777668736,0.0010188394929325,0.9351187944412231,0.9395572754438036,0.0009509161134002,0.9413864612579346,0.9271122927893884,0.0012079791070927,0.929418534040451,0.9311755038324344,0.003699011703696,0.9414144220711296,0.9531307302240748,0.0018434579763716,0.9591564536094666,9.093132893442396,0.2780304502796061,9.435237407684326,0.8682291666666666,0.0060114863274041,0.8833333333333333,0.8763671875000001,0.0069625016363882,0.8666666666666667,0.0193359375,0.0046276558880268,0.0,0.7915364583333334,0.0106229097289143,0.8000000000000002,0.1756510416666666,0.0095352360837507,0.1333333333333333,,,,,,,,,,,,,,,,0.0990673345067789,0.0040535660885598,0.0880736910148675,0.0382092973155929,0.0033812094045429,0.0252404210781785,0.0207577666877323,0.0030168606373168,0.008791251255893,0.7658766692213113,0.003943884110697,0.76824094456674,0.5208987898538006,0.005672098903828,0.5187383866493356,0.4435711908727481,0.0042411050032685,0.4386061756080731,0.6996738547507704,0.283563323194656,0.0,580103.0122159235,262785.0,10.178854730489803,11.081923181983578,2.39832237870258,0.9548035183549576,0.3542952619955324,,,,,,,
PMark,pmark,online,rejection,sentence-nltk,,,sentence,nltk,,,64.0,attack,direct,dipper-l40-o20,dipper,lex40-order20,,,,,,,,40.0,20.0,1024,3,c4-val-def-256|c4-val-def-256b|c4-val-def-512,1.2815515594457412,1.6448536269514722,2.3263478740408408,0.902435581329347,0.69921875,0.576171875,0.3486328125,0.423828125,1.928668211316733,5.478015376438634,3.549347165121901,,,,,,,,,,0.423828125,0.421875,0.4189453125,0.4072265625,0.39453125,0.3681640625,0.298828125,0.2509765625,0.181640625,0.0927734375,0.0244140625,0.298828125,0.650390625,0.6455078125,0.6416015625,0.6259765625,0.603515625,0.5654296875,0.47265625,0.388671875,0.2734375,0.142578125,0.05078125,0.47265625,0.6513671875,0.74609375,1.3920168437491736,0.3334470274985434,0.0,0.5348034046378165,0.0066916617789336,0.536041237113402,0.1051544098602922,0.0070654594537232,0.0909090909090909,58.0322265625,1.1754547918893268,58.0,0.0510653462538454,0.0028729261530342,0.0425306222519008,0.0832494748549157,0.0054985440838904,0.0588235294117647,0.2709891348711082,0.0040092368309596,0.2672969999702672,0.5077762242233195,0.0057365167694584,0.5102566799915842,0.0484441066902929,0.0051783738522458,0.0,0.9335459339199588,0.0012610651792733,0.936839073896408,0.939597442455124,0.0013176332262956,0.9425613880157472,0.9277200845535843,0.0013665947589695,0.9313190281391144,0.9294017377863016,0.0041018247412744,0.94,0.9565430989605376,0.0015912960457405,0.9632079005241394,8.60742405445826,0.2878542244643833,8.676312923431396,0.8606933593749999,0.0062428259616052,0.8666666666666667,0.8735677083333335,0.0071222281491237,0.8666666666666667,0.0199869791666666,0.0045781468429039,0.0,0.7694010416666668,0.0107943694520142,0.8000000000000002,0.1802083333333333,0.0100931682915328,0.1333333333333333,,,,,,,,,,,,,,,,0.1020312949001341,0.0043889529804298,0.091589072505103,0.040038390321996,0.0037866308052261,0.0255068254429277,0.0221712243835864,0.0034163743415361,0.0076777977541336,0.7290108651288918,0.0040092368309596,0.7327030000297328,0.4654596702478553,0.0056490075377969,0.4625222385218015,0.5815610072402676,0.0054235876247741,0.5823777526545298,0.5295270720649856,0.2309870832678808,0.0,562592.8733081683,261352.0,10.144284387265632,11.0671832736851,2.4055016532627578,0.9795044428993206,0.2973662795773157,,,,,,,
PMark,pmark,online,rejection,sentence-nltk,,,sentence,nltk,,,64.0,attack,direct,dipper-l80-o20,dipper,lex80-order20,,,,,,,,80.0,20.0,1024,3,c4-val-def-256|c4-val-def-256b|c4-val-def-512,1.2815515594457412,1.6448536269514722,2.3263478740408408,0.8127085982140769,0.4921875,0.376953125,0.1748046875,0.623046875,1.3076774989398814,5.48726687526505,4.179589376325168,,,,,,,,,,0.552734375,0.521484375,0.4892578125,0.416015625,0.306640625,0.2177734375,0.1201171875,0.076171875,0.0302734375,0.0068359375,0.001953125,0.1201171875,0.736328125,0.6953125,0.6572265625,0.55859375,0.41796875,0.2958984375,0.16796875,0.1064453125,0.0439453125,0.01171875,0.001953125,0.16796875,0.8251953125,0.208984375,0.6459241965011822,0.120749613019379,0.0,0.2893407614510409,0.0064332369499603,0.2857142857142857,0.1593895776588084,0.009447139241127,0.125,31.486328125,0.8399655606901341,31.0,0.1393782875222094,0.0076957947017927,0.1126481531037697,0.1320881779220036,0.0079083264064785,0.111111111111111,0.46404023298552,0.0060833556335581,0.4487684231778719,0.7681912019441456,0.0058386677959681,0.7676160613187004,0.0782157222992203,0.0076377777730694,0.0,0.8858723067096435,0.0017658262060199,0.8892559707164764,0.8920120271504857,0.0017578577249397,0.8960054814815521,0.8799696940695867,0.0018975218395431,0.8835601508617401,0.9268614680597328,0.0028856167017954,0.9327731092436976,0.8642724042583723,0.0057638043719237,0.8906651437282562,12.202148870590522,0.4958862510788545,12.41890287399292,0.6900227864583333,0.0086254109061625,0.7000000000000001,0.7035807291666667,0.0116410609650875,0.7333333333333334,0.0716796874999999,0.0089427034420117,0.0,0.5455729166666666,0.0120306028492976,0.5333333333333333,0.4173828125000001,0.0112313169105135,0.4000000000000001,,,,,,,,,,,,,,,,0.1039838811271009,0.0034241166223698,0.0982905982905982,0.0318939129896678,0.0022988660351672,0.0234834558823529,0.0138892610102235,0.0016853235534222,0.0068571518134227,0.53595976701448,0.0060833556335581,0.5512315768221281,0.2166211064159091,0.0052344518496372,0.2153156260779579,0.35464725679269,0.0058230236663399,0.3540865568747606,0.3399188701923077,0.1770730807669067,0.0,622316.0289923603,248766.0,9.92015317586004,10.99521841302029,2.252165438120844,0.7444071067867976,0.1076184816799707,,,,,,,
PMark,pmark,online,rejection,sentence-nltk,,,sentence,nltk,,,64.0,attack,direct,parrot,parrot,default,,,,,,,,,,1024,3,c4-val-def-256|c4-val-def-256b|c4-val-def-512,1.2815515594457412,1.6448536269514722,2.3263478740408408,0.9822137502859686,0.9462890625,0.9306640625,0.890625,0.0693359375,4.218037591490429,5.476428415684495,1.2583908241940662,,,,,,,,,,0.0693359375,0.068359375,0.068359375,0.068359375,0.06640625,0.0654296875,0.060546875,0.048828125,0.0283203125,0.0126953125,0.00390625,0.060546875,0.109375,0.1083984375,0.1083984375,0.1083984375,0.1064453125,0.10546875,0.0947265625,0.080078125,0.0517578125,0.0234375,0.0087890625,0.0947265625,0.109375,0.8583984375,1.019048829852411,0.2495837147916628,0.0,0.7314583599759736,0.0051683807078492,0.74,0.0107933828061154,0.002849438783258,0.0,81.357421875,1.7304102419539102,82.0,0.008507403950757,0.0008470859575443,0.0021945866861741,0.0098775616100165,0.0021396047968033,0.0,0.1586546178072526,0.002838188459354,0.1517764330264329,0.3149503380033891,0.0047720034427128,0.3076923076923077,0.0072842083370976,0.0016718388467765,0.0,0.9271263689151964,0.0011234806274998,0.9293789863586426,0.9318503742688335,0.0010538020244757,0.9340164959430696,0.9225117186433636,0.0012706990613211,0.9252972900867462,0.9453290236137352,0.0033516194955159,0.9564268084298462,0.9694140008068644,0.0010137532926564,0.973171591758728,12.786405244521715,0.5851995885429726,13.021676063537598,0.885888671875,0.0047795234311447,0.8999999999999999,0.8802083333333335,0.0060489910174209,0.8666666666666667,0.0112630208333333,0.0039140998855851,0.0,0.7473307291666667,0.010505662290567,0.7333333333333334,0.0727213541666666,0.0062309889909636,0.0,,,,,,,,,,,,,,,,0.0786745668158812,0.0036767085050772,0.0679285714285714,0.0294529488414134,0.0030796375771855,0.0166389811738649,0.0155974473460667,0.0027283135474585,0.0036632002683663,0.8413453821927475,0.002838188459354,0.848223566973567,0.6577697638218116,0.0043366259863336,0.6642857142857141,0.7431129172862048,0.0035199973141403,0.7479214168912227,0.6953170527389279,0.2379935705842464,0.0,653655.0186495736,256498.0,10.27761349066209,11.09224983928772,2.072310392846316,0.2450963954619271,0.3735461993934709,,,,,,,
PMark,pmark,online,rejection,sentence-nltk,,,sentence,nltk,,,64.0,attack,direct,parrot-bigram,parrot,bigram,,,,,,,,,,1024,3,c4-val-def-256|c4-val-def-256b|c4-val-def-512,1.2815515594457412,1.6448536269514722,2.3263478740408408,0.9873068561830836,0.9677734375,0.9541015625,0.90625,0.0458984375,4.441113118562498,5.481011579908227,1.0398984613457287,,,,,,,,,,0.0458984375,0.044921875,0.044921875,0.044921875,0.044921875,0.0419921875,0.041015625,0.0341796875,0.021484375,0.013671875,0.001953125,0.041015625,0.09375,0.0927734375,0.0927734375,0.0927734375,0.0927734375,0.08984375,0.0869140625,0.0751953125,0.0517578125,0.0322265625,0.009765625,0.0869140625,0.09375,0.9189453125,1.0530179881348831,0.2573174916683051,0.0,0.7679594672813448,0.0044133885028652,0.7763471822295351,0.0083760863143821,0.0026362980523694,0.0,85.1044921875,1.7449453958466847,86.0,0.0057587141523256,0.0005999444452445,0.0,0.0082970476538644,0.0029680767269953,0.0,0.1339049035363731,0.0024011501432989,0.1278510742264466,0.2755314521630546,0.0039125159861327,0.2678295595825641,0.0056537678232095,0.0023219570645292,0.0,0.9344537055003456,0.0011642205396605,0.93665212392807,0.9387748240260408,0.0011043148242438,0.9408663511276244,0.930225025047548,0.0012893014890406,0.9329605400562286,0.9463007502925452,0.0034580478267941,0.957345971563981,0.975062849058304,0.0008832088541231,0.978518933057785,11.917603063410072,0.6328674343883799,12.082547187805176,0.9103352864583334,0.004359473038429,0.9166666666666666,0.9052083333333334,0.0057923787976478,0.9333333333333332,0.0069010416666666,0.002934267754766,0.0,0.7766276041666667,0.0104050992727786,0.8000000000000002,0.03359375,0.0044017224088543,0.0,,,,,,,,,,,,,,,,0.0776606009660451,0.0037893254121736,0.0661570183629007,0.0296285406701272,0.0032021302347327,0.0161616821209351,0.0161128623823828,0.0028421603374902,0.0036166483545231,0.8660950964636269,0.0024011501432989,0.8721489257735533,0.7030226311250901,0.0036568777313025,0.708214043479813,0.797288720586947,0.0030102916159995,0.8025754037884963,0.727243134469697,0.2513639551016684,0.0,642884.225240224,259435.0,10.320480962697763,11.116601106017423,2.0664828569013327,0.2773666184424846,0.395135638324503,,,,,,,
PMark,pmark,online,rejection,sentence-nltk,,,sentence,nltk,,,64.0,attack,direct,pegasus,pegasus,default,,,,,,,,,,1024,3,c4-val-def-256|c4-val-def-256b|c4-val-def-512,1.2815515594457412,1.6448536269514722,2.3263478740408408,0.9841297288942088,0.9482421875,0.93359375,0.8974609375,0.06640625,4.058415246783625,5.482158742845058,1.4237434960614337,,,,,,,,,,0.06640625,0.0654296875,0.0654296875,0.0634765625,0.0615234375,0.05078125,0.0419921875,0.0341796875,0.0166015625,0.0048828125,0.001953125,0.0419921875,0.1025390625,0.1005859375,0.1005859375,0.0966796875,0.091796875,0.0810546875,0.0673828125,0.052734375,0.029296875,0.0087890625,0.0029296875,0.0673828125,0.1025390625,0.7041015625,3.540251849428913,0.5292771854875854,0.0,0.6184062964577101,0.0060249248105749,0.6219479917951433,0.0076323186617304,0.0017860657153439,0.0,68.5615234375,1.4950985761083329,68.0,0.008348499410108,0.0008348096295687,0.0007916220263268,0.0071978219943431,0.0013464208316136,0.0,0.2309161729774854,0.0057891552149976,0.2089410589410589,0.3012517481314266,0.0052766192375698,0.2959736868202704,0.0061184947949653,0.0015510917695022,0.0,0.9233127325423992,0.0023475034956322,0.9342161417007446,0.9325405455310828,0.003469711789742,0.9506806433200836,0.9155357607523912,0.0015715430196991,0.9195924699306488,0.9164833254972576,0.0057194659493911,0.945759783319324,0.9476910670637152,0.0022625144801249,0.9562740325927734,7.1928485621370575,0.4117208683892795,9.47631025314331,0.8407552083333334,0.0062291926049026,0.85,0.7903645833333335,0.0073719786793266,0.8000000000000002,0.0209635416666666,0.0050072749049574,0.0,0.6936848958333334,0.0107765976093787,0.6666666666666666,0.1000651041666666,0.0097374856867845,0.0,,,,,,,,,,,,,,,,0.1415600588071179,0.0106680522395573,0.0806439174860227,0.0898809969565837,0.0110226464473361,0.0210748389962247,0.0763928376368299,0.0110530999100991,0.005649897854954,0.7690838270225144,0.0057891552149976,0.791058941058941,0.5959062387853766,0.0062759174449591,0.606060606060606,0.6538046347606581,0.0059744243191048,0.6629880381322484,0.814422800506785,0.2574898933316991,0.0,498030.9058021024,252412.0,9.514488259225017,10.313346300764366,2.2899428839935148,0.9849897863645036,0.4080855164009715,,,,,,,
PMark,pmark,online,rejection,sentence-nltk,,,sentence,nltk,,,64.0,attack,direct,pegasus-bigram,pegasus,bigram,,,,,,,,,,1024,3,c4-val-def-256|c4-val-def-256b|c4-val-def-512,1.2815515594457412,1.6448536269514722,2.3263478740408408,0.9851122560968094,0.9541015625,0.9384765625,0.890625,0.0615234375,4.052589366361644,5.474928565512528,1.4223391991508834,,,,,,,,,,0.0615234375,0.0595703125,0.05859375,0.05859375,0.056640625,0.0537109375,0.046875,0.0400390625,0.0224609375,0.0087890625,0.001953125,0.046875,0.109375,0.10546875,0.103515625,0.103515625,0.099609375,0.0927734375,0.080078125,0.0703125,0.0419921875,0.013671875,0.0029296875,0.080078125,0.109375,0.7490234375,1.856239805704624,0.3646253210833455,0.0,0.5690208801247523,0.0051744349407549,0.5724387806096951,0.0103623169734824,0.0019767598276676,0.0,62.6083984375,1.2904687078423978,63.0,0.0149376849882153,0.0011075379257081,0.0091848450057405,0.0105840727362285,0.0015707239421291,0.0,0.2457024543330512,0.0041260383481665,0.234567901234568,0.4265363868315185,0.0053467595146048,0.4222222222222222,0.0098591961961207,0.0019969923832283,0.0,0.9272665022290312,0.0014902960701901,0.9320303797721864,0.9400532441213728,0.0020563438350331,0.9465171098709106,0.9153370794956572,0.001294764252485,0.9181224703788756,0.9342568746430386,0.004290023040652,0.9514225997842504,0.953780781943351,0.0015128795364097,0.960016131401062,9.48351196953242,0.3615108184812648,10.607396125793455,0.85205078125,0.0057760058569143,0.8666666666666667,0.8149088541666668,0.0068256150618852,0.8000000000000002,0.0251953125,0.0058526908243589,0.0,0.7004557291666667,0.0103758646409535,0.7333333333333334,0.0819661458333333,0.0078926077243388,0.0,,,,,,,,,,,,,,,,0.1028983340000523,0.0071029011638923,0.0747394994091739,0.0499746874940433,0.0070909725075079,0.0174418604651163,0.0365313824638689,0.0070048325529676,0.0041152263374485,0.7542975456669487,0.0041260383481665,0.765432098765432,0.5036287728170376,0.0050803208495595,0.5064984580339088,0.6053203213630863,0.0046963170277,0.6072962182723339,0.7857474556693307,0.2705748797627168,0.0,508736.7973463547,226150.0,9.88867742710696,10.747904306144594,2.3226956991234173,0.9870077258621,0.289043584283244,,,,,,,
PMark,pmark,online,rejection,sentence-nltk,,,sentence,nltk,,,64.0,watermark,direct,none,none,none,,,,,,,,,,1024,3,c4-val-def-256|c4-val-def-256b|c4-val-def-512,1.2815515594457412,1.6448536269514722,2.3263478740408408,0.994445112397324,0.9814453125,0.9716796875,0.9560546875,0.0283203125,5.484451507567428,5.484451507567428,0.0,64.0,64.0,64.0,11422.0,11422.0,1.0,64.0,64.0,64.0,,,,,,,,,,,,,,,,,,,,,,,,,,,1.3869756049866395,0.3318426482906501,0.0,,,,,,,,,,,,,,,,,,,,,,,,,,,,,,,,,,0.9449629245158924,0.0039642037372197,0.9584770114942528,,,,6.257219835583878,0.2287531287288832,6.522282361984253,,,,,,,,,,,,,,,,0.8603190104166667,0.0118368833046604,0.95,0.8527994791666667,0.0137760416782342,1.0,0.9280598958333336,0.0082879121066351,1.0,0.8108072916666667,0.0138519635024262,0.8666666666666667,0.849609375,0.0155394111981123,1.0,0.0844945113296055,0.004330836837308,0.0699790405672758,0.0355120617381813,0.003856002672968,0.0191235181178191,0.0213344754818711,0.0035812985666198,0.0058395280638341,,,,,,,,,,0.6432694909257409,0.2289662269959915,0.0,548292.5564597661,299003.0,10.43458519294768,11.244634937265058,2.541822968622931,0.2485017345219952,,,,,,,,
SAMark,samark,flags-run,rejection,sentence-nltk,run,2.0,sentence,nltk,,,64.0,attack,direct,adp-K16,adaptive,K16-positional-bge,16.0,bge,positional,Qwen2.5-3B-Instruct,sentence-nltk,,,,,1024,3,c4-val-def-256|c4-val-def-256b|c4-val-def-512,5.547309398651123,7.020670413970947,13.52917194366455,0.8405857086181641,0.6259765625,0.4765625,0.15234375,0.5234375,8.976638291918789,19.627172156520828,10.65053386460204,,,,,,,,,,0.5224609375,0.5205078125,0.5185546875,0.5107421875,0.5048828125,0.4873046875,0.43359375,0.4052734375,0.326171875,0.212890625,0.091796875,0.43359375,0.8466796875,0.84375,0.8408203125,0.8310546875,0.8193359375,0.791015625,0.71484375,0.65625,0.5302734375,0.361328125,0.1533203125,0.71484375,0.84765625,0.8466796875,0.5973354076851433,0.2848541605070812,0.0,0.4536467564680138,0.0070171966901674,0.4453125,0.1510383616746948,0.0083974029728381,0.1180555555555555,50.79296875,1.155952106910482,50.0,0.0775085136588499,0.0044107020767873,0.0584951109610565,0.1446040613005618,0.0070433825618577,0.125,0.3651801109309044,0.0052328046661782,0.3602721088435374,0.6329670721646554,0.006240835601332,0.6344055584148225,0.1131817949650054,0.0080584475037759,0.1,0.9178177388384938,0.0013298190975971,0.9193872511386872,0.9241895120940172,0.0012799487488643,0.9260411858558656,0.9117539080325514,0.0016049969862136,0.914495199918747,0.968101622933826,0.003384598057443,0.9788546091362992,0.9494847059249878,0.0016850189760862,0.9550786018371582,10.958782401015364,0.4041883771556598,11.495861053466797,0.9034830729166666,0.0057709462432941,0.9333333333333332,0.9185546875,0.0067083952582276,0.9333333333333332,0.02265625,0.0049531300149029,0.0,0.879296875,0.0093359903731777,0.9333333333333332,0.1612630208333333,0.0097770610626751,0.1333333333333333,,,,,,,,,,,,,,,,0.0621436744840907,0.0038726464669623,0.0492517539931333,0.0230368500656223,0.003236259068816,0.0109490509490509,0.01212310744631,0.0029460392626316,0.0,0.6348198890690957,0.0052328046661782,0.6397278911564626,0.3417750372506395,0.0061862833790804,0.3387441967666523,0.4788374769571055,0.0064766388287902,0.4786967500953533,0.6779009338971547,0.3591284547162328,0.0,577924.1337142698,241391.0,10.342944591974232,11.11268742606148,2.407334629952957,0.6820669451717607,0.1976247922074048,,,,,,,
SAMark,samark,flags-run,rejection,sentence-nltk,run,2.0,sentence,nltk,,,64.0,attack,direct,adp-K4,adaptive,K4-positional-bge,4.0,bge,positional,Qwen2.5-3B-Instruct,sentence-nltk,,,,,1024,3,c4-val-def-256|c4-val-def-256b|c4-val-def-512,5.547309398651123,7.020670413970947,13.52917194366455,0.867645263671875,0.6884765625,0.5625,0.20703125,0.4375,10.13943473749896,19.627172156520828,9.487737419021869,,,,,,,,,,0.4375,0.435546875,0.4345703125,0.4345703125,0.431640625,0.42578125,0.4013671875,0.3818359375,0.32421875,0.2158203125,0.1064453125,0.4013671875,0.79296875,0.791015625,0.7890625,0.7880859375,0.783203125,0.7724609375,0.7294921875,0.685546875,0.5830078125,0.3994140625,0.205078125,0.7294921875,0.79296875,0.9150390625,0.3779177017704548,0.2162249120285327,0.0,0.4838000072237651,0.0070336649019311,0.4827586206896552,0.1512355973273829,0.0083272446314839,0.1111111111111111,54.3583984375,1.224511045139684,53.0,0.0596424257772938,0.0032923225796143,0.0470842977723072,0.138821183402827,0.0073923171421811,0.1181102362204725,0.3394585249509831,0.0051132443774025,0.3333333333333333,0.6023729010596102,0.0064439044030908,0.6032750653003818,0.1018473044884165,0.0080692149409018,0.0833333333333333,0.9253619380760938,0.0013085733422045,0.927633970975876,0.9318077500793152,0.0011654682988339,0.9336726665496826,0.9191526491194963,0.0015894289776477,0.9217600524425508,0.9699002157599036,0.002666399013092,0.9776571770880876,0.9567605935153553,0.0014823987337951,0.9616431295871736,10.451775338900582,0.3232241910093399,10.778035163879396,0.926953125,0.0048634909916048,0.9499999999999998,0.9421223958333336,0.005379194306939,1.0,0.0141276041666666,0.003798106349124,0.0,0.9092447916666668,0.0077792324101396,1.0,0.1294270833333333,0.0092385727763758,0.0666666666666666,,,,,,,,,,,,,,,,0.0602036658696154,0.0032805406092255,0.0509091657067631,0.0200672643832569,0.0026231681967243,0.0104348141695702,0.009608154138775,0.0023516494582776,0.0,0.6605414750490168,0.0051132443774025,0.6666666666666666,0.3751757058621762,0.0064779357879243,0.372718739603631,0.5213300729594874,0.0065981126485644,0.5248762376237623,0.4628505763451503,0.3030109689998457,0.0,570713.7936716352,243191.0,10.362164268934418,11.144495162764496,2.3820173039753563,0.8509205535903146,0.226072718380816,,,,,,,
SAMark,samark,flags-run,rejection,sentence-nltk,run,2.0,sentence,nltk,,,64.0,attack,direct,adp-K64,adaptive,K64-positional-bge,64.0,bge,positional,Qwen2.5-3B-Instruct,sentence-nltk,,,,,1024,3,c4-val-def-256|c4-val-def-256b|c4-val-def-512,5.547309398651123,7.020670413970947,13.52917194366455,0.8192510604858398,0.5703125,0.4345703125,0.125,0.5654296875,7.818352982787474,19.627172156520828,11.808819173733356,,,,,,,,,,0.5634765625,0.5615234375,0.5595703125,0.5458984375,0.5322265625,0.5078125,0.4541015625,0.400390625,0.291015625,0.1650390625,0.0751953125,0.4541015625,0.8720703125,0.8681640625,0.865234375,0.8466796875,0.8212890625,0.787109375,0.701171875,0.611328125,0.4541015625,0.259765625,0.109375,0.701171875,0.875,0.802734375,1.1863309103519142,0.4046776558577631,0.0,0.4213767858727765,0.0072491686052754,0.417156862745098,0.1580411476162425,0.0085681177014879,0.125,46.869140625,1.0802953460720093,45.0,0.0962605051642827,0.0053582684793107,0.0748983487219222,0.1525710147812195,0.0070821867077111,0.1346153846153847,0.3938804630422641,0.0057484492304837,0.3865151515151515,0.661923450179809,0.0062317262282045,0.6660470879801734,0.1195602224847971,0.0082742100959792,0.1,0.908848041202873,0.0016512847378803,0.9112793803215028,0.9141250487882644,0.0018760567478659,0.9184366166591644,0.9040216996218078,0.0017455565358846,0.9063271582126616,0.9593967676501208,0.0046822869094601,0.97703785721818,0.9399413061910308,0.0024723732360532,0.9489730596542358,10.897793521431227,0.3597772428290423,11.926523685455322,0.8788248697916665,0.0063363820929732,0.9,0.8986979166666668,0.0073018390018369,0.9333333333333332,0.025390625,0.005388695912508,0.0,0.8531901041666667,0.0099950946578323,0.9333333333333332,0.2111979166666667,0.0114486564509446,0.2,,,,,,,,,,,,,,,,0.0731607632376831,0.0054357397267706,0.0537804546073226,0.0323264956372989,0.0048159439304362,0.0122574183047452,0.0202584397238623,0.0045285884171431,0.0,0.6061195369577359,0.0057484492304837,0.6134848484848485,0.3117059973489668,0.0059819564683399,0.3049705036321973,0.4370241009717802,0.0066355770644144,0.4388239985378903,1.3187445443749557,0.5690307282916605,0.0,593468.8676374232,248463.0,10.299013677150572,11.06511553009473,2.34742061344938,0.5248141347539015,0.1741476101370916,,,,,,,
SAMark,samark,flags-run,rejection,sentence-nltk,run,2.0,sentence,nltk,,,64.0,attack,direct,adpbag-K1,adaptive,K1-bag-bge,1.0,bge,bag,Qwen2.5-3B-Instruct,sentence-nltk,,min,,,1024,3,c4-val-def-256|c4-val-def-256b|c4-val-def-512,5.547309398651123,7.020670413970947,13.52917194366455,0.8823432922363281,0.736328125,0.61328125,0.25390625,0.38671875,11.945350493428124,19.627172156520828,7.681821663092705,,,,,,,,,,0.3857421875,0.3857421875,0.384765625,0.380859375,0.37890625,0.376953125,0.365234375,0.3505859375,0.3203125,0.2490234375,0.1357421875,0.365234375,0.7451171875,0.7451171875,0.744140625,0.7373046875,0.734375,0.728515625,0.7021484375,0.673828125,0.61328125,0.4775390625,0.25390625,0.7021484375,0.74609375,0.9423828125,0.4421535199692571,0.2483075640359629,0.0,0.5386781032723307,0.0074063070327764,0.5378787878787878,0.1210350639039391,0.0075092420422881,0.0909090909090909,60.4658203125,1.3350850677367423,60.0,0.0421254479150287,0.0025025063703131,0.0323232323232323,0.10663582954265,0.00608948139831,0.0909090909090909,0.2948569065647566,0.0050456798223028,0.2891750622901093,0.54670390349103,0.0072287813036347,0.5476196865607557,0.0780675637511396,0.006535865903255,0.0,0.936366451147478,0.0012841928937874,0.9388785362243652,0.9420722657232544,0.0011315788792431,0.9440189599990844,0.9308303880970924,0.001527470669042,0.9342364370822906,0.9666693878409514,0.0029295547384981,0.9747686953569306,0.967782179475762,0.0012448624882443,0.9720794260501862,9.794701084735244,0.4126900339109686,10.087490558624268,0.9469889322916666,0.0045064644634118,0.9666666666666668,0.9581380208333334,0.0046389086638085,1.0,0.0115885416666666,0.0036846733168378,0.0,0.9304036458333332,0.0073457971340732,1.0,0.0889973958333333,0.0080879057187347,0.0,,,,,,,,,,,,,,,,0.0651880680614555,0.0036057399764397,0.0550942975114384,0.0226528354603389,0.0029576138709774,0.0122448979591837,0.0111329125652846,0.0026964820173429,0.0,0.7051430934352434,0.0050456798223028,0.7108249377098906,0.4363626295412235,0.0072970717369142,0.4318698843781514,0.5853165832715941,0.0068372342875091,0.5905809887395335,0.4059882124679458,0.3175454677380334,0.0,578542.6661635451,253542.0,10.368868177913498,11.17300758091583,2.403124460142085,0.929229506772465,0.2837654427214117,,,,,,,
SAMark,samark,flags-run,rejection,sentence-nltk,run,2.0,sentence,nltk,,,64.0,attack,direct,adpbag-K16,adaptive,K16-bag-bge,16.0,bge,bag,Qwen2.5-3B-Instruct,sentence-nltk,,min,,,1024,3,c4-val-def-256|c4-val-def-256b|c4-val-def-512,5.547309398651123,7.020670413970947,13.52917194366455,0.7967033386230469,0.5537109375,0.396484375,0.103515625,0.603515625,7.421110313080135,19.627172156520828,12.206061843440692,,,,,,,,,,0.599609375,0.5966796875,0.5908203125,0.580078125,0.5576171875,0.53515625,0.453125,0.369140625,0.2685546875,0.1474609375,0.060546875,0.453125,0.890625,0.8876953125,0.8798828125,0.8642578125,0.83203125,0.7880859375,0.6708984375,0.537109375,0.376953125,0.2021484375,0.0771484375,0.6708984375,0.896484375,0.7529296875,0.4507415301924407,0.2307175758558513,0.0,0.3807372470541456,0.0069972979067224,0.3739190465809171,0.2033911410782022,0.0090652666626775,0.2,42.154296875,0.9984294068259,41.0,0.1023409812657115,0.0048514131916352,0.0873981890953873,0.2003828499836742,0.0077593047517367,0.1818181818181818,0.4196714095149605,0.0055762055380811,0.412449460916442,0.7111528728531646,0.0061360968711711,0.7136645962732919,0.1638251673166298,0.009439340869322,0.1428571428571428,0.9052979684784076,0.0014579716642157,0.9070468842983246,0.9125751332612708,0.0014532681709372,0.9151738286018372,0.8984020702773705,0.0017157590353955,0.9009076058864594,0.9688259534449236,0.002902245861603,0.9776661013567438,0.939445954922121,0.0020620075957304,0.9474660456180573,11.332825328507782,0.3578361393973589,11.739254474639893,0.8600260416666666,0.0064712214360172,0.8666666666666667,0.8863281250000001,0.007469203609343,0.9333333333333332,0.0274739583333333,0.0053071713990978,0.0,0.8276041666666667,0.0107109282056958,0.8666666666666667,0.2463541666666666,0.0106807621640899,0.2666666666666666,,,,,,,,,,,,,,,,0.0612503109048645,0.0035900832895106,0.0516923272681002,0.0203830976424361,0.0028731983528432,0.0102390271176964,0.00996202217147,0.002560646620264,0.0,0.5803285904850395,0.0055762055380811,0.587550539083558,0.2672425157600451,0.0058319273682624,0.259751195132551,0.3960580966483645,0.0062700174941244,0.3895417886538143,0.6135175834572137,0.3387431956501209,0.0,569752.8581180063,234688.0,10.315672845214657,11.10200606470496,2.4162001324896423,0.7282097495838948,0.1353428688339917,,,,,,,
SAMark,samark,flags-run,rejection,sentence-nltk,run,2.0,sentence,nltk,,,64.0,attack,direct,adpbag-K2,adaptive,K2-bag-bge,2.0,bge,bag,Qwen2.5-3B-Instruct,sentence-nltk,,min,,,1024,3,c4-val-def-256|c4-val-def-256b|c4-val-def-512,5.547309398651123,7.020670413970947,13.52917194366455,0.8618535995483398,0.6875,0.546875,0.1826171875,0.453125,9.939217104081765,19.627172156520828,9.687955052439063,,,,,,,,,,0.453125,0.4521484375,0.4521484375,0.4521484375,0.4453125,0.4375,0.41796875,0.3828125,0.326171875,0.2412109375,0.1240234375,0.41796875,0.81640625,0.8134765625,0.8115234375,0.810546875,0.7958984375,0.7841796875,0.7490234375,0.6953125,0.5966796875,0.4453125,0.2138671875,0.7490234375,0.8173828125,0.9208984375,0.3218022554617038,0.1821071805437517,0.0,0.4832560122612227,0.0070251999765073,0.4725841088045812,0.1620335657014026,0.008641624529604,0.1666666666666666,54.1708984375,1.2130014059443648,53.0,0.0553760454796031,0.0029015199463138,0.0446281063528014,0.1463948842292626,0.0070610439701139,0.1271284271284271,0.3363593108469422,0.0049311013959264,0.3333333333333333,0.609435607108588,0.0065774835818539,0.6134848484848485,0.1086012637695335,0.0078614438344926,0.0909090909090909,0.926354993658606,0.001315872737912,0.9280840456485748,0.9325440834509208,0.0011785847681644,0.9339914321899414,0.9203737064963208,0.0015713665255554,0.9226579368114473,0.9687993966215164,0.0024255852540398,0.9758454106280192,0.9602471948601304,0.0013437246505194,0.964842051267624,10.383895817834556,0.3144330416218344,10.66184425354004,0.9280924479166668,0.0051044956849935,0.95,0.9487630208333334,0.0051096551604824,1.0,0.0160807291666666,0.0044852476448232,0.0,0.908203125,0.0081866694436252,1.0,0.128515625,0.0092599165016595,0.0666666666666666,,,,,,,,,,,,,,,,0.0624032845334435,0.0030761832113146,0.0542986425339366,0.0200192137030372,0.0022905360688978,0.0107047364400305,0.0089381310318658,0.0019518817930912,0.0,0.6636406891530577,0.0049311013959264,0.6666666666666667,0.3720848310110614,0.006520162985085,0.3655769376467914,0.5215270193314046,0.006534680699543,0.5191606477457767,0.3326909021030582,0.2661778446082933,0.0,577149.2855186672,246618.0,10.37536743702623,11.17047604212526,2.41165137955378,0.9000158106133489,0.2223222609306229,,,,,,,
SAMark,samark,flags-run,rejection,sentence-nltk,run,2.0,sentence,nltk,,,64.0,attack,direct,adpbag-K32,adaptive,K32-bag-bge,32.0,bge,bag,Qwen2.5-3B-Instruct,sentence-nltk,,min,,,1024,3,c4-val-def-256|c4-val-def-256b|c4-val-def-512,5.547309398651123,7.020670413970947,13.52917194366455,0.7797451019287109,0.4912109375,0.3447265625,0.0908203125,0.6552734375,7.092165353315068,19.627172156520828,12.53500680320576,,,,,,,,,,0.64453125,0.63671875,0.634765625,0.607421875,0.568359375,0.5205078125,0.4287109375,0.3486328125,0.2373046875,0.1181640625,0.0537109375,0.4287109375,0.896484375,0.8857421875,0.87890625,0.8447265625,0.79296875,0.72265625,0.591796875,0.4814453125,0.3125,0.1513671875,0.068359375,0.591796875,0.9091796875,0.65625,1.1448923067899968,0.4582757119212515,0.0,0.3586718690211977,0.0073142800182878,0.3478260869565217,0.2018467661382203,0.0096828763831583,0.1818181818181818,39.34375,0.9366237241502684,39.0,0.1180904610982672,0.0056400093616847,0.1008647627352663,0.2058667035403028,0.0085135228923726,0.1836734693877549,0.443449855146989,0.0062406233927821,0.4359068885611966,0.7293552259859263,0.0062471190705226,0.7367137355584081,0.1746790871262734,0.0098188850885662,0.1428571428571428,0.8988350809668191,0.0017537289150325,0.9008789658546448,0.9050265229307116,0.0019643318219265,0.9092313051223756,0.8931376520195045,0.0018626389308847,0.8953834474086761,0.962337716106996,0.0048982071559608,0.9772727272727272,0.9293494958837982,0.0031649946903964,0.939477950334549,11.029703373341814,0.3198168352866427,11.886178493499756,0.8341145833333334,0.0074469436928388,0.85,0.8615234375,0.0087279341992497,0.8666666666666667,0.0399739583333333,0.0070771418262399,0.0,0.7908854166666668,0.0120315363933071,0.8666666666666667,0.2759765625,0.0116788796977009,0.2666666666666666,,,,,,,,,,,,,,,,0.0688654458858655,0.0053497482233316,0.0522063595068137,0.0283636560589724,0.0049229354293842,0.011111111111111,0.0175504314904825,0.0047066656022212,0.0,0.556550144853011,0.0062406233927821,0.5640931114388034,0.2479709174020491,0.0059535000926358,0.2413036902601331,0.3687717528470697,0.0064585136667175,0.3607305936073059,1.6047346855280715,0.6436655105115857,0.0,571067.2142834987,237886.0,10.263337108709916,11.03761643703151,2.4786673811579414,0.6852914944558742,0.123855629877213,,,,,,,
SAMark,samark,flags-run,rejection,sentence-nltk,run,2.0,sentence,nltk,,,64.0,attack,direct,adpbag-K4,adaptive,K4-bag-bge,4.0,bge,bag,Qwen2.5-3B-Instruct,sentence-nltk,,min,,,1024,3,c4-val-def-256|c4-val-def-256b|c4-val-def-512,5.547309398651123,7.020670413970947,13.52917194366455,0.8390712738037109,0.6318359375,0.49609375,0.1513671875,0.50390625,9.104051100555807,19.627172156520828,10.52312105596502,,,,,,,,,,0.5029296875,0.501953125,0.5,0.4970703125,0.48828125,0.4814453125,0.4443359375,0.40234375,0.3134765625,0.1923828125,0.095703125,0.4443359375,0.84765625,0.8447265625,0.8427734375,0.837890625,0.8212890625,0.802734375,0.744140625,0.6708984375,0.5302734375,0.3349609375,0.158203125,0.744140625,0.8486328125,0.876953125,0.4226392865763236,0.2535708634335674,0.0,0.4439432470036278,0.0069159869349384,0.4375,0.1830577093851239,0.0088168371729305,0.1666666666666666,49.5068359375,1.1101743059756672,48.0,0.0740448955831761,0.0036466570542458,0.0608087686655269,0.1727999018198824,0.0075411190610233,0.1529411764705882,0.3686768307376306,0.0050434308352161,0.365364541512767,0.6520578187206133,0.006296907917822,0.6567895815042435,0.1364294395490435,0.0087458846242406,0.1111111111111111,0.918505075678695,0.001355136030737,0.9193976521492004,0.9251536420779304,0.0012881367131777,0.926612138748169,0.912118005566299,0.001586868468213,0.9134292602539062,0.9685398052180024,0.0029594441426696,0.9761756108635808,0.952994427876547,0.001596218232701,0.9578613936901093,10.795047868727236,0.3023021487053127,11.213912963867188,0.9061848958333334,0.0054946670259219,0.9333333333333332,0.9276692708333334,0.0059808979471542,1.0,0.0204427083333333,0.0046326951251972,0.0,0.8861979166666667,0.008820289705893,0.9333333333333332,0.1686848958333333,0.0100747898052126,0.1333333333333333,,,,,,,,,,,,,,,,0.0625918099879841,0.003412601373027,0.054054054054054,0.0209208117358571,0.0028159718407549,0.0114949278447377,0.0099656820797807,0.0025840725850552,0.0,0.6313231692623695,0.0050434308352161,0.634635458487233,0.3282749430492445,0.006188032828646,0.322090774655898,0.4711868330061487,0.0064067588721211,0.4680221748977453,0.6114654549414159,0.3657380388712187,0.0,574547.2517518151,241499.0,10.351696798256608,11.138621919889925,2.4039145757670344,0.8581493141790892,0.1846659873194758,,,,,,,
SAMark,samark,flags-run,rejection,sentence-nltk,run,2.0,sentence,nltk,,,64.0,attack,direct,adpbag-K64,adaptive,K64-bag-bge,64.0,bge,bag,Qwen2.5-3B-Instruct,sentence-nltk,,min,,,1024,3,c4-val-def-256|c4-val-def-256b|c4-val-def-512,5.547309398651123,7.020670413970947,13.52917194366455,0.7606668472290039,0.45703125,0.3212890625,0.0791015625,0.6787109375,6.562432317470666,19.627172156520828,13.064739839050162,,,,,,,,,,0.666015625,0.6552734375,0.6376953125,0.6123046875,0.572265625,0.515625,0.419921875,0.3359375,0.2001953125,0.10546875,0.037109375,0.419921875,0.9033203125,0.8857421875,0.8642578125,0.83203125,0.7724609375,0.6904296875,0.537109375,0.427734375,0.2529296875,0.1298828125,0.0458984375,0.537109375,0.9208984375,0.5830078125,1.5303013565167465,0.5812811284067232,0.0,0.3373958407861255,0.0073411416253868,0.3333333333333333,0.2076943031298346,0.0102595194639106,0.1952380952380952,36.9072265625,0.9021344412345508,36.0,0.1300467743894341,0.0061571661313652,0.1103383632830828,0.2084945635099549,0.0086277130724141,0.1955307262569833,0.4654480909710124,0.0067162060430839,0.4527023572122514,0.7520010292955832,0.0061122751734569,0.7553545221060356,0.1725626540974747,0.0098009975497423,0.1428571428571428,0.8927201116457582,0.001927253242062,0.8955377042293549,0.8985374137992039,0.0022468732489892,0.9043666124343872,0.887511788692791,0.001956452133355,0.8892198801040649,0.9583041370325168,0.0061421440768569,0.9782608695652174,0.9203875141392928,0.0041058098457903,0.9342913627624512,11.067356359383847,0.3759862006526834,12.262227535247805,0.8115071614583333,0.0077613567707208,0.8333333333333334,0.8358723958333334,0.0097831097823066,0.8666666666666667,0.0451171875,0.0073513375755037,0.0,0.7638020833333334,0.0126660538300624,0.8000000000000002,0.3085286458333334,0.0118374178681457,0.3333333333333333,,,,,,,,,,,,,,,,0.0715046125038654,0.0064392013396454,0.0508866917765222,0.0312416931485663,0.0061935010601161,0.0097244988021686,0.0210098166969732,0.0060651375841193,0.0,0.5345519090289876,0.0067162060430839,0.5472976427877486,0.2254818266718745,0.0058159046980448,0.2190641821946169,0.3413797090088062,0.0063330544277816,0.3385054021608643,1.8547462146300748,0.7380056405889123,0.0,577258.073654899,240124.0,10.209070941319656,10.984619836993277,2.3924152957236737,0.6078035152025815,0.1097373911892713,,,,,,,
SAMark,samark,flags-run,rejection,sentence-nltk,run,2.0,sentence,nltk,,,64.0,attack,direct,adpbag-K8,adaptive,K8-bag-bge,8.0,bge,bag,Qwen2.5-3B-Instruct,sentence-nltk,,min,,,1024,3,c4-val-def-256|c4-val-def-256b|c4-val-def-512,5.547309398651123,7.020670413970947,13.52917194366455,0.818272590637207,0.56640625,0.4306640625,0.1298828125,0.5693359375,7.987333232817036,19.627172156520828,11.639838923703792,,,,,,,,,,0.568359375,0.5654296875,0.564453125,0.5576171875,0.54296875,0.5263671875,0.4794921875,0.42578125,0.3154296875,0.197265625,0.08984375,0.4794921875,0.869140625,0.8642578125,0.8583984375,0.8486328125,0.82421875,0.798828125,0.7197265625,0.63671875,0.46875,0.2861328125,0.119140625,0.7197265625,0.8701171875,0.818359375,0.3577845054807894,0.211524327659534,0.0,0.4114144114327924,0.0071309000728045,0.4014196726061133,0.2040943322655863,0.0094984001985174,0.1818181818181818,45.640625,1.0458239893046106,44.0,0.0885630467166341,0.0042037519636508,0.0758893754874317,0.1918378054517638,0.0084149815921702,0.176470588235294,0.3949400299862721,0.0053068591203206,0.3926651305683564,0.6822332325716651,0.0061708663879686,0.6872079439252337,0.1493736309531463,0.0097375262717832,0.1111111111111111,0.9116793407592922,0.001358713948758,0.9135675430297852,0.918675369641278,0.0013081582092365,0.9206375777721404,0.9050185074447654,0.0016441013304292,0.9057506918907166,0.9703861534079647,0.0025905506232771,0.9773798102547704,0.9455450413224752,0.0020507323727149,0.9523493647575378,11.278792197213743,0.3519962990272757,11.61910343170166,0.885546875,0.0060464532628433,0.9,0.9071614583333334,0.0070335449622743,0.9333333333333332,0.0240885416666666,0.0051386058618836,0.0,0.860546875,0.0099854595149229,0.9333333333333332,0.2014322916666666,0.0105581453159771,0.2,,,,,,,,,,,,,,,,0.059917662108547,0.0033416650243143,0.0524017467248908,0.0194463764661415,0.0027013201041482,0.0100586826751206,0.0091883432948628,0.0024608954650423,0.0,0.605059970013728,0.0053068591203206,0.6073348694316436,0.295973547480831,0.0059726326269479,0.2890031059328046,0.4316523375568294,0.0063724623518077,0.4251483038826933,0.5941124307710013,0.3672123283740134,0.0,570925.7357663194,235635.0,10.336862191889558,11.114885549441231,2.407497759277339,0.7581455804498642,0.1566452980323655,,,,,,,
SAMark,samark,flags-run,rejection,sentence-nltk,run,2.0,sentence,nltk,,,64.0,attack,direct,dipper-l20-o20,dipper,lex20-order20,,,,,,,,20.0,20.0,1024,3,c4-val-def-256|c4-val-def-256b|c4-val-def-512,5.547309398651123,7.020670413970947,13.52917194366455,0.901597023010254,0.79296875,0.6962890625,0.310546875,0.3037109375,13.720034842275709,19.627172156520828,5.907137314245119,,,,,,,,,,0.3017578125,0.30078125,0.2998046875,0.2958984375,0.29296875,0.2841796875,0.255859375,0.2314453125,0.1865234375,0.1123046875,0.0537109375,0.255859375,0.6875,0.6845703125,0.68359375,0.677734375,0.6669921875,0.646484375,0.5927734375,0.541015625,0.4501953125,0.2783203125,0.126953125,0.5927734375,0.689453125,0.8623046875,0.9445260371614486,0.2620305183881994,0.0,0.6527525344050406,0.006685328980452,0.6579337899543378,0.0904102750561539,0.0073297051017784,0.0833333333333333,73.548828125,1.4587060452782885,74.0,0.0441622321181304,0.0042071673528191,0.0324911953306109,0.0711980549742674,0.0060122190184063,0.0476190476190476,0.1983188954838789,0.0041704282500727,0.1940858871863202,0.3655947855870516,0.0063079142406401,0.3601801801801801,0.0387068113273678,0.0053478291476359,0.0,0.9482615640154108,0.0011656119035889,0.9506757855415344,0.9548070001765154,0.0010275780812174,0.956521064043045,0.9419004422379658,0.0014002620491858,0.9452491998672484,0.9452751127540304,0.0034705919626555,0.95625,0.9671469748136589,0.0017552837742059,0.9744468331336976,8.605852581151462,0.2791273774298333,8.749922275543213,0.9075032552083332,0.0056072822853311,0.9333333333333332,0.8985026041666667,0.0069744158924765,0.9333333333333332,0.0114583333333333,0.0039056963366494,0.0,0.8472005208333334,0.009857288954004,0.8666666666666667,0.1042317708333333,0.0085949310383683,0.0666666666666666,,,,,,,,,,,,,,,,0.0829729611826169,0.0039054006051981,0.0722526869927615,0.0305603912058315,0.0032046570566398,0.0180859183339693,0.016205663329601,0.0028518344722816,0.0045766830044824,0.8016811045161212,0.0041704282500727,0.8059141128136798,0.5989609803686745,0.0063010517148327,0.6011904761904762,0.6696944372948113,0.0055497614953609,0.6724900823924321,0.4229250949038849,0.2459120211862193,0.0,549210.7721192071,255157.0,10.215035644552712,11.147918656860972,2.24938480902009,0.9627810453222084,0.4336790276393846,,,,,,,
SAMark,samark,flags-run,rejection,sentence-nltk,run,2.0,sentence,nltk,,,64.0,attack,direct,dipper-l20-o40,dipper,lex20-order40,,,,,,,,20.0,40.0,1024,3,c4-val-def-256|c4-val-def-256b|c4-val-def-512,5.547309398651123,7.020670413970947,13.52917194366455,0.9006519317626953,0.7958984375,0.69140625,0.3134765625,0.30859375,13.938095206860451,19.627172156520828,5.689076949660375,,,,,,,,,,0.30859375,0.30859375,0.306640625,0.3046875,0.291015625,0.275390625,0.244140625,0.220703125,0.17578125,0.10546875,0.046875,0.244140625,0.6865234375,0.6845703125,0.6826171875,0.6787109375,0.66015625,0.63671875,0.572265625,0.51171875,0.4091796875,0.25,0.1044921875,0.572265625,0.6865234375,0.8515625,0.8819939427450464,0.2210091785171611,0.0,0.6420406155805853,0.0067519247365677,0.6460176991150443,0.078568160265026,0.0064431699605844,0.0769230769230769,72.4033203125,1.4485392459094752,73.0,0.1030407309750141,0.0064194087800284,0.0868778280542986,0.0624963338379952,0.0052201300529796,0.0434782608695651,0.2037798508373697,0.0041521585600062,0.1988615690618456,0.3752316468702963,0.0061580494743262,0.3731706888060226,0.0355331042885161,0.0045218568167014,0.0,0.9435627301572822,0.0010145993830555,0.945320963859558,0.95047729491489,0.000887115474857,0.951651394367218,0.9368428016314284,0.0012540186801029,0.939752608537674,0.944739660403589,0.0031520189864431,0.9534883720930232,0.9615268526249564,0.0017024108007554,0.969226598739624,8.998844949770062,0.4839080403102678,9.16780138015747,0.8992675781249999,0.0055653865748604,0.9166666666666666,0.8900390625000001,0.0069552478655336,0.9333333333333332,0.0106119791666666,0.0029840274740148,0.0,0.8362630208333333,0.0100771901733387,0.8666666666666667,0.1186197916666666,0.0088977520229588,0.0666666666666666,,,,,,,,,,,,,,,,0.084095831817543,0.0035812294002495,0.0748095053596796,0.0306650747647148,0.0027742252527813,0.0190174804098854,0.015748393047704,0.0023151466197378,0.0048484919720727,0.7962201491626303,0.0041521585600062,0.8011384309381544,0.5869154716500069,0.0061941528835314,0.5871696358987681,0.5797211067598325,0.005277293145861,0.5741907147129187,0.5618552618386397,0.2654759509581091,0.0,556491.5186625695,253285.0,10.21098974072086,11.149648555054837,2.2927432584897423,0.960735589479382,0.4224281147025867,,,,,,,
SAMark,samark,flags-run,rejection,sentence-nltk,run,2.0,sentence,nltk,,,64.0,attack,direct,dipper-l20-o80,dipper,lex20-order80,,,,,,,,20.0,80.0,1024,3,c4-val-def-256|c4-val-def-256b|c4-val-def-512,5.547309398651123,7.020670413970947,13.52917194366455,0.8994131088256836,0.7763671875,0.6708984375,0.263671875,0.3291015625,12.405179711458914,19.627172156520828,7.221992445061915,,,,,,,,,,0.328125,0.3271484375,0.32421875,0.318359375,0.30078125,0.287109375,0.2509765625,0.20703125,0.158203125,0.0849609375,0.037109375,0.2509765625,0.734375,0.732421875,0.728515625,0.720703125,0.69140625,0.65625,0.576171875,0.484375,0.3642578125,0.1982421875,0.0771484375,0.576171875,0.736328125,0.798828125,0.8689255448922848,0.1927764980179014,0.0,0.5950879968911247,0.0067000368885547,0.5916913214990138,0.0814807971865856,0.0062715877118521,0.0833333333333333,67.2744140625,1.3840387542708026,68.0,0.1893977897418589,0.0090176766087475,0.1509074710649973,0.0691069477490423,0.0051820919493598,0.0476190476190476,0.2327562028676007,0.0042478777390027,0.2285647295587654,0.4468512423002262,0.0059573514346451,0.4478069773830235,0.0473253720096868,0.0051420325878226,0.0,0.933293106383644,0.0010003885875065,0.9352948069572448,0.9400438461452724,0.0008794252279963,0.9418875277042388,0.926739676622674,0.0012418801225908,0.929601550102234,0.940079053340863,0.003039277300263,0.9475648075412412,0.9517370299436152,0.0017523719362545,0.9588764309883118,9.956025068282043,0.391728043531641,10.226561069488524,0.878173828125,0.0060438292305579,0.9,0.8835937500000001,0.0065672544761006,0.9333333333333332,0.0213541666666666,0.0053299747731391,0.0,0.8120442708333333,0.0107316055352405,0.8666666666666667,0.1615885416666667,0.0094411017845346,0.1333333333333333,,,,,,,,,,,,,,,,0.0878361780016205,0.0035224948640907,0.0811742068286571,0.031606731749113,0.0026647798389111,0.0209241658609555,0.0156710042621106,0.0022238667177667,0.0062500610357523,0.7672437971323992,0.0042478777390027,0.7714352704412346,0.5229223485484097,0.0059810731195,0.5225945945945947,0.4388552873661577,0.0040344766101603,0.4358792584465637,0.5851873319140105,0.2819719737638729,0.0,586416.8626461385,255166.0,10.18502438149441,11.152216036876272,2.1916751945378925,0.9354540375847632,0.3608629842082691,,,,,,,
SAMark,samark,flags-run,rejection,sentence-nltk,run,2.0,sentence,nltk,,,64.0,attack,direct,dipper-l40-o20,dipper,lex40-order20,,,,,,,,40.0,20.0,1024,3,c4-val-def-256|c4-val-def-256b|c4-val-def-512,5.547309398651123,7.020670413970947,13.52917194366455,0.8726119995117188,0.736328125,0.603515625,0.2197265625,0.396484375,10.71597128974463,19.627172156520828,8.911200866776198,,,,,,,,,,0.39453125,0.3935546875,0.3896484375,0.3798828125,0.359375,0.3359375,0.2919921875,0.2392578125,0.1767578125,0.091796875,0.0361328125,0.2919921875,0.7783203125,0.775390625,0.7705078125,0.755859375,0.7265625,0.671875,0.5771484375,0.4775390625,0.3515625,0.193359375,0.076171875,0.5771484375,0.7802734375,0.76171875,0.8540862381575353,0.1883732772213238,0.0,0.5291349236615638,0.0063852132844285,0.5308167141500475,0.1040036619340839,0.0082492767858358,0.0833333333333333,59.4814453125,1.200198271075069,60.0,0.0502713169531787,0.0035016082488244,0.0415906137161826,0.0853965491251141,0.0072147496696835,0.0526315789473683,0.2752645571978205,0.0043943552307314,0.2690465014045047,0.5145522112929043,0.0061577729493359,0.5147493908806126,0.0476597490200431,0.0060540739162178,0.0,0.933417544758413,0.0012167436223073,0.9358547329902648,0.9401565137086436,0.0011515295324578,0.9423671960830688,0.926872870477382,0.0013924410261706,0.9303141236305236,0.9397908958276056,0.0031099477534492,0.9486672747542312,0.9535491851274857,0.0017837740956676,0.9601264894008636,9.433292655996892,0.2854577324550608,9.58618974685669,0.87119140625,0.0062948698772849,0.8833333333333333,0.8798177083333334,0.0072282429401462,0.9333333333333332,0.020703125,0.0049720781677584,0.0,0.790234375,0.0108002324916937,0.8000000000000002,0.1645833333333333,0.0097935288530156,0.1333333333333333,,,,,,,,,,,,,,,,0.0883772184338772,0.0035825083312275,0.0798155632427989,0.0310629115017959,0.0026812619130784,0.020537902221508,0.0154677039471931,0.0022171197432009,0.0056497175141242,0.7247354428021794,0.0043943552307314,0.7309534985954953,0.4594754149350619,0.0059419872583054,0.4578806647036924,0.5805441054891223,0.0055715194311772,0.5816529799170663,0.7187935527542522,0.3015705390264669,0.0,568536.881745809,253331.0,10.149691529364064,11.138696908836575,2.2455907808121083,0.93200142925077,0.3008772500957755,,,,,,,
SAMark,samark,flags-run,rejection,sentence-nltk,run,2.0,sentence,nltk,,,64.0,attack,direct,dipper-l80-o20,dipper,lex80-order20,,,,,,,,80.0,20.0,1024,3,c4-val-def-256|c4-val-def-256b|c4-val-def-512,5.547309398651123,7.020670413970947,13.52917194366455,0.7845687866210938,0.5185546875,0.3740234375,0.111328125,0.6259765625,8.149906219929107,19.627172156520828,11.47726593659172,,,,,,,,,,0.56640625,0.533203125,0.4970703125,0.42578125,0.3427734375,0.2353515625,0.1337890625,0.08203125,0.046875,0.0166015625,0.0087890625,0.1337890625,0.826171875,0.78125,0.734375,0.6357421875,0.5078125,0.365234375,0.2119140625,0.1337890625,0.08203125,0.0322265625,0.0107421875,0.2119140625,0.888671875,0.2529296875,0.864421095923384,0.2545897529458998,0.0,0.286460861929903,0.0060357879355957,0.283401325854156,0.1601061954777506,0.0102118041608978,0.125,31.9306640625,0.7990692759905671,32.0,0.1329143200713176,0.0067218200341516,0.1086568713308034,0.1335368615479039,0.0087210485783605,0.111111111111111,0.4642508136256983,0.0060273730865005,0.4465258325552443,0.7713906125502259,0.0056280590588365,0.7733661740558293,0.0734405720910604,0.0068828397106854,0.0,0.8864027474191971,0.0017294027777078,0.8920768797397614,0.893001897726208,0.001736878765137,0.898451566696167,0.8800505817052908,0.0018478634801207,0.8849465548992157,0.929200819218045,0.0035007035179064,0.9375,0.8638745392963756,0.005603839710304,0.8897942900657654,12.486502747307908,0.4918691033055529,12.837149143218994,0.7123372395833334,0.0087507411714146,0.7166666666666667,0.7222656250000001,0.0113286393158176,0.7333333333333334,0.0557942708333333,0.0076195179830261,0.0,0.5690104166666667,0.0127577016814821,0.5333333333333333,0.3861328125,0.0121355278073653,0.4000000000000001,,,,,,,,,,,,,,,,0.0979380643394127,0.0039260305926914,0.0904642258913615,0.0313544976627928,0.0031129390412676,0.0213599172673906,0.014918852190564,0.0027920650179113,0.0054496317415063,0.5357491863743017,0.0060273730865005,0.5534741674447556,0.2133113048515537,0.0052044031133783,0.2138911311891539,0.3555974151156131,0.0057440508683628,0.3583497606308081,0.888830237910698,0.3606854896547491,0.0,617975.8322074113,244777.0,9.91477373478347,11.019384847307672,2.0717738931841474,0.6130433336181329,0.1110352376728656,,,,,,,
SAMark,samark,flags-run,rejection,sentence-nltk,run,2.0,sentence,nltk,,,64.0,attack,direct,parrot,parrot,default,,,,,,,,,,1024,3,c4-val-def-256|c4-val-def-256b|c4-val-def-512,5.547309398651123,7.020670413970947,13.52917194366455,0.912775993347168,0.828125,0.7490234375,0.283203125,0.2509765625,12.358537086838624,19.627172156520828,7.268635069682205,,,,,,,,,,0.2509765625,0.2509765625,0.2509765625,0.25,0.2470703125,0.2392578125,0.2265625,0.19921875,0.1494140625,0.08984375,0.0205078125,0.2265625,0.716796875,0.716796875,0.716796875,0.7158203125,0.70703125,0.685546875,0.6259765625,0.5478515625,0.3837890625,0.2109375,0.0498046875,0.6259765625,0.716796875,0.8642578125,0.4902257496192577,0.1957556153402446,0.0,0.7273749143716876,0.0048284824140632,0.7368421052631579,0.0099384554296577,0.0027197622492296,0.0,83.1552734375,1.711981274680151,84.0,0.0090726612001529,0.0008367892239076,0.0035270094672359,0.0100653637156486,0.0024507860627593,0.0,0.1610059011332729,0.0030476586178777,0.1537424839311632,0.3193913187197305,0.0049755184193035,0.306409858133996,0.0082806117910482,0.00191546997352,0.0,0.92918665218167,0.0011274196478997,0.9316269755363464,0.9345028089592232,0.0010426516746254,0.9362196326255798,0.924006763205398,0.0013023218908802,0.9270638823509216,0.956141866596947,0.0027360190507806,0.9630312969796364,0.9684415425290354,0.0011315778797285,0.9728017151355745,14.07720704425934,0.548417023689236,14.459333419799805,0.8902506510416667,0.0046705781584917,0.9,0.8822916666666668,0.0060192095223298,0.8666666666666667,0.0085286458333333,0.0034962620730426,0.0,0.7611979166666667,0.0102245201135719,0.7999999999999999,0.0739583333333333,0.0063955610379728,0.0,,,,,,,,,,,,,,,,0.0658201846496869,0.0033026571153597,0.0566982899268838,0.0214046819926591,0.0026361134854113,0.0124805295950155,0.0097665695757167,0.0023733025252716,0.0027777992114136,0.838994098866727,0.0030476586178777,0.8462575160688368,0.6541114841260736,0.0046358912507577,0.6651270330604868,0.7396790509125792,0.0038408481722373,0.7435340022296544,0.3217137456423991,0.276229787324449,0.0,660472.8135739933,249748.0,10.257606928601676,11.140924589440536,1.8600833619060229,0.225040477626597,0.3847926070469639,,,,,,,
SAMark,samark,flags-run,rejection,sentence-nltk,run,2.0,sentence,nltk,,,64.0,attack,direct,parrot-bigram,parrot,bigram,,,,,,,,,,1024,3,c4-val-def-256|c4-val-def-256b|c4-val-def-512,5.547309398651123,7.020670413970947,13.52917194366455,0.9215431213378906,0.8544921875,0.7861328125,0.34375,0.2138671875,13.927019302624103,19.627172156520828,5.700152853896725,,,,,,,,,,0.2138671875,0.2138671875,0.2138671875,0.2138671875,0.2138671875,0.212890625,0.201171875,0.1845703125,0.15625,0.107421875,0.04296875,0.201171875,0.6552734375,0.6552734375,0.6552734375,0.6533203125,0.6494140625,0.6435546875,0.6142578125,0.5634765625,0.4453125,0.2685546875,0.1025390625,0.6142578125,0.65625,0.9375,0.5034060374725742,0.205227312521349,0.0,0.7653967821245721,0.0040429712579748,0.771870952549158,0.006534125155826,0.0018672450143661,0.0,87.2451171875,1.725164270230515,88.0,0.0060640202246652,0.0006308582050895,0.0,0.0061448450036091,0.0014003393532035,0.0,0.1352048059591966,0.0024008395891744,0.1299772098594885,0.2800860858804191,0.0040072486869413,0.2750717235726221,0.004972608707299,0.0015231266348965,0.0,0.9368120559956878,0.0011476605341677,0.9392978847026824,0.9417044018628076,0.001077249365912,0.9438475966453552,0.932031670352444,0.0012922255501082,0.9351401329040528,0.9577925275741624,0.0027652060388649,0.9651162790697676,0.974675651290454,0.0009007358257869,0.978146642446518,13.193808276908095,0.5627467045318006,13.427886962890623,0.916796875,0.0042882419249015,0.9333333333333332,0.9091796875,0.0056681263645117,0.9333333333333332,0.0050781249999999,0.0022066527258394,0.0,0.7968098958333334,0.0100142813739684,0.8000000000000002,0.0337239583333333,0.0045620694106404,0.0,,,,,,,,,,,,,,,,0.0642668446138784,0.0033221447521494,0.0555555555555555,0.0210318750578634,0.0027165645855376,0.0117417279411764,0.0097064627099883,0.0024671629446726,0.0,0.8647951940408034,0.0024008395891744,0.8700227901405114,0.699424947710649,0.0038270586625862,0.7020534126402941,0.79525377681478,0.0031626653873747,0.7999999999999999,0.3663241629262999,0.2838466088604638,0.0,650674.2711760916,252224.0,10.307254606960932,11.170333802905166,1.949049017202315,0.285936330624127,0.4074196259735573,,,,,,,
SAMark,samark,flags-run,rejection,sentence-nltk,run,2.0,sentence,nltk,,,64.0,attack,direct,pegasus,pegasus,default,,,,,,,,,,1024,3,c4-val-def-256|c4-val-def-256b|c4-val-def-512,5.547309398651123,7.020670413970947,13.52917194366455,0.900975227355957,0.796875,0.705078125,0.228515625,0.294921875,11.094324427329411,19.627172156520828,8.532847729191417,,,,,,,,,,0.29296875,0.2890625,0.2841796875,0.271484375,0.255859375,0.23828125,0.2001953125,0.1708984375,0.119140625,0.0517578125,0.0166015625,0.2001953125,0.76953125,0.763671875,0.7509765625,0.7265625,0.681640625,0.63671875,0.53125,0.44140625,0.294921875,0.126953125,0.033203125,0.53125,0.771484375,0.716796875,2.876770329123532,0.5015013233919048,0.0,0.6302959888096624,0.0053919720564699,0.634105709525973,0.0077139093974595,0.0019888899516881,0.0,71.4501953125,1.437019844560289,72.0,0.0083666423977277,0.0008389241421941,0.0015232292460015,0.0068621616443615,0.00141045438547,0.0,0.2259829661294053,0.0056044035821643,0.202953034760815,0.2989923414101968,0.0049160469069276,0.2953956665096561,0.0051629361071631,0.0014734556280415,0.0,0.9239785427926108,0.0023769035651911,0.9341400563716888,0.933160406711977,0.0035129108739685,0.9496703147888184,0.9162467045825906,0.0015427359872448,0.9200937449932098,0.9296624522112024,0.0053797857574835,0.9562670765027322,0.9475699072354472,0.0020673429556636,0.9556779861450196,7.904384631172011,0.4143286298918102,10.577131271362305,0.8505208333333334,0.006435746301614,0.8666666666666667,0.8069661458333335,0.0072684372210531,0.8000000000000002,0.0264322916666666,0.0059362337291399,0.0,0.7215494791666668,0.0110565908284671,0.7333333333333334,0.1,0.0102698695661797,0.0,,,,,,,,,,,,,,,,0.1257263565006711,0.0106375295815551,0.067485432991762,0.0789133128951965,0.010943653961345,0.0157068062827224,0.0673717546862145,0.0109765693680672,0.0039604115691072,0.7740170338705946,0.0056044035821643,0.797046965239185,0.6008055034914939,0.0059740856417096,0.6102946044356173,0.6567731714413514,0.0057955589885703,0.6666666666666667,0.3757202123094669,0.2879748148833081,0.0,509684.6012145842,246532.0,9.518528451341044,10.370953366750062,2.1256495203190795,0.9625861432175292,0.4097181234509446,,,,,,,
SAMark,samark,flags-run,rejection,sentence-nltk,run,2.0,sentence,nltk,,,64.0,attack,direct,pegasus-bigram,pegasus,bigram,,,,,,,,,,1024,3,c4-val-def-256|c4-val-def-256b|c4-val-def-512,5.547309398651123,7.020670413970947,13.52917194366455,0.904949188232422,0.8076171875,0.705078125,0.2392578125,0.294921875,11.30789655870467,19.627172156520828,8.319275597816159,,,,,,,,,,0.294921875,0.2939453125,0.291015625,0.2841796875,0.2763671875,0.26171875,0.2265625,0.1845703125,0.1259765625,0.0546875,0.0224609375,0.2265625,0.7587890625,0.755859375,0.7490234375,0.7333984375,0.7080078125,0.6708984375,0.5712890625,0.466796875,0.3193359375,0.1435546875,0.046875,0.5712890625,0.7607421875,0.7666015625,1.4442391884819623,0.3448725669054719,0.0,0.5768326495687143,0.0047498869285492,0.5824175824175825,0.0083613698217416,0.0018993974622948,0.0,65.0703125,1.2564826153389264,66.0,0.0150912197569736,0.001108625981163,0.0088800544477835,0.0094737003156862,0.0016227740139349,0.0,0.2448244821507409,0.0039699242803375,0.2311421537889871,0.4281677979425985,0.0049700799354008,0.4268292682926829,0.0095266487346607,0.0020690663334268,0.0,0.9267289016279392,0.00158153202739,0.9316022396087646,0.9390914715477264,0.0022280490883357,0.9459955394268036,0.9152622356195934,0.0012813908790914,0.9182496964931488,0.9452715989228732,0.0039371521174654,0.9607833713805118,0.951628374750726,0.0016578719882103,0.958322137594223,10.334360516678403,0.4136295107540441,11.838205814361572,0.8648274739583334,0.0059091756107937,0.8833333333333333,0.8287109375000001,0.0072541032101302,0.8000000000000002,0.0215494791666666,0.0051253923022887,0.0,0.7299479166666667,0.0104193926144493,0.7333333333333334,0.0777994791666666,0.0086560793802024,0.0,,,,,,,,,,,,,,,,0.0908956134271167,0.0071313869586551,0.0626401345291479,0.0433927069419142,0.0071588922923943,0.0123966942148759,0.0324675045340848,0.0071202750231838,0.0,0.7551755178492592,0.0039699242803375,0.7688578462110128,0.5031871221171408,0.0045915073712096,0.5048733684190527,0.6029395905846099,0.0043347837435112,0.6054322312386828,0.3551371519252287,0.2829568034714934,0.0,522590.4038333663,223762.0,9.84325192198731,10.751228110133852,2.149143314191755,0.9918145254574472,0.2876618608639382,,,,,,,
SAMark,samark,flags-run,rejection,sentence-nltk,run,2.0,sentence,nltk,,,64.0,human,direct,none,none,none,,,,,,,,,,1024,1,c4-human-def,5.547309398651123,7.020670413970947,13.52917194366455,,,,,,3.056570360790829,,,,,,,,,,,,,,,,,,,,,,,,,,,,,,,,,,,,,,,,,,,,,,,,,,,,,,,,,,,,,,,,,,,,,,,,,,,,,,,,,,,,,,,,,,,,,,,,,,,,,,,,,,,,,,,,,,,,,,,,,,,,,,,,,,,,,,,,,,,,,0.099609375,0.0498046875,0.009765625,3.0645732037335813,5.54712872505188,7.011331963539118,13.470276689529417
SAMark,samark,flags-run,rejection,sentence-nltk,run,2.0,sentence,nltk,,,64.0,watermark,direct,none,none,none,,,,,,,,,,1024,3,c4-val-def-256|c4-val-def-256b|c4-val-def-512,5.547309398651123,7.020670413970947,13.52917194366455,0.9415111541748048,0.896484375,0.8623046875,0.45703125,0.1376953125,19.627172156520828,19.627172156520828,0.0,64.0,64.0,64.0,11893.0,11893.0,1.0,64.0,64.0,64.0,,,,,,,,,,,,,,,,,,,,,,,,,,,0.6128567029073779,0.2211437999000237,0.0,,,,,,,,,,,,,,,,,,,,,,,,,,,,,,,,,,0.9578801999359536,0.0029489929673576,0.9661969148733576,,,,6.917189173903248,0.3619598281722301,7.164825916290283,,,,,,,,,,,,,,,,0.8150065104166666,0.0130871917544936,0.9166666666666666,0.8190104166666667,0.0151948446822156,0.9333333333333332,0.9206380208333332,0.0083519964418367,1.0,0.7421223958333334,0.0159247940143817,0.8000000000000002,0.7782552083333334,0.0187636563677313,1.0,0.0698818492383165,0.0034922582094953,0.0606060606060605,0.0250992366026031,0.0028024014562839,0.0140105508526561,0.0126607717743251,0.0024626516320909,0.0033333703707819,,,,,,,,,,0.3117660110852895,0.2753446923405692,0.0,560317.3638488408,289718.0,10.427324785189686,11.302690546039798,2.403702716239728,0.1301556566065519,,,,,,,,
SemStamp,lsh,context,best-of-n,sentence-nltk,,,sentence,nltk,,,64.0,attack,direct,adaptive-Qwen2.5-3B-Instruct-standard-K1-min-surr=bge,adaptive,K1-min-positional-bge,1.0,bge,positional,Qwen2.5-3B-Instruct,sentence-nltk,min,,,,1024,3,c4-val-def-256|c4-val-def-256b|c4-val-def-512,1.5666989036012806,2.116950987028628,2.840187787218772,0.9072599411010742,0.7490234375,0.64453125,0.5087890625,0.3544921875,3.1154540721914814,5.994569553892396,2.879115481700913,,,,,,,,,,0.353515625,0.3525390625,0.3525390625,0.3515625,0.3515625,0.3447265625,0.326171875,0.3017578125,0.2578125,0.2001953125,0.1025390625,0.326171875,0.4892578125,0.48828125,0.4873046875,0.486328125,0.4853515625,0.4755859375,0.453125,0.4248046875,0.3720703125,0.291015625,0.154296875,0.453125,0.490234375,0.9453125,4.29611832976472,0.9384799857792034,0.0,0.5791603246686955,0.0082688481163629,0.5789473684210527,0.1265152101837305,0.0083751513803045,0.1,53.8359375,1.3400668453696372,54.0,0.0390598290277857,0.003300016741412,0.0250697626185493,0.1126410295515702,0.007488032322105,0.0909090909090909,0.2829558682600035,0.0058255598161502,0.2756041170116851,0.5208346710474716,0.0080049382041553,0.5253687753687754,0.0767279406659676,0.0076256586682922,0.0,0.9392128271865658,0.0014415301015123,0.94160595536232,0.9433837056276388,0.0013797956395453,0.9465982913970948,0.9352092224289664,0.0016272882252527,0.9377774894237518,0.9218375106341972,0.0097614322828507,0.9685981264527036,0.9708878142992036,0.001085234020977,0.9747479259967804,8.067912124044383,0.3779335892747911,9.250667572021484,0.9444986979166669,0.0045320915019806,0.9666666666666668,0.961328125,0.0042878847537132,1.0,0.0135416666666666,0.0044822036258051,0.0,0.933984375,0.0067897558365699,1.0,0.1037760416666666,0.0091249046477589,0.0,,,,,,,,,,,,,,,,0.1123601204801792,0.0101033278406322,0.0619651868646237,0.0688583998963165,0.0101034970893109,0.0157791540879524,0.0549535602987476,0.0099331745472736,0.0040241611607721,0.7170441317399965,0.0058255598161502,0.7243958829883149,0.4685334993032016,0.0082012490702624,0.4651972686752619,0.6100888001751859,0.0074294515017133,0.6174069155476858,4.634410404340736,1.0871527280348885,0.0,515925.0510025024,247103.0,10.2249782333494,10.941764220137664,2.4798730362866523,0.9536212826352144,0.3234669881836347,,,,,,,
SemStamp,lsh,context,best-of-n,sentence-nltk,,,sentence,nltk,,,64.0,attack,direct,adaptive-Qwen2.5-3B-Instruct-standard-K16-min-surr=bge,adaptive,K16-min-positional-bge,16.0,bge,positional,Qwen2.5-3B-Instruct,sentence-nltk,min,,,,1024,3,c4-val-def-256|c4-val-def-256b|c4-val-def-512,1.5666989036012806,2.116950987028628,2.840187787218772,0.8159875869750977,0.5283203125,0.3798828125,0.244140625,0.6201171875,1.996831175554864,5.994569553892396,3.9974795509983463,,,,,,,,,,0.6201171875,0.6171875,0.61328125,0.603515625,0.5947265625,0.5791015625,0.5341796875,0.486328125,0.380859375,0.244140625,0.10546875,0.5341796875,0.755859375,0.751953125,0.744140625,0.732421875,0.720703125,0.7001953125,0.6474609375,0.587890625,0.46875,0.2998046875,0.134765625,0.6474609375,0.755859375,0.853515625,2.707937426934012,0.7504494645981343,0.0,0.4864963862345246,0.0078882772732747,0.4821428571428571,0.1764758976576567,0.0104323372569617,0.1538461538461538,45.0400390625,1.1515415621830696,45.0,0.0805367429242823,0.0062223013079456,0.0541833013338209,0.1677680247671368,0.0095139195697571,0.1428571428571429,0.3688252898364088,0.006609234814923,0.3548387096774194,0.6244402555065199,0.0070318675068248,0.6270308246245719,0.1232921887399499,0.0100424626945383,0.0909090909090909,0.9163929676287808,0.0017607159788587,0.9205650687217712,0.9213307782774792,0.0018951093901353,0.9259635210037231,0.9119067066349088,0.0019204548897054,0.9153435230255128,0.942591689851528,0.0078560627785252,0.9746835443037974,0.951896301296074,0.0016537566056238,0.9574778079986572,9.704065824184736,0.3726581447660063,10.92693042755127,0.9032877604166668,0.0059974703350932,0.9333333333333332,0.9285807291666668,0.0058597412211715,1.0,0.02265625,0.0055621500191918,0.0,0.8875000000000001,0.008873739720356,0.9333333333333332,0.1802734375,0.0115199490030512,0.1333333333333333,,,,,,,,,,,,,,,,0.0907715861999116,0.0080808805287692,0.0566037735849056,0.049476504068691,0.0078940173082206,0.014109391330314,0.0366276293884995,0.0077086939614104,0.0034542417372628,0.6311747101635912,0.006609234814923,0.6451612903225806,0.3533037560914032,0.0070110522593032,0.3465129407677609,0.4850252247319867,0.0073533622491621,0.4870830350317312,2.814912055558431,0.8649906097175664,0.0,530216.5535888672,233314.0,10.22393030116351,10.934247099703386,2.429877496639664,0.6230734409619566,0.2091120281280793,,,,,,,
SemStamp,lsh,context,best-of-n,sentence-nltk,,,sentence,nltk,,,64.0,attack,direct,adaptive-Qwen2.5-3B-Instruct-standard-K2-min-surr=bge,adaptive,K2-min-positional-bge,2.0,bge,positional,Qwen2.5-3B-Instruct,sentence-nltk,min,,,,1024,3,c4-val-def-256|c4-val-def-256b|c4-val-def-512,1.5666989036012806,2.116950987028628,2.840187787218772,0.8840937614440918,0.67578125,0.5634765625,0.4248046875,0.435546875,2.728818302825477,5.994569553892396,3.2657512510669187,,,,,,,,,,0.435546875,0.4345703125,0.43359375,0.4306640625,0.4267578125,0.4228515625,0.3974609375,0.373046875,0.318359375,0.2333984375,0.1259765625,0.3974609375,0.57421875,0.5732421875,0.5712890625,0.568359375,0.564453125,0.5595703125,0.529296875,0.4990234375,0.4296875,0.318359375,0.17578125,0.529296875,0.57421875,0.931640625,3.654700689562823,0.8523091613308028,0.0,0.5401799748883215,0.0081796283020498,0.5357142857142857,0.1452713036496964,0.0087997521950651,0.125,50.345703125,1.2923667028712789,51.0,0.050142254211494,0.0043986436347008,0.0323982427938939,0.128320887824046,0.0079439780076755,0.111111111111111,0.3139962389019283,0.0061875759588215,0.3032663522270011,0.5628224116758331,0.0074092923722934,0.5651086956521738,0.0880035968008134,0.0082169188190584,0.0,0.9317923270282336,0.0015762868459865,0.9356292486190796,0.9367287029745056,0.0015269028866355,0.9395790100097656,0.9271076001459732,0.0017870824673691,0.9317112565040588,0.9303342971310768,0.0089719384567857,0.9709302325581396,0.9639915180741808,0.0013565465998318,0.96901735663414,8.52535537869251,0.3840637949790041,9.76191520690918,0.9358235677083334,0.0048168919038058,0.9666666666666668,0.9537760416666669,0.004579493516321,1.0,0.0150390625,0.004534996938266,0.0,0.9209635416666668,0.007447093655098,1.0,0.1164062499999999,0.0094841989209723,0.0666666666666666,,,,,,,,,,,,,,,,0.1038889680357603,0.0094364785768404,0.0607142857142857,0.0613569435949814,0.0093412154248616,0.0146522112494632,0.0480350247894079,0.0091400401238302,0.0036101083032491,0.6860037610980716,0.0061875759588215,0.6967336477729988,0.423373269982542,0.0076633166626366,0.4185534269029812,0.566661545515877,0.0073135860337578,0.5694018797296205,4.063404663818467,1.0075364204893216,0.0,516253.0412521362,240897.0,10.241867095856753,10.956028785877566,2.512750666079448,0.9229295309099907,0.2764097491857711,,,,,,,
SemStamp,lsh,context,best-of-n,sentence-nltk,,,sentence,nltk,,,64.0,attack,direct,adaptive-Qwen2.5-3B-Instruct-standard-K32-min-surr=bge,adaptive,K32-min-positional-bge,32.0,bge,positional,Qwen2.5-3B-Instruct,sentence-nltk,min,,,,1024,3,c4-val-def-256|c4-val-def-256b|c4-val-def-512,1.5666989036012806,2.116950987028628,2.840187787218772,0.7877378463745117,0.486328125,0.34765625,0.193359375,0.6513671875,1.820558118647678,5.994569553892396,4.178095595161787,,,,,,,,,,0.650390625,0.6455078125,0.6376953125,0.6279296875,0.6103515625,0.5810546875,0.51953125,0.4501953125,0.34765625,0.1875,0.0849609375,0.51953125,0.8046875,0.7998046875,0.7919921875,0.7822265625,0.76171875,0.7255859375,0.65234375,0.568359375,0.4345703125,0.236328125,0.1005859375,0.65234375,0.8056640625,0.8076171875,2.952693338386556,0.7473961094248627,0.0,0.4656597360806937,0.0078659202400221,0.4587155963302752,0.1764246733931455,0.0101374626372086,0.1538461538461538,43.224609375,1.1379057733483195,43.0,0.0904967338169433,0.0060575273755556,0.0640447609359104,0.1679496685004137,0.0091523592806649,0.1428571428571429,0.3805839733416566,0.0067371578931654,0.3699131918310001,0.6410465942785881,0.0071274564129536,0.6405529953917051,0.1225195134024389,0.0100236668632372,0.0909090909090909,0.9126832889742218,0.0017929449185791,0.9151012003421783,0.917123009567149,0.0019219028891232,0.9210452735424042,0.9086846495047212,0.0019615852335192,0.9114154577255248,0.937892440923898,0.0080652747516616,0.9736262462323207,0.9475867442670278,0.0017728902255904,0.9536710381507874,9.69111598824315,0.4008856266541976,11.14565658569336,0.8841634114583333,0.0062496091902993,0.9,0.91171875,0.0066419247329803,0.9333333333333332,0.0283203125,0.0059019856728131,0.0,0.860546875,0.0098702711812543,0.9333333333333332,0.2072916666666666,0.0117518940443112,0.2,,,,,,,,,,,,,,,,0.0969526804986016,0.0085601622859104,0.0565217391304347,0.0545813280324426,0.0082207365477765,0.0135135135135134,0.0407844076056593,0.0079429201645504,0.0034484398782343,0.6194160266583434,0.0067371578931654,0.6300868081689999,0.3385871006822193,0.0070339001795968,0.3320696413499091,0.4655187087378058,0.0074176714169828,0.4634745771846805,2.9978238067789107,0.8914542622168804,0.0,540502.4578323364,237980.0,10.213290775890172,10.930778006706776,2.3677508999646144,0.5540938142941688,0.2003931143850961,,,,,,,
SemStamp,lsh,context,best-of-n,sentence-nltk,,,sentence,nltk,,,64.0,attack,direct,adaptive-Qwen2.5-3B-Instruct-standard-K4-min-surr=bge,adaptive,K4-min-positional-bge,4.0,bge,positional,Qwen2.5-3B-Instruct,sentence-nltk,min,,,,1024,3,c4-val-def-256|c4-val-def-256b|c4-val-def-512,1.5666989036012806,2.116950987028628,2.840187787218772,0.8580608367919922,0.623046875,0.505859375,0.34375,0.4921875,2.4067225921984075,5.994569553892396,3.5920177236766926,,,,,,,,,,0.490234375,0.4892578125,0.48828125,0.486328125,0.482421875,0.466796875,0.44140625,0.400390625,0.34765625,0.2470703125,0.12109375,0.44140625,0.65234375,0.6513671875,0.650390625,0.6474609375,0.642578125,0.625,0.5947265625,0.5439453125,0.4775390625,0.3408203125,0.1611328125,0.5947265625,0.654296875,0.9140625,3.2795926022475923,0.8067077500743346,0.0,0.524656909082689,0.0080103352398935,0.5211267605633803,0.1601160659530056,0.009142433060494,0.1428571428571428,48.837890625,1.2257346133717686,49.0,0.0579068884753321,0.0041238708510951,0.0395959595959595,0.1449329711582227,0.0081722840851642,0.12,0.3297461668265738,0.0061900743955042,0.3222175152461896,0.5828410903396559,0.0074337929462981,0.58523611831863,0.1020545355279445,0.0089477818747388,0.0714285714285714,0.9273608419462108,0.0015080623693621,0.9300071001052856,0.9325531728682108,0.0014682639227903,0.9358620941638948,0.9224455163348466,0.0017492372246803,0.925361156463623,0.9340067224373608,0.0086379000363142,0.9734806306042314,0.9599466706858948,0.0016158494544242,0.9654853940010072,8.765272558264822,0.4090926762056663,10.048364639282228,0.92578125,0.0052863825884429,0.95,0.9452473958333334,0.0052455660818623,1.0,0.0169270833333333,0.004796032137758,0.0,0.9147135416666669,0.0078313621105959,1.0,0.1399088541666666,0.0105778634787201,0.0666666666666666,,,,,,,,,,,,,,,,0.0995921889185168,0.0090719754648394,0.0579048973785815,0.0572816938865897,0.0088651830066344,0.0147058823529411,0.0436018486279933,0.0086140343340282,0.0037383308178209,0.6702538331734262,0.0061900743955042,0.6777824847538104,0.3999125941270593,0.007393635346005,0.3936910084451068,0.5404576714000036,0.00726269814509,0.5389178023702643,3.609791941310667,0.9446657694363598,0.0,517691.8150100708,238480.0,10.228275156862535,10.942806967459054,2.4576844029571525,0.8437165645492957,0.2541321877233524,,,,,,,
SemStamp,lsh,context,best-of-n,sentence-nltk,,,sentence,nltk,,,64.0,attack,direct,adaptive-Qwen2.5-3B-Instruct-standard-K64-min-surr=bge,adaptive,K64-min-positional-bge,64.0,bge,positional,Qwen2.5-3B-Instruct,sentence-nltk,min,,,,1024,3,c4-val-def-256|c4-val-def-256b|c4-val-def-512,1.5666989036012806,2.116950987028628,2.840187787218772,0.7687106132507324,0.4345703125,0.3134765625,0.16796875,0.685546875,1.5704988868827785,5.994569553892396,4.426139815336674,,,,,,,,,,0.6806640625,0.6728515625,0.66796875,0.6611328125,0.6376953125,0.59375,0.529296875,0.4599609375,0.3359375,0.1796875,0.0771484375,0.529296875,0.826171875,0.81640625,0.810546875,0.802734375,0.7763671875,0.7265625,0.6435546875,0.5654296875,0.4130859375,0.2158203125,0.09375,0.6435546875,0.8310546875,0.7783203125,2.696891459615612,0.6372813020056496,0.0,0.4495226658136107,0.0079992902558089,0.4512195121951219,0.1822412174818225,0.0108597093095695,0.1428571428571428,41.9677734375,1.107253456835122,43.0,0.1026603905366904,0.006539929503461,0.0760601781975753,0.18340256761437,0.010183041019014,0.1578947368421052,0.3980304633312648,0.0069482374200567,0.3786889785584302,0.659697283534832,0.006948823155547,0.6600985221674877,0.1392077837534355,0.0108070798087257,0.1111111111111111,0.9083809246076272,0.0018471719372209,0.9130312502384186,0.9123840490938164,0.001982359577397,0.9186543524265288,0.9048451627022588,0.0020295438627091,0.9090718924999236,0.937108326037724,0.0073690575788476,0.9743589743589745,0.9429222506587394,0.0023494316212424,0.9511388838291168,9.831493268364028,0.3707143036676239,11.23714828491211,0.8717447916666666,0.0065594128477165,0.8999999999999999,0.9033203125,0.0067409262124969,0.9333333333333332,0.0299479166666666,0.0061529000677902,0.0,0.8516276041666667,0.0097934368127933,0.9333333333333332,0.2380208333333333,0.0129686576012564,0.2,,,,,,,,,,,,,,,,0.0987857206687897,0.0081610052871672,0.0567933703850734,0.054665602479769,0.0075442793081129,0.0148423516453256,0.0397771086137123,0.0070993234302661,0.00365631934975,0.6019695366687352,0.0069482374200567,0.6213110214415698,0.3214497762853717,0.0065303168230309,0.3198328386189658,0.44231558899438,0.0072258363369308,0.4470588235294117,2.450749897185949,0.7444790598622566,0.0,562264.4870147705,246004.0,10.237693808372184,10.984460737524202,2.3816244032988534,0.5092073646574853,0.1891941847038148,,,,,,,
SemStamp,lsh,context,best-of-n,sentence-nltk,,,sentence,nltk,,,64.0,attack,direct,adaptive-Qwen2.5-3B-Instruct-standard-K8-min-surr=bge,adaptive,K8-min-positional-bge,8.0,bge,positional,Qwen2.5-3B-Instruct,sentence-nltk,min,,,,1024,3,c4-val-def-256|c4-val-def-256b|c4-val-def-512,1.5666989036012806,2.116950987028628,2.840187787218772,0.8348245620727539,0.560546875,0.42578125,0.296875,0.572265625,2.189320749328767,5.994569553892396,3.8094195665463335,,,,,,,,,,0.5712890625,0.568359375,0.5673828125,0.5634765625,0.552734375,0.5400390625,0.49609375,0.4423828125,0.375,0.2509765625,0.1005859375,0.49609375,0.69921875,0.6962890625,0.6943359375,0.689453125,0.67578125,0.6611328125,0.609375,0.5478515625,0.462890625,0.306640625,0.125,0.609375,0.701171875,0.87109375,2.959699161237272,0.7681019182222142,0.0,0.5037885836045646,0.0081226053668185,0.4963503649635036,0.169700638611543,0.0096605482528413,0.1428571428571428,46.7451171875,1.2049403247324664,47.0,0.0666714386417618,0.0046997993780899,0.0483377251358294,0.1556016121146758,0.0083223397259682,0.1304347826086956,0.3507131178604691,0.0066368995140671,0.3394216767214479,0.6034490015781213,0.0071369923917202,0.610960960960961,0.1119260166911331,0.0089800143640466,0.0909090909090909,0.9216503372881562,0.0016503915769224,0.9246615171432496,0.9272583276615478,0.0016170310359467,0.9303767383098602,0.9163734999601728,0.0018899978129345,0.9195501506328584,0.9389464571542137,0.0080981863359047,0.9732620320855616,0.9553102008649148,0.0016947263972826,0.9617934226989746,9.291015133118728,0.5199133957601786,10.597267150878906,0.9109049479166668,0.005810473408848,0.9333333333333332,0.9315755208333334,0.005838083549584,1.0,0.0197916666666666,0.0048261949078868,0.0,0.8921875000000001,0.0089871016298418,0.9333333333333332,0.1603515625,0.0110075784260813,0.1333333333333333,,,,,,,,,,,,,,,,0.0940446581577299,0.0085538484506791,0.0564563582870218,0.0528541341742729,0.0083586719282753,0.0142012033208968,0.0398957391760684,0.0081442049284548,0.0036766693701,0.6492868821395309,0.0066368995140671,0.660578323278552,0.3751262193230822,0.0073623792758751,0.3680800915226671,0.5121940495072006,0.007480145197983,0.5164474475196577,3.0464247728642,0.8946185796427653,0.0,516793.59146881104,231845.0,10.21114248730319,10.923391551539504,2.436129378839474,0.764920971604228,0.2269488558921061,,,,,,,
SemStamp,lsh,context,best-of-n,sentence-nltk,,,sentence,nltk,,,64.0,attack,direct,controlled_reorder-ratio=0.1,other,controlled_reorder-ratio=0.1,,,,,,,,,,1024,3,c4-val-def-256|c4-val-def-256b|c4-val-def-512,1.5666989036012806,2.116950987028628,2.840187787218772,0.9876246452331544,0.9716796875,0.92578125,0.8544921875,0.0732421875,5.005257468187511,5.994569553892396,0.9893120857048844,,,,,,,,,,,,,,,,,,,,,,,,,,,,,,,,,,,,5.654598563945322,0.9548209113703868,0.0,1.0,0.0,1.0,0.0,0.0,0.0,94.23046875,2.0908136025573776,102.0,0.1053671154248186,0.0053267876106175,0.0919763085461685,0.0,0.0,0.0,0.0,0.0,0.0,0.0130585076175934,0.0008250944008294,0.0090293913823325,0.0,0.0,0.0,,,,,,,,,,0.9012455244439478,0.0100364131429004,0.958041958041958,,,,,,,,,,,,,,,,,,,,,,,,,,,,,,,,,,,,,,,,,,,,,,1.0,0.0,1.0,0.989135534419196,0.0005746311094978,0.9916666666666668,0.9101223698251792,0.0038311937718878,0.9244444444444444,6.657582906560906,1.1639214739278718,0.0,,0.0,,,,,0.9855143201927344,,,,,,,
SemStamp,lsh,context,best-of-n,sentence-nltk,,,sentence,nltk,,,64.0,attack,direct,controlled_reorder-ratio=0.25,other,controlled_reorder-ratio=0.25,,,,,,,,,,1024,3,c4-val-def-256|c4-val-def-256b|c4-val-def-512,1.5666989036012806,2.116950987028628,2.840187787218772,0.9813404083251952,0.9560546875,0.92578125,0.8662109375,0.0732421875,4.67303464003192,5.994569553892396,1.3215349138604755,,,,,,,,,,,,,,,,,,,,,,,,,,,,,,,,,,,,5.5997497440150745,0.9449629145085848,0.0,1.0,0.0,1.0,8.983111749910169e-05,0.0001762767884114,0.0,94.23046875,2.0908136025573776,102.0,0.2526299515943411,0.0089613997801716,0.2481331169882364,4.663961568956677e-05,9.152056601630752e-05,0.0,0.0,0.0,0.0,0.0184105744954742,0.0009404886356911,0.014018691588785,0.0,0.0,0.0,,,,,,,,,,0.9014850344613424,0.0100051349734933,0.9581669503794328,,,,,,,,,,,,,,,,,,,,,,,,,,,,,,,,,,,,,,,,,,,,,,1.0,0.0,1.0,0.9844030836713488,0.0006825395443771,0.9871794871794872,0.8364821890380251,0.004464135809444,0.8425291730086251,6.661324282372594,1.1632530527791527,0.0,,0.0,,,,,0.978579294588212,,,,,,,
SemStamp,lsh,context,best-of-n,sentence-nltk,,,sentence,nltk,,,64.0,attack,direct,controlled_reorder-ratio=0.5,other,controlled_reorder-ratio=0.5,,,,,,,,,,1024,3,c4-val-def-256|c4-val-def-256b|c4-val-def-512,1.5666989036012806,2.116950987028628,2.840187787218772,0.9789228439331056,0.951171875,0.87109375,0.76953125,0.1279296875,4.241505408502397,5.994569553892396,1.753064145389998,,,,,,,,,,,,,,,,,,,,,,,,,,,,,,,,,,,,5.545171922762711,0.9364883457981904,0.0,1.0,0.0,1.0,0.0010907173086026,0.0010878691816027,0.0,94.23046875,2.0908136025573776,102.0,0.4544656867631187,0.011429739050135,0.4840594139999503,0.0006392367830627,0.0006911537471938,0.0,0.0,0.0,0.0,0.0261180062081468,0.0010005980039024,0.0226244343891402,0.0,0.0,0.0,,,,,,,,,,0.9016559323203214,0.009973590641042,0.9580125756596344,,,,,,,,,,,,,,,,,,,,,,,,,,,,,,,,,,,,,,,,,,,,,,1.0,0.0,1.0,0.9772417304738068,0.0007346637833883,0.9793388429752066,0.7081327816553482,0.0057607722899885,0.7,6.656826422999297,1.1646239691757,0.0,,0.0,,,,,0.9660385378841664,,,,,,,
SemStamp,lsh,context,best-of-n,sentence-nltk,,,sentence,nltk,,,64.0,attack,direct,controlled_reorder-ratio=0.75,other,controlled_reorder-ratio=0.75,,,,,,,,,,1024,3,c4-val-def-256|c4-val-def-256b|c4-val-def-512,1.5666989036012806,2.116950987028628,2.840187787218772,0.9401278495788574,0.8154296875,0.6904296875,0.5439453125,0.30859375,3.420426292889961,5.994569553892396,2.574143261002435,,,,,,,,,,,,,,,,,,,,,,,,,,,,,,,,,,,,5.545988927361567,0.936494114740365,0.0,1.0,0.0,1.0,0.0015099291902651,0.001276162385291,0.0,94.23046875,2.0908136025573776,102.0,0.6863924902795036,0.0123179177060708,0.7343444324403063,0.0008817627846484,0.0007953508083542,0.0,0.0,0.0,0.0,0.0382913624214669,0.0012446029789938,0.0342997198879551,0.0,0.0,0.0,,,,,,,,,,0.9016666589756956,0.0099705336681005,0.9581004769289287,,,,,,,,,,,,,,,,,,,,,,,,,,,,,,,,,,,,,,,,,,,,,,1.0,0.0,1.0,0.9653219201155,0.0011217050338017,0.9682539682539684,0.5318447439251305,0.0070520727002217,0.5136737528041876,6.657727300493512,1.1642338875990557,0.0,,0.0,,,,,0.9476538583531994,,,,,,,
SemStamp,lsh,context,best-of-n,sentence-nltk,,,sentence,nltk,,,64.0,attack,direct,controlled_reorder-ratio=1.0,other,controlled_reorder-ratio=1.0,,,,,,,,,,1024,3,c4-val-def-256|c4-val-def-256b|c4-val-def-512,1.5666989036012806,2.116950987028628,2.840187787218772,0.8289427757263184,0.5712890625,0.4765625,0.353515625,0.5224609375,2.4246957535623066,5.994569553892396,3.5698738003300896,,,,,,,,,,,,,,,,,,,,,,,,,,,,,,,,,,,,5.85839068034095,0.9888083269134684,0.0,1.0,0.0,1.0,0.0025067694163543,0.0015458238624503,0.0,94.23046875,2.0908136025573776,102.0,1.0,0.0,1.0,0.0014338451533641,0.0009382673886591,0.0,0.0,0.0,0.0,0.0581175154164335,0.0017614791520527,0.0526315789473684,0.0,0.0,0.0,,,,,,,,,,0.9005254874159331,0.0101494993615062,0.958041958041958,,,,,,,,,,,,,,,,,,,,,,,,,,,,,,,,,,,,,,,,,,,,,,1.0,0.0,1.0,0.9467107907365526,0.0017175058005175,0.9515527202696196,0.3131495216488493,0.0076440326962088,0.2731092436974789,6.656332211207799,1.164170482679689,0.0,,0.0,,,,,0.916643767774212,,,,,,,
SemStamp,lsh,context,best-of-n,sentence-nltk,,,sentence,nltk,,,64.0,attack,direct,dipper-lex20-order20,dipper,lex20-order20,,,,,,,,20.0,20.0,1024,3,c4-val-def-256|c4-val-def-256b|c4-val-def-512,1.5666989036012806,2.116950987028628,2.840187787218772,0.8803801536560059,0.673828125,0.54296875,0.392578125,0.4560546875,2.5633066576587558,5.994569553892396,3.4316586133415283,,,,,,,,,,0.4541015625,0.4521484375,0.4462890625,0.4423828125,0.43359375,0.4228515625,0.380859375,0.3447265625,0.28515625,0.158203125,0.072265625,0.380859375,0.6044921875,0.6015625,0.595703125,0.5908203125,0.578125,0.5625,0.5078125,0.4609375,0.376953125,0.212890625,0.0986328125,0.5078125,0.6064453125,0.8564453125,4.553481297906524,0.8319931603825192,0.0,0.6669861237566465,0.0069939349999922,0.6724137931034483,0.0881314395893582,0.007813209156053,0.0,62.53515625,1.4950870336042492,66.0,0.0461288328730463,0.0039334809079989,0.0326086956521739,0.069033897318637,0.0066201436107913,0.0434782608695651,0.2017873678385004,0.0047917921594043,0.1910112359550561,0.3669796111871892,0.0063993557571721,0.3625413887422621,0.0344335765481934,0.0052141925288792,0.0,0.9472940705600196,0.0013070391863809,0.950471818447113,0.9531079425942152,0.0013206126764528,0.9565809965133668,0.94168114970671,0.0014383460312839,0.9453203082084656,0.902464353448585,0.0089698785667537,0.9472524924646416,0.9688430211972444,0.0015004139428326,0.9751618206501008,7.682462801575811,0.3034257077604802,8.227417469024658,0.9045247395833332,0.0057455230309656,0.9333333333333332,0.9010416666666669,0.0067702959396839,0.9333333333333332,0.0140625,0.0044725116237695,0.0,0.8406250000000001,0.009920113397121,0.8666666666666667,0.1095052083333333,0.009455906629288,0.0,,,,,,,,,,,,,,,,0.1305558118246149,0.0095222771331849,0.0839427747824694,0.0775349233898624,0.009441366759306,0.0256822491549179,0.0596132355071837,0.0091436341088984,0.0080322580645161,0.7982126321614995,0.0047917921594043,0.8089887640449438,0.6017781205534951,0.0067115904126038,0.6106984729375622,0.670533412564126,0.0059743265865384,0.6760568037163781,5.087573620888062,1.025055018011348,0.0,488687.06385421753,239677.0,10.121839943106927,10.964728100230314,2.4400592480336214,0.9954413291874802,0.4379250357516556,,,,,,,
SemStamp,lsh,context,best-of-n,sentence-nltk,,,sentence,nltk,,,64.0,attack,direct,dipper-lex20-order40,dipper,lex20-order40,,,,,,,,20.0,40.0,1024,3,c4-val-def-256|c4-val-def-256b|c4-val-def-512,1.5666989036012806,2.116950987028628,2.840187787218772,0.8458704948425293,0.580078125,0.4453125,0.2900390625,0.552734375,2.199167703340384,5.994569553892396,3.7988706174904743,,,,,,,,,,0.552734375,0.5498046875,0.5498046875,0.541015625,0.5283203125,0.5078125,0.4443359375,0.4013671875,0.3173828125,0.1787109375,0.0859375,0.4443359375,0.7080078125,0.7041015625,0.7041015625,0.693359375,0.677734375,0.6552734375,0.5751953125,0.5224609375,0.4033203125,0.234375,0.1025390625,0.5751953125,0.7080078125,0.8251953125,4.723913940182364,0.853634779065833,0.0,0.6588860350710908,0.0067470342156133,0.6666666666666666,0.0869625245315209,0.0075196295105698,0.0625,61.7890625,1.4832113285923332,64.0,0.1094822484285088,0.0069033297798706,0.0874890638670166,0.0693535122625725,0.0061643739467426,0.0476190476190476,0.2058805694356687,0.0046984724834765,0.1955675609306894,0.3795154580508647,0.0063954059675754,0.3714947164034203,0.0387435718516966,0.0052927682959632,0.0,0.9426151639199816,0.0011922041651112,0.9454101622104644,0.9486159558291548,0.0012594677905577,0.9516687393188475,0.9368310092249884,0.0012956075911712,0.9393648505210876,0.9006558342342181,0.0091835038154552,0.9460121886592474,0.9632956546847709,0.0014881799092432,0.9699689149856568,8.086487633959756,0.3916807788794897,8.758523941040039,0.8951009114583333,0.0057357401077837,0.9166666666666666,0.8900390625000001,0.0068986453496182,0.9333333333333332,0.0126953125,0.0036508386582469,0.0,0.8267578125,0.0102889710716545,0.8666666666666667,0.1236979166666666,0.0095755907301756,0.0666666666666666,,,,,,,,,,,,,,,,0.1309472592354829,0.0095758037779973,0.0853161444769746,0.078162262373217,0.0094940827970181,0.0244773138613243,0.0603432467917764,0.0091944335980026,0.0085291336291554,0.7941194305643313,0.0046984724834765,0.8044324390693105,0.5900317995734554,0.0065395443372473,0.5961330785844825,0.5846996693841553,0.0058241781414348,0.5809827473247433,5.165072238657795,1.0315865770935388,0.0,499870.0087814331,239150.0,10.11522076743795,10.951293137620228,2.42485375115166,0.9877229002193691,0.4254165702581042,,,,,,,
SemStamp,lsh,context,best-of-n,sentence-nltk,,,sentence,nltk,,,64.0,attack,direct,dipper-lex20-order80,dipper,lex20-order80,,,,,,,,20.0,80.0,1024,3,c4-val-def-256|c4-val-def-256b|c4-val-def-512,1.5666989036012806,2.116950987028628,2.840187787218772,0.7789468765258789,0.443359375,0.322265625,0.2001953125,0.673828125,1.6334001987675069,5.994569553892396,4.3721424145229895,,,,,,,,,,0.671875,0.6689453125,0.666015625,0.654296875,0.6328125,0.58984375,0.5146484375,0.4345703125,0.333984375,0.1884765625,0.0703125,0.5146484375,0.7939453125,0.791015625,0.7880859375,0.7744140625,0.75,0.7021484375,0.61328125,0.5185546875,0.3974609375,0.2275390625,0.0859375,0.61328125,0.7958984375,0.7724609375,5.12884934446522,0.898507359164148,0.0,0.6033515719547925,0.0072417242275737,0.6101694915254238,0.0913155143781749,0.0083665581588326,0.0588235294117647,56.7021484375,1.396613123257625,60.0,0.1992918876491387,0.0094617206617687,0.1577092359535107,0.0766722987264716,0.0072599422022082,0.0476190476190476,0.2379293691894383,0.0053686050664561,0.2284764016471334,0.4531707828348577,0.0063821831379129,0.4508066205740624,0.0443705642482968,0.0057726787899783,0.0,0.931511250382755,0.0014955026688726,0.9355952441692352,0.936860799905844,0.0016902525979265,0.941340982913971,0.9264201420592144,0.0014522514321317,0.9300649762153624,0.8920523000678664,0.0096341569837667,0.9397869254796966,0.9508568673045374,0.0024768405736696,0.9597147107124328,8.493112350868506,0.4692281823500281,9.609272003173828,0.873779296875,0.0063987936701045,0.8999999999999999,0.8792317708333335,0.0077564296515691,0.9333333333333332,0.0196614583333333,0.0053330329848256,0.0,0.8029947916666667,0.0109682691412192,0.8000000000000002,0.1674479166666666,0.0100071042175678,0.1333333333333333,,,,,,,,,,,,,,,,0.1412033403252227,0.0100371017428039,0.0905172413793103,0.0847623796048155,0.0100107339038864,0.0290382081686429,0.0654410065326295,0.009699987064065,0.0109090909090908,0.7620706308105616,0.0053686050664561,0.7715235983528665,0.5233777690485364,0.0065983932108785,0.5218298992466188,0.4514762867765392,0.0054271409879774,0.4400566363442403,4.766237347997608,0.9517276247636904,0.0,522712.1123428345,244343.0,9.836623599514589,10.666935977634152,2.3639237717750348,0.9821266881549506,0.3580357151200999,,,,,,,
SemStamp,lsh,context,best-of-n,sentence-nltk,,,sentence,nltk,,,64.0,attack,direct,dipper-lex40-order20,dipper,lex40-order20,,,,,,,,40.0,20.0,1024,3,c4-val-def-256|c4-val-def-256b|c4-val-def-512,1.5666989036012806,2.116950987028628,2.840187787218772,0.8505282402038574,0.6015625,0.4638671875,0.306640625,0.5341796875,2.203520708009294,5.994569553892396,3.794517612821565,,,,,,,,,,0.533203125,0.5283203125,0.5234375,0.509765625,0.48828125,0.4541015625,0.3720703125,0.30078125,0.212890625,0.119140625,0.04296875,0.3720703125,0.689453125,0.6845703125,0.6796875,0.662109375,0.6328125,0.59375,0.4931640625,0.4072265625,0.29296875,0.1669921875,0.0654296875,0.4931640625,0.69140625,0.7392578125,4.628502420789667,0.8473896930934198,0.0,0.5476207798903772,0.0071216908301196,0.5422535211267606,0.1044789154627913,0.0081715128279473,0.0801282051282051,51.1943359375,1.2422744019392444,53.0,0.0525769495287277,0.0033869452993803,0.0397124915035862,0.0827910858044159,0.0066324834409182,0.0526315789473683,0.2746023423368527,0.0047962767430532,0.2665379665379664,0.5098529121919376,0.0065075031459108,0.5146428571428572,0.0462102546149236,0.0064930302721914,0.0,0.9335226999246516,0.001271037384,0.936412274837494,0.9394315581885166,0.0013042171148187,0.94254532456398,0.9278088807477616,0.0013800317363873,0.9310091733932496,0.8979681478687283,0.0090002281991821,0.9411764705882352,0.954785323148826,0.0023076109977114,0.9621102511882782,8.164485904259676,0.4119066185141617,8.928789138793945,0.8654459635416667,0.0064475160436943,0.8833333333333333,0.8799479166666668,0.0070904251227651,0.8666666666666667,0.0248046875,0.0051591227417028,0.0,0.7815104166666667,0.010760230248943,0.8000000000000002,0.1748697916666666,0.0106175257796734,0.1333333333333333,,,,,,,,,,,,,,,,0.1345149923491626,0.0094380136641022,0.0892857142857143,0.077491889425513,0.0094568033392112,0.0271189556903842,0.0591143012039687,0.0092273511279665,0.0095847623713865,0.7253976576631472,0.0047962767430532,0.7334620334620335,0.4679059664884766,0.0064475074473869,0.4662047511312217,0.5877587232727661,0.0057421488013425,0.5871762156469611,4.937248273607779,0.9963794259768876,0.0,508229.8823471069,242038.0,9.991919425119804,10.863601649984943,2.419740642078572,0.9905220143939176,0.3032674688972069,,,,,,,
SemStamp,lsh,context,best-of-n,sentence-nltk,,,sentence,nltk,,,64.0,attack,direct,dipper-lex80-order20,dipper,lex80-order20,,,,,,,,80.0,20.0,1024,3,c4-val-def-256|c4-val-def-256b|c4-val-def-512,1.5666989036012806,2.116950987028628,2.840187787218772,0.732215404510498,0.369140625,0.2529296875,0.140625,0.740234375,1.3108168894118273,5.994569553892396,4.707684178638818,,,,,,,,,,0.6787109375,0.6298828125,0.5849609375,0.5087890625,0.3974609375,0.2900390625,0.1455078125,0.0908203125,0.05078125,0.0234375,0.0068359375,0.1455078125,0.78515625,0.732421875,0.681640625,0.5966796875,0.46875,0.3388671875,0.1767578125,0.1083984375,0.060546875,0.02734375,0.0078125,0.1767578125,0.8525390625,0.21875,3.73933906041196,0.7438894222361775,0.0,0.2988383535004358,0.0069108446708541,0.2962962962962963,0.1604662504836086,0.0112102394874749,0.125,28.0087890625,0.8512741099660333,28.0,0.1389863943448442,0.0080782365984867,0.1114167812929848,0.1425230315768872,0.0104091257164443,0.111111111111111,0.468127913454033,0.0065316874061266,0.448409775694677,0.7706298085096859,0.0059194516918305,0.7724867724867724,0.0861199422708476,0.0093052993437619,0.0,0.8861901973141357,0.0018404542278657,0.8919005393981934,0.8909366285079159,0.0019549544243006,0.8977490365505219,0.8817084500915371,0.0018909316214202,0.8870530724525452,0.8965264232748266,0.0080788477238122,0.9310344827586208,0.8667864568706136,0.0055367805730363,0.8940374553203583,11.052752094835377,0.7108424654834754,12.411812782287598,0.7003255208333332,0.0087375875395948,0.7166666666666667,0.7165364583333333,0.0114742323398925,0.7333333333333334,0.0662109375,0.00851192201677,0.0,0.5615885416666666,0.0125819040388901,0.5333333333333333,0.4106119791666667,0.0119908647015969,0.4000000000000001,,,,,,,,,,,,,,,,0.1349580989345398,0.0085967630120997,0.0988142292490118,0.0694206623646435,0.0085306391534342,0.0276684164479439,0.0502215800351684,0.0082041306079869,0.0096463022508038,0.531872086545967,0.0065316874061266,0.551590224305323,0.2201591991427133,0.0057293987008691,0.2149479970284016,0.3625763474959775,0.0062074064004206,0.3625267350099564,4.180861349011011,0.9091890034356992,0.0,574442.2148933411,239084.0,9.66228914478236,10.634790442107343,2.2565672309319,0.8473910052026028,0.1135053145029137,,,,,,,
SemStamp,lsh,context,best-of-n,sentence-nltk,,,sentence,nltk,,,64.0,attack,direct,merge_adjacent-ratio=0.2,other,merge_adjacent-ratio=0.2,,,,,,,,,,1024,3,c4-val-def-256|c4-val-def-256b|c4-val-def-512,1.5666989036012806,2.116950987028628,2.840187787218772,0.9847617149353028,0.96875,0.93359375,0.8603515625,0.0654296875,4.551676318601734,5.994569553892396,1.4428932352906616,,,,,,,,,,,,,,,,,,,,,,,,,,,,,,,,,,,,5.524146275056243,0.932956982106154,0.0,1.0,0.0,1.0,0.1552928355240873,0.006980451102523,0.1428571428571428,94.23046875,2.0908136025573776,102.0,0.0,0.0,0.0,0.0878863968719003,0.0045826190943835,0.0769230769230768,0.0,0.0,0.0,0.0,0.0,0.0,0.0,0.0,0.0,,,,,,,,,,0.9025925781524916,0.0098744615124609,0.9584770114942528,,,,,,,,,,,,,,,,,,,,,,,,,,,,,,,,,,,,,,,,,,,,,,1.0,0.0,1.0,1.0,0.0,1.0,1.0,0.0,1.0,5.208663591927605,1.023469885952094,0.0,,0.0,,,,,0.961657006237699,,,,,,,
SemStamp,lsh,context,best-of-n,sentence-nltk,,,sentence,nltk,,,64.0,attack,direct,merge_adjacent-ratio=0.5,other,merge_adjacent-ratio=0.5,,,,,,,,,,1024,3,c4-val-def-256|c4-val-def-256b|c4-val-def-512,1.5666989036012806,2.116950987028628,2.840187787218772,0.9355511665344238,0.82421875,0.6904296875,0.5146484375,0.306640625,2.988342354290688,5.994569553892396,3.014576893522028,,,,,,,,,,,,,,,,,,,,,,,,,,,,,,,,,,,,5.440040620871489,0.9220613795614984,0.0,1.0,0.0,1.0,0.3183191351194612,0.0081517196310422,0.3333333333333333,94.23046875,2.0908136025573776,102.0,0.0,0.0,0.0,0.1956790625662337,0.0066394919697018,0.1999999999999999,0.0,0.0,0.0,0.0,0.0,0.0,0.0,0.0,0.0,,,,,,,,,,0.90329476743439,0.0098088967431105,0.9582541191381496,,,,,,,,,,,,,,,,,,,,,,,,,,,,,,,,,,,,,,,,,,,,,,1.0,0.0,1.0,1.0,0.0,1.0,1.0,0.0,1.0,4.327475111584594,0.940709243398299,0.0,,0.0,,,,,0.92270557166039,,,,,,,
SemStamp,lsh,context,best-of-n,sentence-nltk,,,sentence,nltk,,,64.0,attack,direct,merge_adjacent-ratio=1.0,other,merge_adjacent-ratio=1.0,,,,,,,,,,1024,3,c4-val-def-256|c4-val-def-256b|c4-val-def-512,1.5666989036012806,2.116950987028628,2.840187787218772,0.7742328643798828,0.46875,0.3095703125,0.1611328125,0.6875,1.4707934117410977,5.994569553892396,4.532125836071618,,,,,,,,,,,,,,,,,,,,,,,,,,,,,,,,,,,,5.639005169167516,0.9593131015614133,0.0,1.0,0.0,1.0,0.4925092427674645,0.0065626335008064,0.5,94.23046875,2.0908136025573776,102.0,0.0,0.0,0.0,0.330516603758233,0.006357007315773,0.3333333333333333,0.0,0.0,0.0,0.0,0.0,0.0,0.0,0.0,0.0,,,,,,,,,,0.9025181534516148,0.0099487715569429,0.9581669503794328,,,,,,,,,,,,,,,,,,,,,,,,,,,,,,,,,,,,,,,,,,,,,,1.0,0.0,1.0,1.0,0.0,1.0,1.0,0.0,1.0,4.156029003554616,0.9770745215762036,0.0,,0.0,,,,,0.8824600387122689,,,,,,,
SemStamp,lsh,context,best-of-n,sentence-nltk,,,sentence,nltk,,,64.0,attack,direct,parrot,parrot,default,,,,,,,,,,1024,3,c4-val-def-256|c4-val-def-256b|c4-val-def-512,1.5666989036012806,2.116950987028628,2.840187787218772,0.9761176109313964,0.9462890625,0.9169921875,0.845703125,0.08203125,4.636680948570308,5.994569553892396,1.3578886053220882,,,,,,,,,,0.08203125,0.08203125,0.0810546875,0.0810546875,0.0791015625,0.07421875,0.0703125,0.0625,0.0458984375,0.0263671875,0.0078125,0.0703125,0.1533203125,0.1533203125,0.15234375,0.15234375,0.1474609375,0.140625,0.126953125,0.1123046875,0.083984375,0.044921875,0.0107421875,0.126953125,0.1533203125,0.841796875,5.683376630474008,0.9948777873402894,0.0,0.7295709528664804,0.0053267388804455,0.7352941176470589,0.010646672423038,0.002564392359293,0.0,69.01953125,1.6231685214417984,73.0,0.0092300464509616,0.0009316358145742,0.0012922679302175,0.0104529729646657,0.0027234877307891,0.0,0.1712778854538846,0.0041773701990014,0.1590413943355119,0.3424328876648665,0.0061340357135133,0.3333333333333333,0.0077937770344584,0.002878828224111,0.0,0.9237691060989164,0.0014006198857557,0.9279820919036864,0.9283094741404057,0.0013946251910825,0.9333152174949646,0.9193698759190738,0.0015100157689938,0.9235152900218964,0.8994254684812832,0.0101255988702394,0.9548530430883372,0.9687141914037056,0.0011069660153594,0.9729059934616088,11.921999672509324,0.6234104323141415,13.515832901000977,0.8840657552083333,0.0049445958498979,0.8999999999999999,0.8838541666666668,0.0062301811294638,0.8666666666666667,0.013671875,0.0040113138422273,0.0,0.7506510416666667,0.010152197769884,0.7333333333333334,0.0845703125,0.0079463227541418,0.0,,,,,,,,,,,,,,,,0.1257301941306163,0.010457900641367,0.0689655172413793,0.0800079723830276,0.0105737493389757,0.0177935943060498,0.0657576254185322,0.0104600438867789,0.0040322580645161,0.8287221145461154,0.0041773701990014,0.840958605664488,0.6325069756009143,0.00644466433161,0.6456003441071648,0.7303609237517179,0.0045879097186826,0.7383991262287409,6.786595878812127,1.1723446485875115,0.0,588351.3465270996,237393.0,10.112328060085256,10.916301011933395,1.9885863326815505,0.2934020574050197,0.3609796891355749,,,,,,,
SemStamp,lsh,context,best-of-n,sentence-nltk,,,sentence,nltk,,,64.0,attack,direct,parrot-bigram-threshold=0.03,parrot,bigram-0.03,,,,,,,,,,1024,3,c4-val-def-256|c4-val-def-256b|c4-val-def-512,1.5666989036012806,2.116950987028628,2.840187787218772,0.98435640335083,0.9619140625,0.9326171875,0.875,0.06640625,5.0378895653883085,5.994569553892396,0.9566799885040886,,,,,,,,,,0.06640625,0.06640625,0.06640625,0.06640625,0.06640625,0.0654296875,0.0634765625,0.05859375,0.048828125,0.0244140625,0.009765625,0.0634765625,0.1240234375,0.1240234375,0.1240234375,0.1240234375,0.1240234375,0.12109375,0.1171875,0.1044921875,0.0849609375,0.0517578125,0.0205078125,0.1171875,0.1240234375,0.9326171875,5.66814497387863,0.987649746939017,0.0,0.7670909250036616,0.0046148977153606,0.7727272727272727,0.0070988451264496,0.0019225589978733,0.0,72.3974609375,1.6734968697619153,78.0,0.0055697110422605,0.0006387481696447,0.0,0.0071351751389994,0.0024297026281667,0.0,0.1409072059381458,0.0032333725087199,0.1306174595648279,0.2955503602365879,0.0048358650361516,0.2894381263371242,0.005567739063184,0.0025404473556476,0.0,0.9322290538111702,0.0013550322711705,0.9366256892681122,0.9367823750944808,0.0013168564323358,0.9405869245529176,0.9278146279393696,0.001492135179257,0.9317998886108398,0.9013414904221272,0.0101328313050785,0.9577464788732394,0.9751083456794732,0.0009265792047886,0.9789535999298096,11.197436200839691,0.6971657603704774,12.578462600708008,0.91494140625,0.0042814612902064,0.9333333333333332,0.9142578125,0.0056689594444002,0.9333333333333332,0.0087239583333333,0.0030313135319512,0.0,0.7944010416666668,0.010069693460485,0.8000000000000002,0.0401692708333333,0.0051622759886861,0.0,,,,,,,,,,,,,,,,0.1247620329964928,0.0105036324054683,0.0660035876737779,0.080420325184499,0.0105949783988303,0.017460825559417,0.066415309147052,0.0104547646089682,0.0040160642570281,0.8590927940618542,0.0032333725087199,0.869382540435172,0.6870758698276261,0.0051918436007401,0.6957427536231884,0.7909280795266137,0.003733989295613,0.797881688666193,6.824911050337731,1.172849176020616,0.0,574488.5062561035,237816.0,10.166581168492954,10.944685390758146,2.096448781126836,0.3492921759050021,0.3842078391282746,,,,,,,
SemStamp,lsh,context,best-of-n,sentence-nltk,,,sentence,nltk,,,64.0,attack,direct,pegasus,pegasus,default,,,,,,,,,,1024,3,c4-val-def-256|c4-val-def-256b|c4-val-def-512,1.5666989036012806,2.116950987028628,2.840187787218772,0.9775099754333496,0.947265625,0.9140625,0.8359375,0.0849609375,4.709917908793084,5.994569553892396,1.2846516450993108,,,,,,,,,,0.0830078125,0.0810546875,0.0810546875,0.0771484375,0.068359375,0.0576171875,0.046875,0.03515625,0.0205078125,0.009765625,0.0029296875,0.046875,0.1611328125,0.158203125,0.158203125,0.1533203125,0.138671875,0.1259765625,0.1025390625,0.0791015625,0.041015625,0.0185546875,0.0029296875,0.1025390625,0.1630859375,0.68359375,8.748350138862545,1.142965272695289,0.0,0.6150394641733201,0.0066633798406695,0.6259541984732825,0.0101325427351469,0.0033681080752767,0.0,58.384765625,1.43575432472394,61.0,0.0088972098674606,0.0009113865827382,0.0,0.0100046643448939,0.0031573721749584,0.0,0.2430666570927861,0.0067660295030809,0.2125516584806456,0.3306531087834685,0.0063545266937921,0.3215183058147882,0.0079721903739971,0.0028170598084713,0.0,0.9198458372266032,0.0024386126192688,0.9315511286258698,0.9280592083814554,0.0036103878360138,0.9470676481723784,0.9131792170228435,0.0016366457807113,0.917082816362381,0.8652669466501852,0.0115285358121015,0.9423024543776292,0.9444241719902492,0.0024398051578269,0.9547682702541352,6.481680735204345,0.5069833757394213,9.728999137878418,0.8336588541666667,0.0067198578850123,0.85,0.7897786458333333,0.0076057449646837,0.8000000000000002,0.0280598958333333,0.0063234304773879,0.0,0.6985026041666668,0.0109021987229209,0.6666666666666666,0.1255859375,0.0116593781414729,0.0666666666666666,,,,,,,,,,,,,,,,0.1921670071353679,0.0141867302044101,0.0895872420262664,0.1444586249653069,0.0146732808223641,0.0277137736815156,0.1297560913891609,0.0147102556221882,0.0091745049765376,0.7569333429072139,0.0067660295030809,0.7874483415193544,0.5765717146012477,0.0071126203604089,0.5894973110928812,0.6474333833151436,0.0065914309410791,0.6604215456674474,7.144857578465281,1.200113057996982,0.0,454135.93769836426,242986.0,9.26578678609438,10.03502706011302,2.252863311098197,0.9006228169498903,0.3937225233651912,,,,,,,
SemStamp,lsh,context,best-of-n,sentence-nltk,,,sentence,nltk,,,64.0,attack,direct,pegasus-bigram-threshold=0.03,pegasus,bigram-0.03,,,,,,,,,,1024,3,c4-val-def-256|c4-val-def-256b|c4-val-def-512,1.5666989036012806,2.116950987028628,2.840187787218772,0.9731850624084472,0.9345703125,0.904296875,0.8349609375,0.0947265625,4.673435992802645,5.994569553892396,1.32113356108975,,,,,,,,,,0.0947265625,0.09375,0.0908203125,0.0859375,0.0830078125,0.078125,0.0654296875,0.052734375,0.0341796875,0.0166015625,0.0068359375,0.0654296875,0.1640625,0.1630859375,0.1591796875,0.154296875,0.1484375,0.1416015625,0.1181640625,0.0966796875,0.0625,0.0234375,0.009765625,0.1181640625,0.1640625,0.736328125,6.878914056314963,1.0635541987817954,0.0,0.5746473824512137,0.0056075457070675,0.5819672131147541,0.0133587366707608,0.0033416977995749,0.0,54.1279296875,1.2754100321987194,57.0,0.0162260288465148,0.0013445436840136,0.0088300651046742,0.0145864332711176,0.0034679271959979,0.0,0.2512751725327978,0.0053323099236119,0.2346548426360632,0.4491620343940871,0.0056993139402135,0.4498322147651007,0.0132160695300817,0.0037101533079096,0.0,0.925755074888002,0.0016684762377045,0.9306865632534028,0.9366980036138556,0.0023750713408118,0.944641262292862,0.9157249827403576,0.0013422741698967,0.9178650975227356,0.885705186216754,0.0107950374558812,0.9494026454273928,0.9516470657545142,0.0017998495803504,0.9581795036792756,8.506893285277815,0.4920552168876777,10.81724500656128,0.8526692708333333,0.0059732106855179,0.8666666666666667,0.8163411458333334,0.0071570636365089,0.8000000000000002,0.0233072916666666,0.0056134680001247,0.0,0.7131510416666667,0.0103413258087609,0.7333333333333334,0.0955078125,0.0092939904294252,0.0,,,,,,,,,,,,,,,,0.1538669259377606,0.0121642214801541,0.0790526184226971,0.1059432989219103,0.0124807728027419,0.0207793609671848,0.0922274674719598,0.0124324022649689,0.0049383017119445,0.7487248274672023,0.0053323099236119,0.7653451573639367,0.4926228593878087,0.0057276195356805,0.4944557814766553,0.6045403068363725,0.0054367617567011,0.6101880049628086,6.860689966961543,1.1769592342607846,0.0,469736.2034187317,219413.0,9.66240258396058,10.476418742150496,2.3029207503162348,0.944550632889278,0.2771907519776548,,,,,,,
SemStamp,lsh,context,best-of-n,sentence-nltk,,,sentence,nltk,,,64.0,attack,direct,split_midpoint-ratio=0.2,other,split_midpoint-ratio=0.2,,,,,,,,,,1024,3,c4-val-def-256|c4-val-def-256b|c4-val-def-512,1.5666989036012806,2.116950987028628,2.840187787218772,0.9923944473266602,0.9853515625,0.958984375,0.9091796875,0.0400390625,5.144425589124058,5.994569553892396,0.8501439647683371,,,,,,,,,,,,,,,,,,,,,,,,,,,,,,,,,,,,5.719421733281379,0.9762981996186696,0.0,1.0,0.0,1.0,0.0,0.0,0.0,94.23046875,2.0908136025573776,102.0,0.0,0.0,0.0,0.0719468159085674,0.0042478823090909,0.0666666666666666,0.0,0.0,0.0,0.0,0.0,0.0,0.1287697558009904,0.0062625788477378,0.125,,,,,,,,,,0.9023707213605388,0.0100839205410803,0.9596186076006704,,,,,,,,,,,,,,,,,,,,,,,,,,,,,,,,,,,,,,,,,,,,,,1.0,0.0,1.0,1.0,0.0,1.0,1.0,0.0,1.0,6.068589349656417,1.1140388426134744,0.0,,0.0,,,,,0.970547074742771,,,,,,,
SemStamp,lsh,context,best-of-n,sentence-nltk,,,sentence,nltk,,,64.0,attack,direct,split_midpoint-ratio=0.5,other,split_midpoint-ratio=0.5,,,,,,,,,,1024,3,c4-val-def-256|c4-val-def-256b|c4-val-def-512,1.5666989036012806,2.116950987028628,2.840187787218772,0.9729113578796388,0.9189453125,0.8515625,0.7216796875,0.1474609375,4.150482731988947,5.994569553892396,1.8440868219034483,,,,,,,,,,,,,,,,,,,,,,,,,,,,,,,,,,,,5.613492754860968,0.9690285042618908,0.0,1.0,0.0,1.0,0.0,0.0,0.0,94.23046875,2.0908136025573776,102.0,0.0,0.0,0.0,0.1620611852249392,0.0055292335287906,0.1612903225806452,0.0,0.0,0.0,0.0,0.0,0.0,0.2712495607281046,0.0073085263036628,0.2777777777777778,,,,,,,,,,0.9044599657215812,0.0100509819115631,0.9612797767782776,,,,,,,,,,,,,,,,,,,,,,,,,,,,,,,,,,,,,,,,,,,,,,1.0,0.0,1.0,1.0,0.0,1.0,1.0,0.0,1.0,5.908783383137848,1.1016381269224351,0.0,,0.0,,,,,0.9268432287428848,,,,,,,
SemStamp,lsh,context,best-of-n,sentence-nltk,,,sentence,nltk,,,64.0,attack,direct,split_midpoint-ratio=1.0,other,split_midpoint-ratio=1.0,,,,,,,,,,1024,3,c4-val-def-256|c4-val-def-256b|c4-val-def-512,1.5666989036012806,2.116950987028628,2.840187787218772,0.906804084777832,0.7119140625,0.58984375,0.4345703125,0.41015625,3.0103147170486846,5.994569553892396,2.9830053120055102,,,,,,,,,,,,,,,,,,,,,,,,,,,,,,,,,,,,5.6583702148727255,0.9818427645607346,0.0,1.0,0.0,1.0,0.0,0.0,0.0,94.23046875,2.0908136025573776,102.0,0.0,0.0,0.0,0.2820711017638989,0.0059311550025538,0.2941176470588236,0.0,0.0,0.0,0.0,0.0,0.0,0.43268710510325,0.0068053531951589,0.4545454545454545,,,,,,,,,,0.9066743441907698,0.0101123128489057,0.964,,,,,,,,,,,,,,,,,,,,,,,,,,,,,,,,,,,,,,,,,,,,,,1.0,0.0,1.0,1.0,0.0,1.0,1.0,0.0,1.0,6.463311260946831,1.1310211925512668,0.0,,0.0,,,,,0.852314621148696,,,,,,,
SemStamp,lsh,context,best-of-n,sentence-nltk,,,sentence,nltk,,,64.0,attack,direct,synonym_substitution-ratio=0.1,other,synonym_substitution-ratio=0.1,,,,,,,,,,1024,3,c4-val-def-256|c4-val-def-256b|c4-val-def-512,1.5666989036012806,2.116950987028628,2.840187787218772,0.9916377067565918,0.982421875,0.9658203125,0.9267578125,0.033203125,5.357086784641844,5.994569553892396,0.6374827692505524,,,,,,,,,,,,,,,,,,,,,,,,,,,,,,,,,,,,4.7422927009012135,0.84436373451762,0.0,0.9319722949665228,0.00190726280569,0.9333333333333332,0.001354741042306,0.0008855739631598,0.0,87.62890625,1.9374403365022792,95.0,0.0003468305285346,0.0001453308461067,0.0,0.0013632019556134,0.0006093915560557,0.0,0.0413053525471181,0.0010416125531756,0.0404010652528748,0.1151551159832777,0.0030252763407876,0.1104915627292736,0.0012112091904582,0.0007001196777378,0.0,,,,,,,,,,0.9101865528859596,0.0093883954579498,0.9626992157854796,,,,,,,,,,,,,,,,,,,,,,,,,,,,,,,,,,,,,,,,,,,,,,0.958694647452882,0.0010416125531756,0.9595989347471252,0.9192216050165792,0.0019797182221104,0.9197524313264368,0.9584295674604784,0.0010493274881389,0.9592953966300736,4.853416339239855,0.9815292551963546,0.0,,0.0,,,,,0.8693200143257395,,,,,,,
SemStamp,lsh,context,best-of-n,sentence-nltk,,,sentence,nltk,,,64.0,attack,direct,synonym_substitution-ratio=0.25,other,synonym_substitution-ratio=0.25,,,,,,,,,,1024,3,c4-val-def-256|c4-val-def-256b|c4-val-def-512,1.5666989036012806,2.116950987028628,2.840187787218772,0.9755501747131348,0.9345703125,0.8837890625,0.78515625,0.115234375,4.398539540434678,5.994569553892396,1.5960300134577183,,,,,,,,,,,,,,,,,,,,,,,,,,,,,,,,,,,,3.8776323880024384,0.7429366087973742,0.0,0.8338663135422074,0.0030244219212343,0.8333333333333334,0.0047296878571582,0.001666090308957,0.0,78.333984375,1.7353278301796284,84.0,0.0018850030512714,0.0003542138309852,0.0,0.0052888784508892,0.0013937063723525,0.0,0.1023879994980911,0.0017237003959705,0.1010309278350515,0.2624696127357344,0.0039394381336605,0.2597913897126495,0.0050520067521927,0.0017961173576601,0.0,,,,,,,,,,0.917025442847019,0.0088717571819656,0.9641572456320656,,,,,,,,,,,,,,,,,,,,,,,,,,,,,,,,,,,,,,,,,,,,,,0.8976120005019089,0.0017237003959705,0.8989690721649485,0.8035172773642352,0.0031474693880028,0.8055185718555553,0.8960886607972456,0.0017518684718946,0.8979591836734694,3.96847029581664,0.8915510827653755,0.0,,0.0,,,,,0.6935541819660735,,,,,,,
SemStamp,lsh,context,best-of-n,sentence-nltk,,,sentence,nltk,,,64.0,attack,direct,synonym_substitution-ratio=0.5,other,synonym_substitution-ratio=0.5,,,,,,,,,,1024,3,c4-val-def-256|c4-val-def-256b|c4-val-def-512,1.5666989036012806,2.116950987028628,2.840187787218772,0.920832633972168,0.7802734375,0.67578125,0.51171875,0.3232421875,3.082484893094476,5.994569553892396,2.91208466079792,,,,,,,,,,,,,,,,,,,,,,,,,,,,,,,,,,,,3.624348034283032,0.7074312021523385,0.0,0.675331439726852,0.0040792067107686,0.6739130434782609,0.008666953024607,0.0021555302731756,0.0,63.216796875,1.3970443176532412,68.0,0.0072134134844428,0.0007693699509254,0.0,0.0100270323431477,0.0018495293967164,0.0,0.2000526850055633,0.0024463815645359,0.2,0.4650250341367175,0.0040260088437912,0.4651162790697674,0.0099325459011861,0.0024961460388399,0.0,,,,,,,,,,0.916140425218874,0.0087117815529655,0.9613204980958714,,,,,,,,,,,,,,,,,,,,,,,,,,,,,,,,,,,,,,,,,,,,,,0.7999473149944367,0.0024463815645359,0.7999999999999999,0.6290393915886802,0.0040658503968449,0.6297791132044828,0.7949026106103139,0.0024919618084201,0.7949254371848514,3.5785498044057618,0.8560821109115397,0.0,,0.0,,,,,0.450411572195708,,,,,,,
SemStamp,lsh,context,best-of-n,sentence-nltk,,,sentence,nltk,,,64.0,attack,direct,synonym_substitution-ratio=0.75,other,synonym_substitution-ratio=0.75,,,,,,,,,,1024,3,c4-val-def-256|c4-val-def-256b|c4-val-def-512,1.5666989036012806,2.116950987028628,2.840187787218772,0.8194236755371094,0.529296875,0.4052734375,0.2626953125,0.59375,2.001090005050709,5.994569553892396,3.993479548841687,,,,,,,,,,,,,,,,,,,,,,,,,,,,,,,,,,,,4.386759423722174,0.7786772422112812,0.3323579749351294,0.5282624524709446,0.0046552865671441,0.5258620689655172,0.0145519700617857,0.0029198224086478,0.0,49.1796875,1.098034386030082,52.0,0.0164508524013945,0.0013205907652423,0.0082191780821917,0.019653755842926,0.0037719454190522,0.0,0.2918377037800954,0.0029973847046148,0.2892064124265657,0.6300183964080428,0.003894013140239,0.6290994623655914,0.0198651297043824,0.0044275439092218,0.0,,,,,,,,,,0.9038833058764568,0.0090064550446128,0.9511278195488722,,,,,,,,,,,,,,,,,,,,,,,,,,,,,,,,,,,,,,,,,,,,,,0.7081622962199046,0.0029973847046148,0.7107935875734342,0.4793045131937051,0.0043603889527735,0.4798418142367187,0.6986315917210363,0.0030421700509535,0.7008212657548941,4.107197057694084,0.8978857155041476,0.0,,0.0,,,,,0.2668027630547009,,,,,,,
SemStamp,lsh,context,best-of-n,sentence-nltk,,,sentence,nltk,,,64.0,attack,direct,synonym_substitution-ratio=1.0,other,synonym_substitution-ratio=1.0,,,,,,,,,,1024,3,c4-val-def-256|c4-val-def-256b|c4-val-def-512,1.5666989036012806,2.116950987028628,2.840187787218772,0.7043642997741699,0.3349609375,0.228515625,0.12890625,0.7705078125,1.2039034384992235,5.994569553892396,4.790666115393171,,,,,,,,,,,,,,,,,,,,,,,,,,,,,,,,,,,,6.469238085360601,0.9986147698157336,0.7005275426328057,0.3888336775826765,0.0052640135071794,0.3786407766990291,0.0229329280446306,0.0035176815232226,0.0,35.6162109375,0.8115984561609924,37.0,0.0374800895947913,0.0030184340980329,0.0276710222905457,0.0286024138901861,0.0041502393640779,0.0,0.3785666404299506,0.003526338285151,0.3768538884524745,0.7712102724746468,0.0038321911889355,0.7755102040816326,0.0284921987882111,0.0050001318103387,0.0,,,,,,,,,,0.8797076905973249,0.0100438205032563,0.9328358208955224,,,,,,,,,,,,,,,,,,,,,,,,,,,,,,,,,,,,,,,,,,,,,,0.6214333595700494,0.003526338285151,0.6231461115475254,0.3498375026714265,0.0045016820211517,0.3478260869565217,0.6062414729381826,0.0035337906156064,0.6072800883327198,6.564328362805959,1.1485920535731111,0.0,,0.0,,,,,0.1304512611001344,,,,,,,
SemStamp,lsh,context,best-of-n,sentence-nltk,,,sentence,nltk,,,64.0,watermark,direct,none,none,none,,,,,,,,,,1024,3,c4-val-def-256|c4-val-def-256b|c4-val-def-512,1.5666989036012806,2.116950987028628,2.840187787218772,0.9975242614746094,0.9970703125,0.9931640625,0.974609375,0.005859375,5.994569553892396,5.994569553892396,0.0,64.0,64.0,64.0,14581.0,14518.0,1.0,64.0,64.0,64.0,,,,,,,,,,,,,,,,,,,,,,,,,,,5.897015238881314,0.9942918359253834,0.0,,,,,,,,,,,,,,,,,,,,,,,,,,,,,,,,,,0.900331623884764,0.0101735615643581,0.958041958041958,,,,6.060648320197478,0.2184936711526691,6.594251871109009,,,,,,,,,,,,,,,,0.7961263020833333,0.015659951248541,0.9166666666666666,0.791796875,0.0173143850628198,0.9333333333333332,0.8772135416666668,0.0130248660836888,1.0,0.7204427083333333,0.018172146709535,0.8000000000000002,0.7950520833333334,0.018366480502434,1.0,0.1305375511270165,0.010422843868628,0.0725640639887668,0.0856022462480383,0.0105671969460693,0.0205479452054794,0.0708920124263488,0.0104495180725859,0.006861083651085,,,,,,,,,,6.656599817327406,1.163904611841223,0.0,481295.8922595978,267117.0,10.321539742137375,11.09537995900271,2.4766380194197843,0.175154634900329,,,,,,,,
SemStamp,lsh,context,best-of-n,sentence-nltk,,,sentence,nltk,,,,human,direct,none,none,none,,,,,,,,,,1024,1,c4-human-def,1.5666989036012806,2.116950987028628,2.840187787218772,,,,,,0.0417363231990495,,,,,,,,,,,,,,,,,,,,,,,,,,,,,,,,,,,,,,,,,,,,,,,,,,,,,,,,,,,,,,,,,,,,,,,,,,,,,,,,,,,,,,,,,,,,,,,,,,,,,,,,,,,,,,,,,,,,,,,,,,,,,,,,,,,,,,,,,,,,,0.09375,0.0458984375,0.009765625,1.0491995070788456,1.5666989036012806,2.116950987028628,2.8394160879640715
SemStamp,lsh,context,rejection,sentence-nltk,,,sentence,nltk,,,64.0,attack,direct,adaptive-Qwen2.5-3B-Instruct-standard-K1-min-surr=bge,adaptive,K1-min-positional-bge,1.0,bge,positional,Qwen2.5-3B-Instruct,sentence-nltk,min,,,,1024,3,c4-val-def-256|c4-val-def-256b|c4-val-def-512,1.5666989036012806,2.116950987028628,2.840187787218772,0.8571481704711914,0.6298828125,0.478515625,0.31640625,0.5205078125,2.336873322414496,4.692949348427801,2.356076026013305,,,,,,,,,,0.5205078125,0.5205078125,0.5185546875,0.5166015625,0.5126953125,0.5078125,0.4921875,0.4716796875,0.412109375,0.326171875,0.169921875,0.4921875,0.6826171875,0.6826171875,0.6806640625,0.6767578125,0.671875,0.666015625,0.646484375,0.62109375,0.5478515625,0.431640625,0.234375,0.646484375,0.6826171875,0.955078125,2.551054799051076,0.698285752112167,0.0,0.5837355578055622,0.0079658269271376,0.5801526717557252,0.1231683937054234,0.0084398933738857,0.1,55.775390625,1.3516496253802697,58.0,0.0390410675700982,0.0032774298683759,0.0251450676982591,0.1120887537725669,0.0073563657535955,0.0909090909090909,0.2799429263745954,0.0057995685104798,0.2731570779292761,0.5190026973400659,0.0078114372804541,0.5227272727272727,0.0796483808793506,0.0074549469007725,0.0,0.9401544691063464,0.0014160433461029,0.943241685628891,0.9446235848008656,0.0012678398490392,0.9474861025810242,0.9358537073712796,0.0016668921234135,0.9399591684341432,0.941616440620096,0.0074455065072033,0.9714285714285714,0.9708268626127392,0.0011375321701398,0.9747124910354614,8.462668657948162,0.3128681910317648,9.244882106781006,0.94873046875,0.0042818227231701,0.9833333333333334,0.9622395833333334,0.004437761516988,1.0,0.0083984375,0.0028885968906267,0.0,0.9385416666666668,0.0065545125425035,1.0,0.0974609375,0.0088002683085123,0.0,,,,,,,,,,,,,,,,0.0916535819440685,0.0078595234339614,0.0604306147291539,0.0490146922188,0.0076340369186785,0.0142774635206985,0.0358137514439759,0.0073888650178697,0.0035211704172091,0.7200570736254046,0.0057995685104798,0.7268429220707239,0.4693825063744203,0.0079853185791469,0.4612379807692307,0.6141227130924616,0.0072210324708435,0.6151983609610727,2.8398019428676275,0.8313914332836857,0.0,515916.7610397339,241572.0,10.298361418057024,11.022400635084075,2.508745042326073,0.9456625288336844,0.3192570949770011,,,,,,,
SemStamp,lsh,context,rejection,sentence-nltk,,,sentence,nltk,,,64.0,attack,direct,adaptive-Qwen2.5-3B-Instruct-standard-K16-min-surr=bge,adaptive,K16-min-positional-bge,16.0,bge,positional,Qwen2.5-3B-Instruct,sentence-nltk,min,,,,1024,3,c4-val-def-256|c4-val-def-256b|c4-val-def-512,1.5666989036012806,2.116950987028628,2.840187787218772,0.7600641250610352,0.4169921875,0.2802734375,0.1533203125,0.716796875,1.49614800443671,4.692949348427801,3.185617947175859,,,,,,,,,,0.7109375,0.7080078125,0.705078125,0.7021484375,0.6875,0.6650390625,0.6181640625,0.5673828125,0.4755859375,0.3017578125,0.1259765625,0.6181640625,0.837890625,0.8349609375,0.83203125,0.828125,0.8095703125,0.7822265625,0.7294921875,0.669921875,0.5595703125,0.3525390625,0.158203125,0.7294921875,0.84375,0.8701171875,2.003230222888805,0.5923055373161246,0.0,0.4948327048286476,0.0077487537713489,0.4927536231884058,0.1748584315143563,0.0098230169922655,0.1538461538461538,47.189453125,1.187045049438585,48.0,0.0767190296342069,0.0057878845066377,0.053935860058309,0.1685202385035033,0.0089911709667306,0.1428571428571429,0.3512484249419672,0.005923103415745,0.3423302008207668,0.6115210548599115,0.00696536665774,0.6130250481695568,0.1235074761059474,0.0099279289216258,0.1,0.9210683969431556,0.0015318183650663,0.9244438707828522,0.9262789053027518,0.0015080997549598,0.9297495484352112,0.9161601396044716,0.0017732053802924,0.9195131659507751,0.9498015772794076,0.0065735801028963,0.9765853435672516,0.9542558267130516,0.0015768631738684,0.9603905379772186,9.686501469311398,0.3461419517570169,10.763155460357666,0.9064290364583334,0.006005507352387,0.9333333333333332,0.9263020833333332,0.0060312201826652,1.0,0.0216145833333333,0.0051766960902927,0.0,0.8879557291666667,0.0090673084053863,0.9333333333333332,0.1669270833333333,0.0110321675216684,0.1333333333333333,,,,,,,,,,,,,,,,0.0839213276147622,0.0071629396319027,0.0542675091025915,0.0428345624029984,0.0067355996702252,0.0126850461274404,0.0300623560896293,0.0064272266433114,0.0,0.6487515750580327,0.005923103415745,0.6576697991792332,0.3696970458430309,0.006865779406207,0.3677209302325581,0.5053303928398357,0.0070680968793939,0.5052411822876608,1.951233671350546,0.6918814439761135,0.0,528567.6767196655,232774.0,10.276540077441076,10.991163010798338,2.430893227971071,0.6833995478642982,0.2234704973799088,,,,,,,
SemStamp,lsh,context,rejection,sentence-nltk,,,sentence,nltk,,,64.0,attack,direct,adaptive-Qwen2.5-3B-Instruct-standard-K2-min-surr=bge,adaptive,K2-min-positional-bge,2.0,bge,positional,Qwen2.5-3B-Instruct,sentence-nltk,min,,,,1024,3,c4-val-def-256|c4-val-def-256b|c4-val-def-512,1.5666989036012806,2.116950987028628,2.840187787218772,0.826754093170166,0.5263671875,0.396484375,0.2578125,0.6015625,2.024190118139243,4.692949348427801,2.654177069237836,,,,,,,,,,0.6005859375,0.6005859375,0.5947265625,0.5927734375,0.5888671875,0.5751953125,0.548828125,0.5185546875,0.4638671875,0.341796875,0.1904296875,0.548828125,0.7392578125,0.7392578125,0.7333984375,0.73046875,0.724609375,0.7099609375,0.677734375,0.642578125,0.5712890625,0.419921875,0.2294921875,0.677734375,0.740234375,0.9267578125,2.656241888524288,0.7139108237286874,0.0,0.5550135495407705,0.0077934599024582,0.5416666666666666,0.142647899761346,0.0089936167137105,0.1111111111111111,52.8896484375,1.2907429264704973,54.0,0.0460386838068128,0.003502005975029,0.0298507462686567,0.1333769102700926,0.0080742943141041,0.111111111111111,0.3001547833932399,0.0055406929091293,0.2997752741203263,0.5479049020596665,0.0074616552366777,0.5555555555555556,0.0965039158497576,0.0087857759684296,0.0,0.9352346184314227,0.0013761382179108,0.9376087188720704,0.9399125032359734,0.0013230460725592,0.9421528279781342,0.9307396447984502,0.0015668220673832,0.933468133211136,0.9421222232300674,0.0075357400690389,0.9727891156462584,0.9659766330732964,0.0012092182017727,0.9704453647136688,8.725421187509875,0.3715687561068843,9.736421585083008,0.9368815104166668,0.0049467189543385,0.9666666666666668,0.9518229166666669,0.0048590605207024,1.0,0.0171223958333333,0.0045324069891929,0.0,0.9223958333333334,0.0074992218057788,1.0,0.1095703124999999,0.0090387243449637,0.0666666666666666,,,,,,,,,,,,,,,,0.0910531200672579,0.0079537390287346,0.0580033643892339,0.0491913997861129,0.0077532480214362,0.0140352605141337,0.0365599762814791,0.0075285961779358,0.0036297760210803,0.6998452166067601,0.0055406929091293,0.7002247258796737,0.438194110839165,0.007604619653096,0.4261829359165424,0.5819463619906341,0.0070757550400516,0.5767016124740567,2.938788631335442,0.8430810555675713,0.0,515866.403717041,238139.0,10.300545622372374,11.015919422412964,2.512485072359308,0.9171917616210588,0.2882431169427394,,,,,,,
SemStamp,lsh,context,rejection,sentence-nltk,,,sentence,nltk,,,64.0,attack,direct,adaptive-Qwen2.5-3B-Instruct-standard-K32-min-surr=bge,adaptive,K32-min-positional-bge,32.0,bge,positional,Qwen2.5-3B-Instruct,sentence-nltk,min,,,,1024,3,c4-val-def-256|c4-val-def-256b|c4-val-def-512,1.5666989036012806,2.116950987028628,2.840187787218772,0.7430109977722168,0.34765625,0.2177734375,0.1162109375,0.7802734375,1.3908773153732874,4.692949348427801,3.287205973475696,,,,,,,,,,0.7763671875,0.7724609375,0.7724609375,0.7646484375,0.7412109375,0.71484375,0.6474609375,0.576171875,0.458984375,0.2646484375,0.1171875,0.6474609375,0.8779296875,0.8740234375,0.8740234375,0.8642578125,0.83984375,0.810546875,0.7373046875,0.6552734375,0.5205078125,0.306640625,0.1416015625,0.7373046875,0.8818359375,0.8466796875,2.1870173634927053,0.6154753783901424,0.0,0.4752835774203548,0.0076543976232604,0.4666666666666667,0.1716417991154248,0.0094550468732938,0.1538461538461538,45.212890625,1.1513631631418062,46.0,0.0820487598707247,0.0049942402069293,0.0619418774346493,0.1670057653279404,0.0090217124999093,0.1428571428571429,0.3720489422035415,0.0062805258886198,0.3646182885906041,0.632065666247726,0.0071509961491429,0.6392210033279921,0.1243705628276065,0.0102908192742697,0.0909090909090909,0.9154313483159058,0.0017638017367839,0.9186946749687196,0.919711041613482,0.001955055961229,0.9250778257846832,0.9115978716872633,0.0018763301876711,0.915003776550293,0.9475327081839612,0.0066898205576896,0.9757281553398058,0.9480784483021124,0.0017886886599505,0.9544446170330048,9.957666110209008,0.3778594961395372,11.11834192276001,0.894873046875,0.0059766597486204,0.9166666666666666,0.9145833333333332,0.006531104051706,0.9333333333333332,0.0197265625,0.0047297616332143,0.0,0.8744140625000001,0.0093673695191098,0.9333333333333332,0.1897786458333333,0.011727665840054,0.1333333333333333,,,,,,,,,,,,,,,,0.0844905003526598,0.0071924242614461,0.0536452184179457,0.0434334634979631,0.0068045010778296,0.0118112066961171,0.0311113634083636,0.0065488662244589,0.0,0.6279510577964584,0.0062805258886198,0.6353817114093959,0.3471366474475738,0.0067863769101459,0.3368426652008741,0.4768649117744933,0.0072288434138536,0.4726525740778994,2.463847071430568,0.7804609615556775,0.0,542746.7377929688,236147.0,10.265081257168294,10.97756089409889,2.396786182877108,0.5459458724521106,0.2087904182988096,,,,,,,
SemStamp,lsh,context,rejection,sentence-nltk,,,sentence,nltk,,,64.0,attack,direct,adaptive-Qwen2.5-3B-Instruct-standard-K4-min-surr=bge,adaptive,K4-min-positional-bge,4.0,bge,positional,Qwen2.5-3B-Instruct,sentence-nltk,min,,,,1024,3,c4-val-def-256|c4-val-def-256b|c4-val-def-512,1.5666989036012806,2.116950987028628,2.840187787218772,0.8056750297546387,0.5029296875,0.34765625,0.216796875,0.6494140625,1.8390253502119929,4.692949348427801,2.8409856835777965,,,,,,,,,,0.6484375,0.6484375,0.6474609375,0.64453125,0.638671875,0.623046875,0.5849609375,0.544921875,0.4736328125,0.328125,0.154296875,0.5849609375,0.779296875,0.779296875,0.7783203125,0.775390625,0.767578125,0.7509765625,0.7060546875,0.6552734375,0.57421875,0.4013671875,0.1953125,0.7060546875,0.7802734375,0.9072265625,2.254873759215367,0.6460728745235362,0.0,0.5261628488240949,0.0078301198926637,0.518796992481203,0.1576825561094194,0.0092096141366065,0.125,50.240234375,1.2468796528401072,51.0,0.0559662836564067,0.0038210848933286,0.0388213283442469,0.141966491126854,0.0082547852922986,0.1170568561872908,0.3236417108342644,0.0057561225663118,0.32,0.5794902531543786,0.0071799484562871,0.5833333333333334,0.0967381681800124,0.0091311503581619,0.0,0.9286094277049416,0.0014568639505995,0.9310487508773804,0.9338361011468804,0.0014591864116761,0.9372570514678956,0.9236412884201854,0.0016420996001181,0.9257287383079528,0.9474549766769376,0.0069803499708026,0.9745222929936306,0.9611821310827507,0.0013199811310892,0.9657602310180664,9.104914059644589,0.330526797214616,9.93354845046997,0.9258951822916668,0.0050098342153384,0.95,0.942578125,0.0052393533779196,1.0,0.0156901041666666,0.0043799489595285,0.0,0.9102864583333334,0.0077827098403401,1.0,0.13359375,0.0100072062494068,0.0666666666666666,,,,,,,,,,,,,,,,0.0854588205455305,0.0074058008318213,0.0552995861450327,0.0441427748291645,0.0071246263896932,0.0126850461274404,0.0317829474962406,0.006875654019781,0.0032468901539109,0.6763582891657355,0.0057561225663118,0.6799999999999999,0.4038450792818016,0.0072632934419914,0.3987555094633134,0.5464812150024311,0.0069815465759939,0.548920578332343,2.4591210641690786,0.7928053512188986,0.0,514837.0575027466,233083.0,10.288099877855736,10.999205905486452,2.498609729090369,0.8590460443420951,0.2538677804264166,,,,,,,
SemStamp,lsh,context,rejection,sentence-nltk,,,sentence,nltk,,,64.0,attack,direct,adaptive-Qwen2.5-3B-Instruct-standard-K64-min-surr=bge,adaptive,K64-min-positional-bge,64.0,bge,positional,Qwen2.5-3B-Instruct,sentence-nltk,min,,,,1024,3,c4-val-def-256|c4-val-def-256b|c4-val-def-512,1.5666989036012806,2.116950987028628,2.840187787218772,0.7267489433288574,0.3515625,0.2275390625,0.11328125,0.7705078125,1.2001013168613974,4.692949348427801,3.4945045377781723,,,,,,,,,,0.763671875,0.7568359375,0.7490234375,0.740234375,0.71484375,0.666015625,0.5908203125,0.5068359375,0.3828125,0.2080078125,0.0966796875,0.5908203125,0.8779296875,0.87109375,0.86328125,0.853515625,0.828125,0.7763671875,0.6826171875,0.5888671875,0.443359375,0.24609375,0.107421875,0.6826171875,0.884765625,0.7783203125,1.9788933986146984,0.5253076639016779,0.0,0.4616089020849313,0.0083062532751082,0.4561403508771929,0.1757533923838651,0.0102227700981751,0.1428571428571428,43.765625,1.1371583764372315,44.0,0.1021368298019124,0.0070293576713962,0.0721908349026993,0.1740699547024112,0.0093891582092046,0.1458082347105094,0.3871113861423976,0.0067764811667428,0.3742223893984549,0.6470555397599271,0.0070390305389472,0.645512082853855,0.1312595745712136,0.0098790604986198,0.1111111111111111,0.9104997256072238,0.0018260067816168,0.914306104183197,0.9142845806200056,0.0019809608988904,0.9202546775341034,0.9071446341695264,0.0019783804534241,0.9107758402824402,0.9481886466502598,0.0062703399984794,0.9763313609467456,0.9427456478006206,0.0028617553631863,0.9517740309238434,10.148321869653032,0.3919699336037265,11.275125980377195,0.872412109375,0.0066852546605675,0.9,0.8986328125,0.0075676745639625,0.9333333333333332,0.0259765624999999,0.005692494026843,0.0,0.8487630208333333,0.0104630368380647,0.9333333333333332,0.2317708333333333,0.0129071005416932,0.2,,,,,,,,,,,,,,,,0.0857775025242244,0.0069178897790038,0.0555555555555555,0.0431671959273777,0.0062738161280635,0.0131291657090324,0.0298093843453913,0.0058455101356072,0.0,0.6128886138576024,0.0067764811667428,0.6257776106015451,0.3332118674531833,0.0066841948474696,0.3315476521771395,0.4537022420881328,0.00729221528389,0.453873431533006,1.808506286530127,0.617785579117774,0.0,559175.7762069702,241304.0,10.294998052579768,11.024432820375424,2.4105123026391846,0.4870725002110015,0.1984232202051686,,,,,,,
SemStamp,lsh,context,rejection,sentence-nltk,,,sentence,nltk,,,64.0,attack,direct,adaptive-Qwen2.5-3B-Instruct-standard-K8-min-surr=bge,adaptive,K8-min-positional-bge,8.0,bge,positional,Qwen2.5-3B-Instruct,sentence-nltk,min,,,,1024,3,c4-val-def-256|c4-val-def-256b|c4-val-def-512,1.5666989036012806,2.116950987028628,2.840187787218772,0.7868080139160156,0.4521484375,0.3125,0.1904296875,0.685546875,1.6861545407378562,4.692949348427801,3.008451313901713,,,,,,,,,,0.6845703125,0.68359375,0.6826171875,0.6728515625,0.6630859375,0.6455078125,0.603515625,0.560546875,0.466796875,0.310546875,0.1435546875,0.603515625,0.806640625,0.8046875,0.8037109375,0.7939453125,0.7822265625,0.763671875,0.712890625,0.65625,0.55078125,0.3662109375,0.1689453125,0.712890625,0.8076171875,0.8876953125,2.079566122382706,0.6254554888767371,0.0,0.5103109629591687,0.0080689161154189,0.5128205128205128,0.169575549921285,0.0099865609164367,0.1428571428571428,48.9033203125,1.2525952510284284,50.0,0.0641512643634785,0.004420989211614,0.0464516129032258,0.1585350969345827,0.0089508429370299,0.1269841269841271,0.3367744007422767,0.0061255122975976,0.3273500330919957,0.5948693392187836,0.0071399313001766,0.5947331947331947,0.1142250384241735,0.0094016786233208,0.0909090909090909,0.9249637041357346,0.0015323093239702,0.927095592021942,0.9300303609343246,0.0015072377663811,0.9323039352893828,0.9201673165662214,0.0017488447233395,0.92305189371109,0.9494328810281936,0.0068506358801883,0.9762468968630106,0.9570020200917496,0.0015404482114846,0.9620110988616944,9.450447002196851,0.4195763593855741,10.291979312896729,0.915087890625,0.0054567043639852,0.9333333333333332,0.9319661458333334,0.0058272738092603,1.0,0.0182291666666666,0.0044450319004765,0.0,0.8968098958333334,0.0087547996935618,0.9333333333333332,0.1501953125,0.0104273325438701,0.0666666666666666,,,,,,,,,,,,,,,,0.0817569518955741,0.0071880629643351,0.0555555555555555,0.0411276492501158,0.006869355052027,0.0124095272316616,0.0291751646836655,0.0066002788685042,0.0,0.6632255992577232,0.0061255122975976,0.6726499669080043,0.3885434305755325,0.0072135978130512,0.3831023209316149,0.5283523734639214,0.0072354997354691,0.5278450363196125,2.0869762064692625,0.7225573419559653,0.0,521030.24224090576,231975.0,10.289240849261237,11.004278636851266,2.4628362476082204,0.7539139781635142,0.2401179511235285,,,,,,,
SemStamp,lsh,context,rejection,sentence-nltk,,,sentence,nltk,,,64.0,attack,direct,controlled_reorder-ratio=0.1,other,controlled_reorder-ratio=0.1,,,,,,,,,,1024,3,c4-val-def-256|c4-val-def-256b|c4-val-def-512,1.5666989036012806,2.116950987028628,2.840187787218772,0.9623355865478516,0.8955078125,0.8408203125,0.71484375,0.158203125,3.878039600821038,4.692949348427801,0.8149097476067627,,,,,,,,,,,,,,,,,,,,,,,,,,,,,,,,,,,,3.870741539204851,0.7576425025700109,0.0,1.0,0.0,1.0,0.0003277613897082,0.0006431667105564,0.0,96.5595703125,2.066318138104038,107.0,0.1054569767732538,0.0050162756195189,0.0923306887432448,0.0001958863858961,0.0003843863772684,0.0,0.0,0.0,0.0,0.0121797081705294,0.0006725517019688,0.0089485906470211,0.0,0.0,0.0,,,,,,,,,,0.921377788960799,0.0080109643260927,0.9598994974874372,,,,,,,,,,,,,,,,,,,,,,,,,,,,,,,,,,,,,,,,,,,,,,1.0,0.0,1.0,0.9891456734109728,0.0005649825709184,0.9915966386554622,0.911336088662848,0.0038305406664808,0.9243305144467936,4.479202868250023,0.9277254324136696,0.0,,0.0,,,,,0.9854650976436532,,,,,,,
SemStamp,lsh,context,rejection,sentence-nltk,,,sentence,nltk,,,64.0,attack,direct,controlled_reorder-ratio=0.25,other,controlled_reorder-ratio=0.25,,,,,,,,,,1024,3,c4-val-def-256|c4-val-def-256b|c4-val-def-512,1.5666989036012806,2.116950987028628,2.840187787218772,0.9514880180358888,0.8818359375,0.791015625,0.6669921875,0.2080078125,3.629319643694935,4.692949348427801,1.063629704732866,,,,,,,,,,,,,,,,,,,,,,,,,,,,,,,,,,,,3.819706470841626,0.7499607613501377,0.0,1.0,0.0,1.0,7.56372437788367e-05,0.0001484230870514,0.0,96.5595703125,2.066318138104038,107.0,0.2691495132089959,0.0093829464866004,0.2607329842931937,3.917727717923597e-05,7.687727545369806e-05,0.0,0.0,0.0,0.0,0.0176527793310227,0.0008272569092621,0.0137614678899082,0.0,0.0,0.0,,,,,,,,,,0.921614156846632,0.0079809550913599,0.9601681768501216,,,,,,,,,,,,,,,,,,,,,,,,,,,,,,,,,,,,,,,,,,,,,,1.0,0.0,1.0,0.9840888010289472,0.000695688701872,0.9871244635193132,0.8318483539410242,0.0047595132934478,0.8377192982456141,4.448389999733225,0.925877535780479,0.0,,0.0,,,,,0.9783619393317676,,,,,,,
SemStamp,lsh,context,rejection,sentence-nltk,,,sentence,nltk,,,64.0,attack,direct,controlled_reorder-ratio=0.5,other,controlled_reorder-ratio=0.5,,,,,,,,,,1024,3,c4-val-def-256|c4-val-def-256b|c4-val-def-512,1.5666989036012806,2.116950987028628,2.840187787218772,0.9406161308288574,0.826171875,0.703125,0.5615234375,0.294921875,3.211045830965212,4.692949348427801,1.4848006784614722,,,,,,,,,,,,,,,,,,,,,,,,,,,,,,,,,,,,3.75570459556242,0.7400016033143829,0.0,1.0,0.0,1.0,0.0015138254076307,0.001987819359105,0.0,96.5595703125,2.066318138104038,107.0,0.4690870572627849,0.010993443307524,0.4919212690951821,0.0012600173680641,0.0019383706678858,0.0,0.0,0.0,0.0,0.0253873345597828,0.0008751293119535,0.0221238938053097,0.0,0.0,0.0,,,,,,,,,,0.9218490267367536,0.007946856134493,0.9601681768501216,,,,,,,,,,,,,,,,,,,,,,,,,,,,,,,,,,,,,,,,,,,,,,1.0,0.0,1.0,0.9771658124419778,0.000665326514805,0.979726258246162,0.706702768590119,0.0062028610980149,0.7012338020402537,4.474733982908392,0.9268722809074088,0.0,,0.0,,,,,0.9661311697662291,,,,,,,
SemStamp,lsh,context,rejection,sentence-nltk,,,sentence,nltk,,,64.0,attack,direct,controlled_reorder-ratio=0.75,other,controlled_reorder-ratio=0.75,,,,,,,,,,1024,3,c4-val-def-256|c4-val-def-256b|c4-val-def-512,1.5666989036012806,2.116950987028628,2.840187787218772,0.8942952156066895,0.6884765625,0.5390625,0.3828125,0.458984375,2.5725476269511742,4.692949348427801,2.123298882475509,,,,,,,,,,,,,,,,,,,,,,,,,,,,,,,,,,,,3.738946772120748,0.7363069675962105,0.0,1.0,0.0,1.0,0.0023367406110768,0.0021763858837148,0.0,96.5595703125,2.066318138104038,107.0,0.6988830606674615,0.0112958359237458,0.7373271889400922,0.0017308781719318,0.0020051419619809,0.0,0.0,0.0,0.0,0.0375200630759129,0.0011281937589616,0.0338983050847457,0.0,0.0,0.0,,,,,,,,,,0.9218980662523408,0.0079335732621924,0.9602328999073512,,,,,,,,,,,,,,,,,,,,,,,,,,,,,,,,,,,,,,,,,,,,,,1.0,0.0,1.0,0.9654868654611146,0.0009937874568025,0.96853916696966,0.5324977111096303,0.0073925665962212,0.5191782261454393,4.47630546279345,0.9271788923592478,0.0,,0.0,,,,,0.9478047175134447,,,,,,,
SemStamp,lsh,context,rejection,sentence-nltk,,,sentence,nltk,,,64.0,attack,direct,controlled_reorder-ratio=1.0,other,controlled_reorder-ratio=1.0,,,,,,,,,,1024,3,c4-val-def-256|c4-val-def-256b|c4-val-def-512,1.5666989036012806,2.116950987028628,2.840187787218772,0.7779440879821777,0.4560546875,0.3486328125,0.236328125,0.6494140625,1.7777881241623346,4.692949348427801,2.91805838526435,,,,,,,,,,,,,,,,,,,,,,,,,,,,,,,,,,,,3.979337341281921,0.7834336668006587,0.0,1.0,0.0,1.0,0.0033051601402789,0.0023177439811486,0.0,96.5595703125,2.066318138104038,107.0,1.0,0.0,1.0,0.0022626285016323,0.0020560736959989,0.0,0.0,0.0,0.0,0.056062321317054,0.0014218874691106,0.051063829787234,0.0,0.0,0.0,,,,,,,,,,0.9210378363937444,0.0080950545405678,0.9600796812749004,,,,,,,,,,,,,,,,,,,,,,,,,,,,,,,,,,,,,,,,,,,,,,1.0,0.0,1.0,0.9479025810046172,0.001364066200179,0.9523809523809524,0.3115867678527828,0.0074123746085881,0.2700020856395694,4.473159018261984,0.9272661107719158,0.0,,0.0,,,,,0.9181482390305568,,,,,,,
SemStamp,lsh,context,rejection,sentence-nltk,,,sentence,nltk,,,64.0,attack,direct,dipper-lex20-order20,dipper,lex20-order20,,,,,,,,20.0,20.0,1024,3,c4-val-def-256|c4-val-def-256b|c4-val-def-512,1.5666989036012806,2.116950987028628,2.840187787218772,0.831723690032959,0.546875,0.4150390625,0.2705078125,0.58203125,1.9301811718864677,4.692949348427801,2.7685681736830747,,,,,,,,,,0.580078125,0.5771484375,0.5732421875,0.56640625,0.546875,0.521484375,0.48046875,0.421875,0.3447265625,0.21875,0.0986328125,0.48046875,0.7236328125,0.720703125,0.716796875,0.70703125,0.6845703125,0.6552734375,0.6083984375,0.53125,0.4306640625,0.2744140625,0.123046875,0.6083984375,0.7265625,0.8486328125,3.149344708766879,0.6528574974349556,0.0,0.6697727769881707,0.0067927483462083,0.6739130434782609,0.0826411241760125,0.0074753127157244,0.0,64.4306640625,1.4800067551694986,69.0,0.0501612864223162,0.005206619399195,0.0337283500455788,0.0641375484738289,0.0059707077388259,0.0434782608695651,0.197101473711283,0.0046175420060719,0.1875742280285035,0.3589772417306255,0.0063673241788905,0.3536585365853658,0.032031641882228,0.0045207824625064,0.0,0.948322390555404,0.001307368572435,0.9520063102245332,0.9543767278082668,0.0013156280122801,0.958383083343506,0.9424946532817556,0.0014605599060799,0.9472194910049438,0.9186759575699543,0.0072408676885517,0.9508196721311476,0.9689466658164748,0.0015063929890352,0.975035846233368,7.840548918987646,0.2820876957675797,8.221539974212646,0.8994954427083334,0.0062041556528691,0.9333333333333332,0.8939453125000001,0.0074895390530481,0.9333333333333332,0.0143229166666666,0.0045202838805729,0.0,0.8384765625,0.0103679522331421,0.8666666666666667,0.1201171875,0.0097431528964815,0.0666666666666666,,,,,,,,,,,,,,,,0.1116780020798769,0.0076624506917634,0.0798399207591782,0.0593820808210407,0.0073841439048311,0.0233919017509727,0.042680708884465,0.0070147051581642,0.0075614636935391,0.8028985262887169,0.0046175420060719,0.8124257719714965,0.608975174758948,0.0063450911840862,0.6131576847899797,0.677174902919712,0.0058062894790321,0.6833069052742855,3.2765518126366437,0.8057301745675592,0.0,487483.70890045166,236722.0,10.182341434482172,11.026335794356427,2.5217039540767123,0.9880934145423412,0.4437137421590182,,,,,,,
SemStamp,lsh,context,rejection,sentence-nltk,,,sentence,nltk,,,64.0,attack,direct,dipper-lex20-order40,dipper,lex20-order40,,,,,,,,20.0,40.0,1024,3,c4-val-def-256|c4-val-def-256b|c4-val-def-512,1.5666989036012806,2.116950987028628,2.840187787218772,0.7976493835449219,0.4677734375,0.3154296875,0.1904296875,0.6796875,1.620651797011898,4.692949348427801,3.0879836198098927,,,,,,,,,,0.6787109375,0.677734375,0.6748046875,0.666015625,0.6484375,0.626953125,0.5615234375,0.5068359375,0.39453125,0.24609375,0.1064453125,0.5615234375,0.8037109375,0.802734375,0.7978515625,0.787109375,0.763671875,0.736328125,0.6611328125,0.59765625,0.4638671875,0.2861328125,0.1240234375,0.6611328125,0.8046875,0.8193359375,3.1651212873052983,0.647108720186938,0.0,0.6593147018789218,0.0069927297410812,0.6694915254237288,0.0854351271936976,0.007536217988182,0.0588235294117647,63.419921875,1.4675966743139792,67.5,0.1184650409718104,0.0078642852409544,0.0916405900759946,0.0650038416140233,0.0062070341472802,0.0434782608695651,0.2025054401295315,0.004512351450253,0.1919005102040816,0.3689299980889388,0.0062016025089662,0.3643417560863043,0.0299778219033599,0.0045994330282297,0.0,0.943563049833756,0.0012249504891289,0.9466891586780548,0.9496815248276108,0.0012570464759628,0.952717274427414,0.9376352473627776,0.0013315704080654,0.9410802721977234,0.9177498395883852,0.0071732228129681,0.9480144133323324,0.9645202839164996,0.001502254412212,0.9701479077339172,8.21588630787126,0.2984301629829117,8.650827407836914,0.8924967447916666,0.0060303490996236,0.9166666666666666,0.8862630208333334,0.0074862323218831,0.9333333333333332,0.015625,0.0047408141207229,0.0,0.8341796875,0.010350549539714,0.8666666666666667,0.1348307291666666,0.009619739710261,0.0666666666666666,,,,,,,,,,,,,,,,0.1130081051926887,0.0076349427248409,0.0807354925775978,0.0605434145125371,0.0073699305742837,0.0235769646147004,0.0435798609685192,0.0070081644478448,0.007476661635642,0.7974945598704684,0.004512351450253,0.8080994897959184,0.5972996790050771,0.0061693471110853,0.5989741987555,0.5885567451719899,0.0057276130973407,0.5842457056611006,3.305096008107352,0.7880950967087568,0.0,498485.6218223572,236690.0,10.160799613654335,11.002423862711645,2.4930059029232154,0.9873529168255496,0.4289961313828597,,,,,,,
SemStamp,lsh,context,rejection,sentence-nltk,,,sentence,nltk,,,64.0,attack,direct,dipper-lex20-order80,dipper,lex20-order80,,,,,,,,20.0,80.0,1024,3,c4-val-def-256|c4-val-def-256b|c4-val-def-512,1.5666989036012806,2.116950987028628,2.840187787218772,0.737220287322998,0.353515625,0.2177734375,0.12109375,0.78125,1.2218093968611845,4.692949348427801,3.4752383653501586,,,,,,,,,,0.7802734375,0.77734375,0.775390625,0.7666015625,0.74609375,0.7041015625,0.6044921875,0.517578125,0.38671875,0.212890625,0.0810546875,0.6044921875,0.876953125,0.873046875,0.8701171875,0.8583984375,0.8359375,0.7919921875,0.681640625,0.58203125,0.431640625,0.240234375,0.0947265625,0.681640625,0.8779296875,0.77734375,3.273863841559659,0.680789893295332,0.0,0.609367159036375,0.0068365730439078,0.6173913043478261,0.0874443237723878,0.0076985059991876,0.0606617647058823,58.7197265625,1.3871832353289124,62.0,0.208861060705367,0.0104691906968215,0.1602983912457069,0.0729303884746334,0.0065187135520575,0.0476190476190476,0.233875610682182,0.0050053000035265,0.2221090744512332,0.4426816845788682,0.0062018454370307,0.4398148148148148,0.0440000129703405,0.0056459424375077,0.0,0.9329937947914004,0.001294978711098,0.936474472284317,0.9391325874603352,0.001374334529615,0.942337304353714,0.9270738254417664,0.0013676634637235,0.9305837154388428,0.9129541054163648,0.0074941511529347,0.9452304769523048,0.9530748097167816,0.002083611480016,0.9594099521636964,8.953377936076787,0.3885543653486162,9.65840196609497,0.8753580729166667,0.0061324362191694,0.8833333333333334,0.8786458333333335,0.0072381639332651,0.8666666666666667,0.0183593749999999,0.0045231841155408,0.0,0.8083984375,0.010785642136137,0.8666666666666667,0.1672526041666666,0.0099482104973223,0.1333333333333333,,,,,,,,,,,,,,,,0.1179838784441642,0.0078306713202322,0.0858258928571428,0.0623513640237037,0.0076092631628384,0.0256492591084239,0.0443514541052238,0.0072742674167064,0.0081136236463579,0.766124389317818,0.0050053000035265,0.7778909255487667,0.5273622804842941,0.0063547339428655,0.5312468162275608,0.4524811225721288,0.0049080413261749,0.4439739486582664,3.4470160255908984,0.7987422166711425,0.0,522266.7023544312,238257.0,10.097548664839502,10.955961089386632,2.46920830587804,0.9788559270379666,0.3594879012190782,,,,,,,
SemStamp,lsh,context,rejection,sentence-nltk,,,sentence,nltk,,,64.0,attack,direct,dipper-lex40-order20,dipper,lex40-order20,,,,,,,,40.0,20.0,1024,3,c4-val-def-256|c4-val-def-256b|c4-val-def-512,1.5666989036012806,2.116950987028628,2.840187787218772,0.8021688461303711,0.4794921875,0.345703125,0.2275390625,0.650390625,1.7130970211095005,4.692949348427801,2.9847526488961087,,,,,,,,,,0.6474609375,0.64453125,0.638671875,0.625,0.6064453125,0.57421875,0.486328125,0.408203125,0.2919921875,0.1552734375,0.064453125,0.486328125,0.765625,0.7626953125,0.7568359375,0.7412109375,0.71875,0.6767578125,0.5771484375,0.4814453125,0.3466796875,0.185546875,0.076171875,0.5771484375,0.7685546875,0.75,2.9432595565169124,0.6382939904280346,0.0,0.5577833277932955,0.0066323568734542,0.56,0.1133288318401136,0.0087673248255446,0.0833333333333333,53.400390625,1.2384359663398743,56.0,0.050448337951939,0.0038883313662128,0.0384615384615384,0.0906490146794636,0.0073325733781415,0.0588235294117647,0.2704490962792636,0.0049740109103526,0.2590709426627794,0.5039777920708266,0.0063823497225979,0.5062309323129428,0.0487586080039794,0.0058181743971458,0.0,0.934368903224822,0.0014196738422772,0.9379048347473145,0.9403224933193997,0.0014654487412445,0.9437170028686525,0.9286146386293694,0.0015018181229313,0.9322987198829652,0.9177164405577134,0.007045825650429,0.9449770642201836,0.955832389940042,0.0019962004525571,0.9630016684532166,8.618919496923827,0.3592824597765941,9.044547080993652,0.86552734375,0.006481609208123,0.8833333333333333,0.8809244791666668,0.007426682804995,0.9333333333333332,0.0214192708333333,0.0053458258397884,0.0,0.7807942708333334,0.0111661321812418,0.8000000000000002,0.1781901041666667,0.0103958832731759,0.1333333333333333,,,,,,,,,,,,,,,,0.1138400046188237,0.0075335872327712,0.0844410211267605,0.0576886830376328,0.0073196836508358,0.0228310502283105,0.0408746859436503,0.0069944134944122,0.0072072306054073,0.7295509037207364,0.0049740109103526,0.7409290573372205,0.4743880779151944,0.0062652525494089,0.4719910407713122,0.5916549277166165,0.005843634917289,0.5924423409210429,3.398265179153826,0.8484094279967545,0.0,509900.4246330261,236727.0,10.099486421092818,10.979018671955878,2.483666750728143,0.9937379463077054,0.3088121877130918,,,,,,,
SemStamp,lsh,context,rejection,sentence-nltk,,,sentence,nltk,,,64.0,attack,direct,dipper-lex80-order20,dipper,lex80-order20,,,,,,,,80.0,20.0,1024,3,c4-val-def-256|c4-val-def-256b|c4-val-def-512,1.5666989036012806,2.116950987028628,2.840187787218772,0.6699786186218262,0.27734375,0.1591796875,0.080078125,0.8349609375,0.8289764353213313,4.692949348427801,3.876223013571943,,,,,,,,,,0.78125,0.736328125,0.697265625,0.5986328125,0.4755859375,0.3212890625,0.1826171875,0.10546875,0.0595703125,0.013671875,0.0048828125,0.1826171875,0.8583984375,0.8115234375,0.767578125,0.6630859375,0.5283203125,0.3564453125,0.203125,0.1181640625,0.06640625,0.013671875,0.0048828125,0.203125,0.9140625,0.2265625,2.4039936379599425,0.5921453434441885,0.0,0.301913124214794,0.0067654313195182,0.3,0.1727186020342015,0.01165827425503,0.125,29.2607421875,0.8675536292027443,30.0,0.1317286611839908,0.0080302002649404,0.1033139062076443,0.1543232964444425,0.011317220425313,0.111111111111111,0.4693838199045711,0.0070177635336849,0.4480643114025809,0.7651178218381809,0.0063624681436174,0.764564479638009,0.0882767049321424,0.0099071515667076,0.0,0.8867361579905264,0.0018188512078337,0.892287015914917,0.8927075745887123,0.0019066233365561,0.8985487222671509,0.8810844308463857,0.0019159494060009,0.8869645297527313,0.9117757193164802,0.0066698786750727,0.933756308052366,0.8666341970383655,0.0056910346802337,0.8938320577144623,11.454225988364533,2.3430956946051773,12.5745849609375,0.7039876302083334,0.0083059346004179,0.7166666666666667,0.720703125,0.0112675241608991,0.7333333333333334,0.0552734374999999,0.0078594441772937,0.0,0.5554036458333333,0.0124150617022992,0.5333333333333333,0.4048828125,0.0121387666545719,0.4000000000000001,,,,,,,,,,,,,,,,0.1192653437884372,0.0073597934654953,0.0951475647293138,0.0543532492708441,0.0070421690253993,0.0244328841889817,0.0361735675279657,0.0066743690485677,0.0071174377224199,0.5306161800954289,0.0070177635336849,0.5519356885974191,0.2217923284294791,0.0058689110604947,0.2189223744292237,0.361049892660938,0.0062738475527813,0.362019036768022,2.874038668705473,0.7350175546140988,0.0,570580.8227806091,234002.0,9.878349318976984,10.888359800308866,2.258310953095121,0.8423106940487972,0.11704328161549,,,,,,,
SemStamp,lsh,context,rejection,sentence-nltk,,,sentence,nltk,,,64.0,attack,direct,merge_adjacent-ratio=0.2,other,merge_adjacent-ratio=0.2,,,,,,,,,,1024,3,c4-val-def-256|c4-val-def-256b|c4-val-def-512,1.5666989036012806,2.116950987028628,2.840187787218772,0.9640517234802246,0.90234375,0.80859375,0.65625,0.1904296875,3.598709453322154,4.692949348427801,1.0942398951056465,,,,,,,,,,,,,,,,,,,,,,,,,,,,,,,,,,,,3.7676990509082655,0.7388918589494807,0.0,1.0,0.0,1.0,0.1505020916020827,0.0064517768516343,0.1538461538461538,96.5595703125,2.066318138104038,107.0,0.0,0.0,0.0,0.0846462268254733,0.0039309909748519,0.0833333333333333,0.0,0.0,0.0,0.0,0.0,0.0,0.0,0.0,0.0,,,,,,,,,,0.9225577485990224,0.007873586556678,0.9607071174926664,,,,,,,,,,,,,,,,,,,,,,,,,,,,,,,,,,,,,,,,,,,,,,1.0,0.0,1.0,1.0,0.0,1.0,1.0,0.0,1.0,3.311517719292097,0.7793220127257288,0.0,,0.0,,,,,0.9648041898161032,,,,,,,
SemStamp,lsh,context,rejection,sentence-nltk,,,sentence,nltk,,,64.0,attack,direct,merge_adjacent-ratio=0.5,other,merge_adjacent-ratio=0.5,,,,,,,,,,1024,3,c4-val-def-256|c4-val-def-256b|c4-val-def-512,1.5666989036012806,2.116950987028628,2.840187787218772,0.8934545516967773,0.7177734375,0.546875,0.3564453125,0.4501953125,2.3867595317509505,4.692949348427801,2.3119898138185917,,,,,,,,,,,,,,,,,,,,,,,,,,,,,,,,,,,,3.683824223741741,0.7289609577815974,0.0,1.0,0.0,1.0,0.3230091126636171,0.0074279339051594,0.3333333333333333,96.5595703125,2.066318138104038,107.0,0.0,0.0,0.0,0.1983055220908136,0.0056943226545695,0.1999999999999999,0.0,0.0,0.0,0.0,0.0,0.0,0.0,0.0,0.0,,,,,,,,,,0.9230388453268732,0.0078195755116566,0.9602328999073512,,,,,,,,,,,,,,,,,,,,,,,,,,,,,,,,,,,,,,,,,,,,,,1.0,0.0,1.0,1.0,0.0,1.0,1.0,0.0,1.0,2.5436725391172037,0.7025648389293034,0.0,,0.0,,,,,0.927945089069149,,,,,,,
SemStamp,lsh,context,rejection,sentence-nltk,,,sentence,nltk,,,64.0,attack,direct,merge_adjacent-ratio=1.0,other,merge_adjacent-ratio=1.0,,,,,,,,,,1024,3,c4-val-def-256|c4-val-def-256b|c4-val-def-512,1.5666989036012806,2.116950987028628,2.840187787218772,0.7337064743041992,0.390625,0.25,0.1259765625,0.7451171875,1.1808400454317955,4.692949348427801,3.5259984052925644,,,,,,,,,,,,,,,,,,,,,,,,,,,,,,,,,,,,3.775686130799806,0.7537995348583363,0.0,1.0,0.0,1.0,0.5019263514964774,0.0057078351163829,0.5,96.5595703125,2.066318138104038,107.0,0.0,0.0,0.0,0.3391375637044327,0.0056980191378034,0.3333333333333333,0.0,0.0,0.0,0.0,0.0,0.0,0.0,0.0,0.0,,,,,,,,,,0.9228339719442696,0.0078961156153216,0.9608269394714408,,,,,,,,,,,,,,,,,,,,,,,,,,,,,,,,,,,,,,,,,,,,,,1.0,0.0,1.0,1.0,0.0,1.0,1.0,0.0,1.0,2.522283900195886,0.7527982589866209,0.0,,0.0,,,,,0.8902119097994862,,,,,,,
SemStamp,lsh,context,rejection,sentence-nltk,,,sentence,nltk,,,64.0,attack,direct,parrot,parrot,default,,,,,,,,,,1024,3,c4-val-def-256|c4-val-def-256b|c4-val-def-512,1.5666989036012806,2.116950987028628,2.840187787218772,0.9500718116760254,0.873046875,0.77734375,0.6494140625,0.2216796875,3.566924987318535,4.692949348427801,1.1260243611092655,,,,,,,,,,0.2216796875,0.220703125,0.2197265625,0.2197265625,0.2119140625,0.2060546875,0.1875,0.1572265625,0.115234375,0.0625,0.0205078125,0.1875,0.349609375,0.3486328125,0.34765625,0.3466796875,0.3359375,0.326171875,0.296875,0.251953125,0.1748046875,0.091796875,0.0302734375,0.296875,0.349609375,0.84765625,3.820095622880344,0.7832680884186406,0.0,0.7321129135924346,0.0051517611542647,0.7398373983739838,0.0087930314261675,0.0024643497033497,0.0,71.0634765625,1.6303260572001277,77.0,0.0088116961478667,0.000903304621261,0.0009841099530435,0.0101729743831895,0.0021472016285539,0.0,0.1620351961876635,0.0034358816998407,0.1511369509043927,0.333248012125478,0.0056883848355879,0.3179723502304147,0.0096934693658879,0.0026193860207613,0.0,0.924827964452561,0.0013528091149642,0.92865389585495,0.9291829658905044,0.001334013087474,0.9335364401340484,0.9206119722803124,0.0014801839230508,0.9240849614143372,0.920075096538294,0.0080385113826693,0.9557522123893806,0.96859576983843,0.0011343908409115,0.9734148383140564,12.528957941862886,0.9564895919135348,13.494262218475342,0.8892578124999999,0.0049997930362457,0.9,0.8875000000000001,0.0062642584645308,0.8999999999999999,0.0152994791666666,0.0047085174648978,0.0,0.7613281250000001,0.0102853149275758,0.7999999999999999,0.0764973958333333,0.0070411474507595,0.0,,,,,,,,,,,,,,,,0.1045703592130963,0.0084458311656063,0.0676547515257192,0.0592231292358303,0.0084259913099706,0.0172413793103448,0.0459876177128232,0.008283005910311,0.0037523584241502,0.8379648038123364,0.0034358816998407,0.8488630490956073,0.6465647433009942,0.0053432630127704,0.6589901668323942,0.7384012944200213,0.0041677150147238,0.7420203735144313,4.536808122184297,0.9357129602859512,0.0,590047.6709747314,233401.0,10.188810142760056,10.983859802481176,2.113679118781691,0.1882023294841801,0.3610373983477636,,,,,,,
SemStamp,lsh,context,rejection,sentence-nltk,,,sentence,nltk,,,64.0,attack,direct,parrot-bigram-threshold=0.03,parrot,bigram-0.03,,,,,,,,,,1024,3,c4-val-def-256|c4-val-def-256b|c4-val-def-512,1.5666989036012806,2.116950987028628,2.840187787218772,0.9590272903442384,0.888671875,0.8125,0.70703125,0.1865234375,3.878342588135837,4.692949348427801,0.8146067602919638,,,,,,,,,,0.185546875,0.185546875,0.185546875,0.185546875,0.181640625,0.1806640625,0.16796875,0.1533203125,0.1181640625,0.0693359375,0.0244140625,0.16796875,0.291015625,0.291015625,0.291015625,0.2900390625,0.2861328125,0.283203125,0.265625,0.2412109375,0.1904296875,0.1025390625,0.0380859375,0.265625,0.2919921875,0.939453125,3.8360883939156,0.7853875241621586,0.0,0.76760014942668,0.0045775805908637,0.7752808988764045,0.0066577420497538,0.0021283689379367,0.0,74.345703125,1.6637407214781592,81.0,0.0061203274281104,0.0007035279686042,0.0,0.0077208686429375,0.0018874224278711,0.0,0.1360716576672525,0.0029239861590764,0.1285140562248995,0.2892505534990169,0.0046773608979418,0.2807476836888601,0.0074239177512392,0.0022942964734484,0.0,0.9324210523627698,0.0013136922704396,0.9362537562847136,0.9367494703037664,0.00128985500746,0.9407154619693756,0.928221891692374,0.0014389649746169,0.9323703050613404,0.9211952146270028,0.0080699724796324,0.9580774010296468,0.9747527636354788,0.0009700701555397,0.9789290726184844,11.683435169138306,0.8974738185378841,12.659049034118652,0.9162923177083332,0.0043250550534511,0.9333333333333332,0.9130208333333334,0.0057430765402901,0.9333333333333332,0.0072916666666666,0.002952922921579,0.0,0.7964192708333334,0.0099794654994546,0.8000000000000002,0.0369791666666666,0.0049945204707594,0.0,,,,,,,,,,,,,,,,0.1035872095010304,0.0085078190684376,0.0651290208554259,0.0598317148364103,0.0084716898365183,0.0161290322580645,0.0464248512797683,0.008318108812943,0.0037878787878787,0.8639283423327475,0.0029239861590764,0.8714859437751005,0.6954546708944956,0.0045024897461877,0.7025290815440709,0.7949412323700513,0.00359319058089,0.8008313068074024,4.546654062899599,0.9362181670029134,0.0,575344.9989089966,234054.0,10.232347090111466,11.006522734702664,2.0940191075165906,0.2872730828415653,0.3829929028989469,,,,,,,
SemStamp,lsh,context,rejection,sentence-nltk,,,sentence,nltk,,,64.0,attack,direct,pegasus,pegasus,default,,,,,,,,,,1024,3,c4-val-def-256|c4-val-def-256b|c4-val-def-512,1.5666989036012806,2.116950987028628,2.840187787218772,0.945737361907959,0.86328125,0.775390625,0.638671875,0.2236328125,3.565259187181252,4.692949348427801,1.127690161246549,,,,,,,,,,0.216796875,0.21484375,0.2109375,0.203125,0.1904296875,0.1708984375,0.142578125,0.109375,0.0615234375,0.0283203125,0.0107421875,0.142578125,0.353515625,0.3505859375,0.34375,0.3310546875,0.310546875,0.2861328125,0.2353515625,0.1845703125,0.1005859375,0.046875,0.01953125,0.2353515625,0.3603515625,0.658203125,6.8264741458429565,0.9447655793463102,0.0,0.6229014489235395,0.0063197104475819,0.6261682242990654,0.0107628093857644,0.0032281201005936,0.0,60.14453125,1.3926549676248332,64.0,0.0076814423241279,0.0007691082669459,0.0,0.0103116387950868,0.002683582781215,0.0,0.2398766652626972,0.0065807221442209,0.210334992110693,0.3241805495435046,0.0061625620021493,0.3146067415730337,0.0075143538760104,0.001930491795453,0.0,0.9199551304336636,0.0025601626471513,0.9318070411682128,0.9279556985129602,0.0037532265395911,0.9475604295730592,0.9135628620279022,0.0017274944258988,0.9173728227615356,0.885466745485034,0.0095772195523733,0.945404868355688,0.9445571355172432,0.0023626251515849,0.9540995359420776,6.491400707470733,0.4538213951537533,9.730053901672363,0.8293782552083333,0.0069338625941512,0.85,0.7858072916666667,0.0075676966996286,0.8000000000000002,0.0298177083333333,0.0069880691165735,0.0,0.6922526041666668,0.0108305511450079,0.6666666666666666,0.1307291666666666,0.0117008257740394,0.0666666666666666,,,,,,,,,,,,,,,,0.1735241422363387,0.0132342378213624,0.0833333333333333,0.1261339023714509,0.0137136467941584,0.0235481128239251,0.1124653741551033,0.0137574379230421,0.0083683473389355,0.7601233347373028,0.0065807221442209,0.789665007889307,0.5820380011412851,0.0071222951363904,0.5979516999318979,0.6482843015559665,0.006628836542986,0.6605080831408776,4.881838841289765,0.9667848206085876,0.0,454120.3411026001,242783.0,9.243248802079954,10.001491333653574,2.322677809562504,0.8847285742425652,0.3991384976960939,,,,,,,
SemStamp,lsh,context,rejection,sentence-nltk,,,sentence,nltk,,,64.0,attack,direct,pegasus-bigram-threshold=0.03,pegasus,bigram-0.03,,,,,,,,,,1024,3,c4-val-def-256|c4-val-def-256b|c4-val-def-512,1.5666989036012806,2.116950987028628,2.840187787218772,0.9445109367370604,0.8623046875,0.7783203125,0.6494140625,0.220703125,3.565580329939426,4.692949348427801,1.1273690184883745,,,,,,,,,,0.21875,0.2158203125,0.2138671875,0.20703125,0.1962890625,0.1865234375,0.1533203125,0.1162109375,0.0654296875,0.025390625,0.0087890625,0.1533203125,0.3466796875,0.34375,0.341796875,0.333984375,0.3203125,0.302734375,0.2529296875,0.1943359375,0.11328125,0.0498046875,0.021484375,0.2529296875,0.349609375,0.744140625,4.947972847214885,0.8469665504737387,0.0,0.5798147592487044,0.00558205003553,0.5777777777777777,0.0079888568728888,0.0019829451559015,0.0,55.5439453125,1.2413563507735952,59.0,0.0148986883234937,0.0011746702305478,0.0082380253498354,0.0094145646807049,0.0016309230606048,0.0,0.2471805615344317,0.0045845110297487,0.2341735424789192,0.4392824434421228,0.0055107050035134,0.4381732885439592,0.0097951683674164,0.0020839816477324,0.0,0.92589980160119,0.0016889018633715,0.9305735230445862,0.9371075534727424,0.0023804510614913,0.945570319890976,0.9156059119850396,0.0013801378087303,0.917187124490738,0.9068075271226352,0.0086357117018006,0.9514520202020202,0.9528112318948844,0.0016556210573209,0.9587726891040802,8.892433036816392,0.476188408340206,11.120283603668211,0.8496419270833333,0.0059064965001117,0.8666666666666666,0.8092447916666667,0.0074092244000774,0.8000000000000002,0.0218098958333333,0.004962473288359,0.0,0.7046875,0.010360884566953,0.6666666666666666,0.0935546875,0.0093440211151898,0.0,,,,,,,,,,,,,,,,0.1330819014677878,0.0105394461152975,0.075424291267659,0.0856670585496548,0.0107788853465391,0.018018018018018,0.0727773403234523,0.0107219040571169,0.0044247787610619,0.7528194384655682,0.0045845110297487,0.7658264575210808,0.4993433657654627,0.0054829098128938,0.5,0.6055384560570914,0.0050023761825923,0.6081081081081081,4.694641636492378,0.9446576547837586,0.0,468734.2897758484,214504.0,9.69830603511,10.504612204267186,2.3383679689224683,0.8824772679273267,0.2810446352355723,,,,,,,
SemStamp,lsh,context,rejection,sentence-nltk,,,sentence,nltk,,,64.0,attack,direct,split_midpoint-ratio=0.2,other,split_midpoint-ratio=0.2,,,,,,,,,,1024,3,c4-val-def-256|c4-val-def-256b|c4-val-def-512,1.5666989036012806,2.116950987028628,2.840187787218772,0.9701390266418456,0.9150390625,0.8466796875,0.708984375,0.15234375,3.994207925020338,4.692949348427801,0.6987414234074624,,,,,,,,,,,,,,,,,,,,,,,,,,,,,,,,,,,,3.912815973966004,0.7754180103009861,0.0,1.0,0.0,1.0,0.0,0.0,0.0,96.5595703125,2.066318138104038,107.0,0.0,0.0,0.0,0.0710691459361612,0.0034834059979977,0.0666666666666666,0.0,0.0,0.0,0.0,0.0,0.0,0.1281545710706927,0.0058876829904137,0.125,,,,,,,,,,0.922510457383732,0.0080534466634025,0.9610894941634242,,,,,,,,,,,,,,,,,,,,,,,,,,,,,,,,,,,,,,,,,,,,,,1.0,0.0,1.0,1.0,0.0,1.0,1.0,0.0,1.0,4.0744066386028015,0.8833870635670805,0.0,,0.0,,,,,0.9711087549112432,,,,,,,
SemStamp,lsh,context,rejection,sentence-nltk,,,sentence,nltk,,,64.0,attack,direct,split_midpoint-ratio=0.5,other,split_midpoint-ratio=0.5,,,,,,,,,,1024,3,c4-val-def-256|c4-val-def-256b|c4-val-def-512,1.5666989036012806,2.116950987028628,2.840187787218772,0.9332008361816406,0.783203125,0.6591796875,0.4921875,0.3408203125,3.1459435442132246,4.692949348427801,1.545623699877681,,,,,,,,,,,,,,,,,,,,,,,,,,,,,,,,,,,,3.771734082783485,0.7618028280213744,0.0,1.0,0.0,1.0,0.0,0.0,0.0,96.5595703125,2.066318138104038,107.0,0.0,0.0,0.0,0.1624254540684648,0.0050504632883445,0.1666666666666667,0.0,0.0,0.0,0.0,0.0,0.0,0.2719495300350368,0.0071158349058902,0.2857142857142857,,,,,,,,,,0.9248349666634113,0.0079820141657371,0.9630388585306616,,,,,,,,,,,,,,,,,,,,,,,,,,,,,,,,,,,,,,,,,,,,,,1.0,0.0,1.0,1.0,0.0,1.0,1.0,0.0,1.0,3.829719486673387,0.8527312607393829,0.0,,0.0,,,,,0.9270952667248474,,,,,,,
SemStamp,lsh,context,rejection,sentence-nltk,,,sentence,nltk,,,64.0,attack,direct,split_midpoint-ratio=1.0,other,split_midpoint-ratio=1.0,,,,,,,,,,1024,3,c4-val-def-256|c4-val-def-256b|c4-val-def-512,1.5666989036012806,2.116950987028628,2.840187787218772,0.8444104194641113,0.5458984375,0.4091796875,0.2646484375,0.5908203125,2.145065838605066,4.692949348427801,2.547479780564635,,,,,,,,,,,,,,,,,,,,,,,,,,,,,,,,,,,,3.834622797009856,0.7769275617034543,0.0,1.0,0.0,1.0,0.0,0.0,0.0,96.5595703125,2.066318138104038,107.0,0.0,0.0,0.0,0.2836152155956066,0.0049075226573001,0.2972972972972972,0.0,0.0,0.0,0.0,0.0,0.0,0.4363805079979721,0.0059546825501818,0.4583333333333333,,,,,,,,,,0.9270761123492092,0.0080559599865575,0.9669875578966488,,,,,,,,,,,,,,,,,,,,,,,,,,,,,,,,,,,,,,,,,,,,,,1.0,0.0,1.0,1.0,0.0,1.0,1.0,0.0,1.0,4.264552880177848,0.8876473643794192,0.0,,0.0,,,,,0.8523350619343001,,,,,,,
SemStamp,lsh,context,rejection,sentence-nltk,,,sentence,nltk,,,64.0,attack,direct,synonym_substitution-ratio=0.1,other,synonym_substitution-ratio=0.1,,,,,,,,,,1024,3,c4-val-def-256|c4-val-def-256b|c4-val-def-512,1.5666989036012806,2.116950987028628,2.840187787218772,0.9706220626831056,0.91015625,0.86328125,0.7568359375,0.1357421875,4.087102038896351,4.692949348427801,0.6058473095314497,,,,,,,,,,,,,,,,,,,,,,,,,,,,,,,,,,,,3.1045536623370245,0.6458074965291303,0.0,0.9326425960543304,0.0018084549742456,0.9338842975206612,0.0019399120110932,0.0012212447889383,0.0,89.9404296875,1.922151289152284,99.0,0.0004638940838007,0.000246464663073,0.0,0.0020663714887409,0.0008839028291664,0.0,0.0417074508982667,0.0010540625471166,0.0406471809476189,0.1132748186588203,0.0030270300267716,0.1087866108786611,0.0018750232614539,0.0008462768900521,0.0,,,,,,,,,,0.929493023143857,0.0073316898853182,0.9641941391941392,,,,,,,,,,,,,,,,,,,,,,,,,,,,,,,,,,,,,,,,,,,,,,0.9582925491017332,0.0010540625471166,0.959352819052381,0.918704424470467,0.0019913749564852,0.9201699423409916,0.95797910033586,0.0010642047673384,0.9588427545113044,3.1052303064824462,0.7440459066546914,0.0,,0.0,,,,,0.8690018481193181,,,,,,,
SemStamp,lsh,context,rejection,sentence-nltk,,,sentence,nltk,,,64.0,attack,direct,synonym_substitution-ratio=0.25,other,synonym_substitution-ratio=0.25,,,,,,,,,,1024,3,c4-val-def-256|c4-val-def-256b|c4-val-def-512,1.5666989036012806,2.116950987028628,2.840187787218772,0.934546947479248,0.80859375,0.7255859375,0.583984375,0.2734375,3.2783531564914097,4.692949348427801,1.4145961919363912,,,,,,,,,,,,,,,,,,,,,,,,,,,,,,,,,,,,2.4233986235883616,0.5522608493450798,0.0,0.8350242227216762,0.0028393540600737,0.8360655737704918,0.0044096043218165,0.0016861180753332,0.0,80.2861328125,1.7094230957609164,88.0,0.0018103404658013,0.0003813434693415,0.0,0.0061422901193941,0.0023151113547766,0.0,0.1026281505819993,0.0016140518716655,0.1011235955056178,0.2589618555348675,0.0036794561097797,0.2552315909289904,0.0061536885947494,0.0024618122185374,0.0,,,,,,,,,,0.935586937066874,0.0068574041316096,0.9666666666666668,,,,,,,,,,,,,,,,,,,,,,,,,,,,,,,,,,,,,,,,,,,,,,0.8973718494180007,0.0016140518716655,0.8988764044943821,0.8031896494022069,0.0028986210982445,0.8047813508268546,0.8957810021307521,0.0016410789555465,0.897877387427917,2.3504503355598683,0.666461877569431,0.0,,0.0,,,,,0.692604129314988,,,,,,,
SemStamp,lsh,context,rejection,sentence-nltk,,,sentence,nltk,,,64.0,attack,direct,synonym_substitution-ratio=0.5,other,synonym_substitution-ratio=0.5,,,,,,,,,,1024,3,c4-val-def-256|c4-val-def-256b|c4-val-def-512,1.5666989036012806,2.116950987028628,2.840187787218772,0.8583998680114746,0.607421875,0.47265625,0.3115234375,0.5263671875,2.166382920755304,4.692949348427801,2.5265664276724973,,,,,,,,,,,,,,,,,,,,,,,,,,,,,,,,,,,,2.258547448572821,0.5282391107226271,0.0,0.6793510373633967,0.0038188714546139,0.6774193548387096,0.0090270815959716,0.0022291905430047,0.0,65.0546875,1.3866245106640147,70.0,0.0062958199128321,0.0006381003841843,0.0,0.0112562901406624,0.0025477099649481,0.0,0.1998462243067302,0.0022586276328344,0.1999999999999999,0.4622115719548837,0.0038516331533694,0.461864406779661,0.011173441294472,0.0028480147139806,0.0,,,,,,,,,,0.9346957082794872,0.0066930850583496,0.9630388585306616,,,,,,,,,,,,,,,,,,,,,,,,,,,,,,,,,,,,,,,,,,,,,,0.8001537756932697,0.0022586276328344,0.8,0.6299044359568018,0.0036711146477369,0.6283524904214559,0.7952896083658327,0.0023055892017898,0.7954971857410882,2.179854185032124,0.6465653812012995,0.0,,0.0,,,,,0.4504995772278437,,,,,,,
SemStamp,lsh,context,rejection,sentence-nltk,,,sentence,nltk,,,64.0,attack,direct,synonym_substitution-ratio=0.75,other,synonym_substitution-ratio=0.75,,,,,,,,,,1024,3,c4-val-def-256|c4-val-def-256b|c4-val-def-512,1.5666989036012806,2.116950987028628,2.840187787218772,0.7469620704650879,0.388671875,0.2646484375,0.1279296875,0.734375,1.3379483972928556,4.692949348427801,3.355000951134945,,,,,,,,,,,,,,,,,,,,,,,,,,,,,,,,,,,,2.8883204804059712,0.589124224435457,0.0,0.5333275320357426,0.0045911331684471,0.5213675213675214,0.0181329367072996,0.0031876539437206,0.0,50.6650390625,1.0894260638962576,53.0,0.016254506727474,0.0012426622160847,0.0091925006601531,0.0201040382718027,0.0032092744751634,0.0,0.291188361614035,0.0028799056529022,0.2894474209475785,0.6293324712672228,0.0040599006318303,0.630188679245283,0.0184987222121386,0.0036619874801882,0.0,,,,,,,,,,0.922478825954659,0.0070078531078881,0.9528643697019414,,,,,,,,,,,,,,,,,,,,,,,,,,,,,,,,,,,,,,,,,,,,,,0.7088116383859648,0.0028799056529022,0.7105525790524214,0.4796990279505211,0.0042501674016531,0.4796246121574968,0.6990974847317903,0.0029247822125117,0.6999005964214712,2.4111947617904037,0.6755779220730852,0.0,,0.0,,,,,0.2654456267986246,,,,,,,
SemStamp,lsh,context,rejection,sentence-nltk,,,sentence,nltk,,,64.0,attack,direct,synonym_substitution-ratio=1.0,other,synonym_substitution-ratio=1.0,,,,,,,,,,1024,3,c4-val-def-256|c4-val-def-256b|c4-val-def-512,1.5666989036012806,2.116950987028628,2.840187787218772,0.6451883316040039,0.236328125,0.1396484375,0.060546875,0.859375,0.7693096325779841,4.692949348427801,3.923639715849816,,,,,,,,,,,,,,,,,,,,,,,,,,,,,,,,,,,,4.655074559714849,0.7973552403955124,0.5882352941176471,0.3910691681418017,0.005111617867654,0.38,0.0264906540424291,0.004342032889162,0.0,36.7080078125,0.8224221111155611,38.0,0.034884788319152,0.0022545593716375,0.0268188775980672,0.0295188929198929,0.0041735102383248,0.0,0.3792536794129053,0.0032665749344415,0.3766698534098151,0.7709932920071074,0.0039199478854355,0.7763692768506631,0.0268813740430663,0.004280661174714,0.0,,,,,,,,,,0.8990068730028508,0.0080992326029413,0.934824254539397,,,,,,,,,,,,,,,,,,,,,,,,,,,,,,,,,,,,,,,,,,,,,,0.6207463205870947,0.0032665749344415,0.6233301465901848,0.3485145345090235,0.0043151285889261,0.3492052421239111,0.6057598336404932,0.0032903810810784,0.6069246435845215,4.425737697507119,0.9177391313823972,0.0,,0.0,,,,,0.127601136510776,,,,,,,
SemStamp,lsh,context,rejection,sentence-nltk,,,sentence,nltk,,,64.0,watermark,direct,none,none,none,,,,,,,,,,1024,3,c4-val-def-256|c4-val-def-256b|c4-val-def-512,1.5666989036012806,2.116950987028628,2.840187787218772,0.98537015914917,0.9599609375,0.9306640625,0.8466796875,0.068359375,4.692949348427801,4.692949348427801,0.0,8.816952996428522,8.518562824817959,9.1370061423512,13280.0,13195.0,1.0,8.816952996428522,8.518562824817959,9.1370061423512,,,,,,,,,,,,,,,,,,,,,,,,,,,4.038479406694013,0.7895308599908724,0.0,,,,,,,,,,,,,,,,,,,,,,,,,,,,,,,,,,0.9207698787761864,0.0081208166193039,0.9598994974874372,,,,6.159222917092202,0.2428092847645052,6.536776304244995,,,,,,,,,,,,,,,,0.803955078125,0.0154427147719647,0.9333333333333332,0.7972656250000001,0.0173048438574102,0.9333333333333332,0.8879557291666667,0.0124569707357133,1.0,0.7389973958333333,0.0177546618496531,0.8666666666666667,0.7916015625000001,0.0187661334205289,1.0,0.1084559699999259,0.008436793357893,0.0680307617357413,0.0640799809315268,0.0084268567274447,0.0187793887147335,0.0502729539028695,0.0082664538911178,0.0063293674638464,,,,,,,,,,4.479202868250023,0.9277254324136696,0.0,479459.0246543884,263736.0,10.382294835766894,11.152194710491145,2.577254035700165,0.2025982084947319,,,,,,,,
SemStamp,lsh,context,rejection,sentence-nltk,,,sentence,nltk,,,,human,direct,none,none,none,,,,,,,,,,1024,1,c4-human-def,1.5666989036012806,2.116950987028628,2.840187787218772,,,,,,0.0417363231990495,,,,,,,,,,,,,,,,,,,,,,,,,,,,,,,,,,,,,,,,,,,,,,,,,,,,,,,,,,,,,,,,,,,,,,,,,,,,,,,,,,,,,,,,,,,,,,,,,,,,,,,,,,,,,,,,,,,,,,,,,,,,,,,,,,,,,,,,,,,,,0.09375,0.0458984375,0.009765625,1.0491995070788456,1.5666989036012806,2.116950987028628,2.8394160879640715
SemStamp,lsh,fixed,best-of-n,sentence-nltk,,,sentence,nltk,,,64.0,attack,direct,adaptive-Qwen2.5-3B-Instruct-standard-K1-min-bag=min-surr=bge,adaptive,K1-min-bag=min-bge,1.0,bge,bag,Qwen2.5-3B-Instruct,sentence-nltk,min,min,,,1024,3,c4-val-def-256|c4-val-def-256b|c4-val-def-512,1.5666989036012806,2.263009527424072,3.2863353450309964,0.9655399322509766,0.9228515625,0.8701171875,0.72265625,0.1298828125,4.888244610367865,6.184847899397463,1.296603289029597,,,,,,,,,,0.12890625,0.12890625,0.1279296875,0.1279296875,0.125,0.1240234375,0.1181640625,0.111328125,0.1005859375,0.0791015625,0.0400390625,0.1181640625,0.2763671875,0.2763671875,0.275390625,0.275390625,0.2705078125,0.2666015625,0.25390625,0.2373046875,0.2158203125,0.1650390625,0.0849609375,0.25390625,0.27734375,0.9365234375,8.591093277440518,1.3460505101645104,0.0,0.5742320577587631,0.0089754407474781,0.5693376068376068,0.1342525229836281,0.0093586053575224,0.1,46.072265625,1.3199667135779245,46.0,0.0435689138683614,0.0036674813051765,0.0279035071067555,0.1169704564019566,0.008591197803016,0.0909090909090909,0.3034738277010836,0.0069533615617654,0.2893617021276595,0.5344490334948037,0.0084155934083893,0.5373134328358209,0.078397457295224,0.0085057594372139,0.0,0.9347546245553532,0.001622158968549,0.9380067884922028,0.9384234632598236,0.001526974899476,0.9426737725734712,0.9313157589058392,0.0018774828582133,0.935433954000473,0.8697876009996566,0.0135879200343392,0.9555005500550056,0.9674476267537102,0.0013784268275614,0.9727582335472108,6.833785364596986,0.3540636706591997,9.038575649261476,0.9387858072916666,0.0048485061942951,0.9666666666666668,0.96015625,0.0045517974392047,1.0,0.0114583333333333,0.0038509359535118,0.0,0.9307291666666666,0.0074730345300064,1.0,0.1242838541666666,0.0101128812281511,0.0666666666666666,,,,,,,,,,,,,,,,0.1696937757755988,0.0139653039673133,0.0815016103059581,0.1218445509486737,0.0142465439401535,0.025818354957743,0.1043930148678534,0.014177653324581,0.0097087378640776,0.6965261722989164,0.0069533615617654,0.7106382978723405,0.4568202669701465,0.0087327065122302,0.4516129032258064,0.5939149533728552,0.0080179461105214,0.5981725634178905,8.763688166969768,1.4994394393501185,0.0,499553.9425010681,259930.0,9.971128875970455,10.64582527137177,2.495822064233386,0.8786288530601767,0.3177658521459016,,,,,,,
SemStamp,lsh,fixed,best-of-n,sentence-nltk,,,sentence,nltk,,,64.0,attack,direct,adaptive-Qwen2.5-3B-Instruct-standard-K16-min-bag=min-surr=bge,adaptive,K16-min-bag=min-bge,16.0,bge,bag,Qwen2.5-3B-Instruct,sentence-nltk,min,min,,,1024,3,c4-val-def-256|c4-val-def-256b|c4-val-def-512,1.5666989036012806,2.263009527424072,3.2863353450309964,0.8869905471801758,0.705078125,0.55078125,0.294921875,0.44921875,2.5505538964083048,6.184847899397463,3.634294002989159,,,,,,,,,,0.44140625,0.435546875,0.4326171875,0.4248046875,0.408203125,0.3828125,0.326171875,0.2763671875,0.1982421875,0.1083984375,0.04296875,0.326171875,0.6953125,0.689453125,0.6845703125,0.6748046875,0.64453125,0.6083984375,0.5185546875,0.4365234375,0.3056640625,0.16796875,0.0673828125,0.5185546875,0.705078125,0.7373046875,3.0522946257895693,0.8156934698328623,0.0,0.4405245384622095,0.0087649588900082,0.4285714285714285,0.2113823472279354,0.0116665563608592,0.2,34.623046875,0.9889724901609336,34.0,0.0962354027722638,0.006050280953419,0.0757166257166257,0.2190798312501815,0.0117307054256031,0.1851851851851852,0.4344431274564757,0.008139381043298,0.411128949028152,0.6974867169306492,0.0070071890277668,0.7043854033290653,0.1740455225793682,0.0125013222553184,0.125,0.9016098981373944,0.0021099296999416,0.9070481956005096,0.9089402676327154,0.0019033401989588,0.9130465984344482,0.894943191553466,0.0025883597476143,0.9018645584583282,0.9358207614061832,0.0084495138058367,0.9703407224958948,0.9399526550259908,0.0025495409924561,0.9489796161651612,9.935353996298153,0.4869812121430423,11.419565200805664,0.86005859375,0.0068171143613586,0.8833333333333333,0.9004557291666668,0.00716217093432,0.9333333333333332,0.0313151041666666,0.0065136480082603,0.0,0.8340494791666667,0.01065851793416,0.8666666666666667,0.2629557291666666,0.0120877331973257,0.2666666666666666,,,,,,,,,,,,,,,,0.1003664469188627,0.0089117902553007,0.0636100893326326,0.0554428751209857,0.008809159199718,0.0163599866175978,0.0416245207636474,0.0086634203279426,0.0038095376309755,0.5655568725435243,0.008139381043298,0.588871050971848,0.2825664715963529,0.0073295394466484,0.2729615745079662,0.409191627560633,0.0077044051504666,0.4053290795226278,2.4084945007465803,0.7946210953688835,0.0,510870.6597213745,222495.0,10.130311083159588,10.851696510058492,2.448255908044091,0.5898372662641166,0.1438867887131897,,,,,,,
SemStamp,lsh,fixed,best-of-n,sentence-nltk,,,sentence,nltk,,,64.0,attack,direct,adaptive-Qwen2.5-3B-Instruct-standard-K16-min-surr=bge,adaptive,K16-min-positional-bge,16.0,bge,positional,Qwen2.5-3B-Instruct,sentence-nltk,min,,,,1024,3,c4-val-def-256|c4-val-def-256b|c4-val-def-512,1.5666989036012806,2.263009527424072,3.2863353450309964,0.9224839210510254,0.8212890625,0.7197265625,0.48046875,0.2802734375,3.383336322775458,6.184847899397463,2.8015115766220053,,,,,,,,,,0.2802734375,0.2763671875,0.2724609375,0.26953125,0.2587890625,0.2490234375,0.21875,0.1982421875,0.158203125,0.0947265625,0.0439453125,0.21875,0.517578125,0.5126953125,0.5068359375,0.50390625,0.4912109375,0.474609375,0.427734375,0.39453125,0.318359375,0.1826171875,0.0927734375,0.427734375,0.51953125,0.8408203125,5.194433222887589,1.0243658309705328,0.0,0.483371634328234,0.0084198505173105,0.4805061559507524,0.1686417126968936,0.0105733352708759,0.1428571428571428,39.2080078125,1.1516458351434626,39.0,0.0751809230405135,0.0054838942056193,0.0555264536406495,0.172463218180388,0.0107359462759503,0.1428571428571429,0.3941318403449206,0.0085298426371771,0.3698823739881032,0.6392043004382271,0.0072796742877176,0.636634199134199,0.133306034720119,0.0117017018475091,0.0909090909090909,0.911902383028064,0.0020536095438298,0.9186827540397644,0.9171812170534396,0.0019893033756587,0.923839956521988,0.9070802269270644,0.0023623767533733,0.914084017276764,0.9101264033615868,0.0105638437721145,0.9653179190751444,0.9488115051062778,0.0023144314264076,0.9569711685180664,8.707673423122415,0.3776408796961284,10.7086763381958,0.8981119791666666,0.0059886712461504,0.9166666666666666,0.9265625,0.0062843562182701,1.0,0.0173828124999999,0.0050988280382953,0.0,0.8845052083333333,0.0093109664968501,0.9333333333333332,0.2012369791666667,0.0127499604311303,0.1333333333333333,,,,,,,,,,,,,,,,0.1279240165877006,0.011200975190839,0.0679622641509433,0.0821493908115909,0.0111838207719864,0.0194174757281553,0.0662071185663459,0.0110109060320616,0.0051294191919192,0.6058681596550795,0.0085298426371771,0.6301176260118968,0.3412090203650713,0.0077943484490715,0.3405534473201722,0.4714377380447277,0.0083380749638924,0.4778636759581881,4.952321818842586,1.1226997732353818,0.0,515675.860496521,238275.0,10.08325848765842,10.779239000389977,2.490008661539159,0.5345596002879466,0.2026919642516029,,,,,,,
SemStamp,lsh,fixed,best-of-n,sentence-nltk,,,sentence,nltk,,,64.0,attack,direct,adaptive-Qwen2.5-3B-Instruct-standard-K2-min-bag=min-surr=bge,adaptive,K2-min-bag=min-bge,2.0,bge,bag,Qwen2.5-3B-Instruct,sentence-nltk,min,min,,,1024,3,c4-val-def-256|c4-val-def-256b|c4-val-def-512,1.5666989036012806,2.263009527424072,3.2863353450309964,0.9545035362243652,0.8876953125,0.7939453125,0.62109375,0.2060546875,4.191691431423344,6.184847899397463,1.993156467974119,,,,,,,,,,0.205078125,0.2041015625,0.2041015625,0.203125,0.19921875,0.1943359375,0.1845703125,0.1708984375,0.1484375,0.107421875,0.0546875,0.1845703125,0.3759765625,0.375,0.375,0.373046875,0.3671875,0.3583984375,0.3388671875,0.3134765625,0.267578125,0.18359375,0.0927734375,0.3388671875,0.37890625,0.9013671875,6.709970233080681,1.1814819751606656,0.0,0.5264716546284871,0.0089432016165463,0.5230957968850011,0.1636382785138441,0.0101365154592775,0.1428571428571428,41.9970703125,1.1976188145973512,42.0,0.0534922448978847,0.0039916154159881,0.0359255441565529,0.1509999963342444,0.0096019987337033,0.1249999999999998,0.3461113350918288,0.0075686376312838,0.3269947666499391,0.594741974829405,0.0078877641884066,0.6049382716049383,0.1083231749641975,0.0098778808491773,0.0833333333333333,0.9249912814120762,0.0017778954776246,0.9300969243049622,0.9300680769374594,0.0016479703488777,0.9343237578868866,0.9202226016204804,0.0020831727698076,0.9259292781352996,0.8911451369445254,0.0120357217788724,0.9590909090909092,0.9611148278345354,0.0015723479629542,0.9675683677196504,7.633839599004889,0.3548205517147959,9.792644500732422,0.9224446614583334,0.0055110828759934,0.9499999999999998,0.9498046875,0.0050133806070885,1.0,0.0171875,0.0048803685559325,0.0,0.9098958333333332,0.0080892479346741,1.0,0.152734375,0.0112225100212121,0.0666666666666666,,,,,,,,,,,,,,,,0.14972565956777,0.0125428063893768,0.076230831315577,0.1023774382303314,0.0126968215133908,0.0230149902007521,0.0856265355949404,0.0125819376975047,0.007662835249042,0.6538886649081712,0.0075686376312838,0.6730052333500609,0.3923800120571624,0.0082756196328677,0.389109384893364,0.5308156502010881,0.0082028692213529,0.5386138613861386,6.984339162787337,1.3264204020661126,0.0,502003.213256836,246977.0,10.04046877893607,10.726112538194585,2.500029112905974,0.8698438361941105,0.248280989091141,,,,,,,
SemStamp,lsh,fixed,best-of-n,sentence-nltk,,,sentence,nltk,,,64.0,attack,direct,adaptive-Qwen2.5-3B-Instruct-standard-K32-min-bag=min-surr=bge,adaptive,K32-min-bag=min-bge,32.0,bge,bag,Qwen2.5-3B-Instruct,sentence-nltk,min,min,,,1024,3,c4-val-def-256|c4-val-def-256b|c4-val-def-512,1.5666989036012806,2.263009527424072,3.2863353450309964,0.8520083427429199,0.6298828125,0.4619140625,0.2431640625,0.5380859375,2.297773534714993,6.184847899397463,3.887074364682471,,,,,,,,,,0.5283203125,0.5185546875,0.5126953125,0.4912109375,0.4677734375,0.4208984375,0.3583984375,0.2880859375,0.19140625,0.103515625,0.0361328125,0.3583984375,0.744140625,0.7333984375,0.7265625,0.701171875,0.666015625,0.6025390625,0.5068359375,0.404296875,0.2646484375,0.130859375,0.0400390625,0.5068359375,0.7568359375,0.6611328125,3.0945097608564014,0.7979049657674842,0.0,0.4155839627972472,0.0087228691231443,0.3968859808554464,0.2172126567584956,0.0121195788156996,0.2,32.556640625,0.9613583845055244,32.0,0.106067723845022,0.0057536968865963,0.0888355115297318,0.224557734885516,0.0120384451591744,0.195016585666898,0.4651272694494036,0.008613572704515,0.4419828641370869,0.7269254219259127,0.0070018106201206,0.733855593947337,0.1780441745710831,0.0128221946703241,0.1428571428571428,0.8935883316444233,0.0022854371753309,0.9000791907310486,0.9002329616923817,0.0023130171233908,0.9074520468711852,0.8877843029331416,0.0026623862923228,0.895788311958313,0.9347062433254196,0.0083522028247458,0.971563981042654,0.9295540845196228,0.0035326475484332,0.94196155667305,10.079551807726286,0.5961577247802841,11.780912399291992,0.8354003906249999,0.007340575197269,0.85,0.8748697916666668,0.0085306565668368,0.9333333333333332,0.0341145833333333,0.0069160523800906,0.0,0.8077473958333333,0.0120181621626264,0.8666666666666667,0.3069010416666666,0.0127052793274756,0.3333333333333333,,,,,,,,,,,,,,,,0.0992495310542455,0.0088467344930411,0.0609756097560976,0.0543983239272846,0.0086716728057866,0.0141676702796735,0.0405509342348632,0.0084927990560327,0.0032840811044003,0.5348727305505964,0.008613572704515,0.5580171358629131,0.2515804053979371,0.0069772198014987,0.2417422867513611,0.3719345773342345,0.0076060834761405,0.3668195718654434,2.8863381098710006,0.8618335067766857,0.0,529903.6403083801,229345.0,10.118097268523794,10.856757234712408,2.456433010809087,0.5373470091091761,0.1292377744145259,,,,,,,
SemStamp,lsh,fixed,best-of-n,sentence-nltk,,,sentence,nltk,,,64.0,attack,direct,adaptive-Qwen2.5-3B-Instruct-standard-K4-min-bag=min-surr=bge,adaptive,K4-min-bag=min-bge,4.0,bge,bag,Qwen2.5-3B-Instruct,sentence-nltk,min,min,,,1024,3,c4-val-def-256|c4-val-def-256b|c4-val-def-512,1.5666989036012806,2.263009527424072,3.2863353450309964,0.934666633605957,0.8447265625,0.7275390625,0.494140625,0.2724609375,3.605173650861926,6.184847899397463,2.5796742485355364,,,,,,,,,,0.271484375,0.271484375,0.271484375,0.2705078125,0.263671875,0.2568359375,0.2412109375,0.21875,0.1640625,0.1083984375,0.0556640625,0.2412109375,0.50390625,0.5029296875,0.5029296875,0.4990234375,0.4853515625,0.46875,0.435546875,0.3974609375,0.30859375,0.205078125,0.1015625,0.435546875,0.505859375,0.8623046875,5.985219666354342,1.165495947456407,0.0,0.4924594061578763,0.0086391011043917,0.4803100775193798,0.1821504060812929,0.0106021184528073,0.1666666666666666,38.9072265625,1.105376637854203,38.0,0.0714900968594183,0.0048401467338702,0.0547770700636942,0.1712772626609787,0.0098367485313544,0.1428571428571429,0.3793495912005545,0.0073259188659393,0.3680670285579419,0.6389189257341362,0.007628699010871,0.6469239071775499,0.1257711295201088,0.0103570432246764,0.0909090909090909,0.9164897541049868,0.0017784130788044,0.9198022484779358,0.9218646424706094,0.0016817815329766,0.9256771802902222,0.911469780257903,0.0020873098178984,0.9147636592388152,0.9019124040777596,0.0118028913093437,0.9642857142857144,0.9547245733556338,0.0015424928169379,0.9604102373123168,8.16003387682211,0.3957079197925919,10.287725925445557,0.903662109375,0.0057489904059847,0.9333333333333332,0.9347005208333334,0.0055838936467689,1.0,0.01875,0.004760158321802,0.0,0.8919270833333334,0.0088322050744427,0.9333333333333332,0.1932291666666666,0.0113600763600953,0.1333333333333333,,,,,,,,,,,,,,,,0.1376531295477014,0.0122714163707676,0.0702635986952305,0.0914608435043653,0.0124709262554206,0.0196078431372549,0.0761944006765476,0.0123963661570404,0.0051948402417962,0.6206504087994453,0.0073259188659393,0.6319329714420581,0.3467327277282485,0.0080889402207632,0.3329588014981273,0.483217213388923,0.0078711881478674,0.4803846153846154,5.532797889899046,1.2078265181997216,0.0,503960.24656677246,240067.0,10.046730805050114,10.736399890527547,2.557032056365013,0.7665371263469734,0.2028019906908771,,,,,,,
SemStamp,lsh,fixed,best-of-n,sentence-nltk,,,sentence,nltk,,,64.0,attack,direct,adaptive-Qwen2.5-3B-Instruct-standard-K4-min-surr=bge,adaptive,K4-min-positional-bge,4.0,bge,positional,Qwen2.5-3B-Instruct,sentence-nltk,min,,,,1024,3,c4-val-def-256|c4-val-def-256b|c4-val-def-512,1.5666989036012806,2.263009527424072,3.2863353450309964,0.9403343200683594,0.880859375,0.80078125,0.5947265625,0.19921875,4.0758443955334185,6.184847899397463,2.109003503864044,,,,,,,,,,0.19921875,0.1982421875,0.1943359375,0.193359375,0.185546875,0.1796875,0.169921875,0.154296875,0.1328125,0.08984375,0.041015625,0.169921875,0.404296875,0.4033203125,0.3974609375,0.3955078125,0.38671875,0.375,0.357421875,0.328125,0.28125,0.19921875,0.0986328125,0.357421875,0.4052734375,0.90625,6.6696428441793705,1.202297091100063,0.0,0.5252869741118791,0.0085198763098333,0.5178799489144317,0.1580898814912683,0.0100108657368209,0.125,42.27734375,1.2010028429732058,42.0,0.0599095291277361,0.0046437413949715,0.0417417892659672,0.1467458098400703,0.010004348947556,0.111111111111111,0.3531451965601189,0.0077578129852837,0.3333333333333333,0.592930128289733,0.0076370394523606,0.5963822599978206,0.1044298830981672,0.010437659469857,0.0,0.922449637320824,0.0019067551966807,0.92751544713974,0.92691699572606,0.0019886417913248,0.9318906366825104,0.9184754745219834,0.0021318355162095,0.9247843325138092,0.8942869861654977,0.0121714700504697,0.9629629629629628,0.9579233715194276,0.0015975596814342,0.9644708931446077,7.744988650526058,0.3763641614997569,9.966859817504885,0.9225260416666669,0.0054766545434808,0.95,0.9469401041666669,0.0053044817620941,1.0,0.017578125,0.0047391918071478,0.0,0.9134114583333334,0.008180743057708,1.0,0.1526692708333333,0.0111535747672604,0.0666666666666666,,,,,,,,,,,,,,,,0.1460379475221411,0.0126184054054941,0.0750492818924246,0.1002135644059244,0.0128072671231941,0.0234834558823529,0.0839807003174436,0.0127318448887994,0.0078585765014667,0.646854803439881,0.0077578129852837,0.6666666666666666,0.3887665036605152,0.0082190386575888,0.3853012430994082,0.526545807277214,0.0081892965237714,0.5368641114982579,7.00307761785928,1.3571408895736583,0.0,502042.1276702881,245252.0,10.011299232527923,10.683883807704849,2.497141673735012,0.7904747504534989,0.2463972137425186,,,,,,,
SemStamp,lsh,fixed,best-of-n,sentence-nltk,,,sentence,nltk,,,64.0,attack,direct,adaptive-Qwen2.5-3B-Instruct-standard-K64-min-bag=min-surr=bge,adaptive,K64-min-bag=min-bge,64.0,bge,bag,Qwen2.5-3B-Instruct,sentence-nltk,min,min,,,1024,3,c4-val-def-256|c4-val-def-256b|c4-val-def-512,1.5666989036012806,2.263009527424072,3.2863353450309964,0.8220529556274414,0.5595703125,0.4013671875,0.181640625,0.5986328125,2.0403243396297768,6.184847899397463,4.144523559767687,,,,,,,,,,0.578125,0.5634765625,0.548828125,0.52734375,0.4912109375,0.4462890625,0.3505859375,0.26953125,0.1611328125,0.0732421875,0.0341796875,0.3505859375,0.796875,0.77734375,0.7626953125,0.734375,0.685546875,0.6220703125,0.4873046875,0.376953125,0.2236328125,0.111328125,0.046875,0.4873046875,0.818359375,0.6025390625,3.8561936677242974,0.9041270568540052,0.0,0.3924221233898827,0.0087447300544009,0.3787940725600409,0.2107610342267053,0.0118289796890627,0.1818181818181818,30.6787109375,0.90747482778824,30.0,0.1178636093208728,0.0063409638500079,0.0952380952380952,0.2333421902857055,0.0128144141701423,0.1923076923076923,0.488311757867239,0.0090218877000301,0.4615325485935667,0.7458360600006342,0.0070393624543413,0.75,0.1964808057836159,0.0138042306355986,0.1428571428571428,0.8878463000291958,0.0024297354763814,0.8954887092113495,0.8941075333859771,0.002522859896995,0.9023767709732056,0.8823913892265409,0.002720843061109,0.8908341526985168,0.9274959081631736,0.0094380681522144,0.9714285714285714,0.9213712843338726,0.004209804078734,0.936561554670334,9.726967444324949,0.5726471011187432,11.690800189971924,0.813232421875,0.0079479392324638,0.8333333333333334,0.8530598958333334,0.0094499954094146,0.8666666666666667,0.0404947916666666,0.0069517753466292,0.0,0.7741536458333333,0.0124586150706873,0.8000000000000002,0.3337890625,0.0133974388503294,0.3333333333333333,,,,,,,,,,,,,,,,0.108280543645001,0.0100399355705209,0.0606768620787311,0.063880580853106,0.0099001143343137,0.0149257425742574,0.049969618828558,0.0097257429420554,0.0036101553539776,0.5116882421327611,0.0090218877000301,0.5384674514064334,0.2309699790083946,0.0068889458047288,0.2239439990427186,0.3460359262760387,0.0076440698234575,0.3449205316479227,3.5515256289436232,0.9615338519471542,0.0,533719.3495368958,234612.0,10.074854703948423,10.81962736340238,2.45552805267799,0.5014071458567839,0.1201257838566755,,,,,,,
SemStamp,lsh,fixed,best-of-n,sentence-nltk,,,sentence,nltk,,,64.0,attack,direct,adaptive-Qwen2.5-3B-Instruct-standard-K64-min-surr=bge,adaptive,K64-min-positional-bge,64.0,bge,positional,Qwen2.5-3B-Instruct,sentence-nltk,min,,,,1024,3,c4-val-def-256|c4-val-def-256b|c4-val-def-512,1.5666989036012806,2.263009527424072,3.2863353450309964,0.9018964767456056,0.7529296875,0.62890625,0.3798828125,0.37109375,3.010198318476279,6.184847899397463,3.174649580921184,,,,,,,,,,0.3642578125,0.359375,0.353515625,0.3427734375,0.3154296875,0.2919921875,0.2646484375,0.21484375,0.158203125,0.0986328125,0.0458984375,0.2646484375,0.61328125,0.607421875,0.59765625,0.583984375,0.5498046875,0.517578125,0.4560546875,0.3759765625,0.267578125,0.1611328125,0.068359375,0.4560546875,0.6201171875,0.7412109375,4.096384567677053,0.8725930848498702,0.0,0.4404442673623508,0.0087091809993732,0.4347826086956521,0.1759781174405357,0.0116143864976983,0.1428571428571428,35.849609375,1.086569108245371,36.0,0.1130244618084907,0.0079491209684666,0.0788785115491973,0.1882248653587144,0.0121423518369677,0.1428571428571429,0.43558891635932,0.0090661007279188,0.4076460222632913,0.6813885912232336,0.0076951532804875,0.6806392235609103,0.1432137968991891,0.0121237211292435,0.1,0.8998170312843286,0.0023762657494179,0.9072996079921722,0.904412669071462,0.0024720062828515,0.9131996929645538,0.8958759193192236,0.0026138513770864,0.9036432206630708,0.91977328330777,0.0093180392167054,0.9695276711650364,0.9372827296028844,0.0025152709966537,0.947801947593689,9.386954982468117,0.4379017298333491,11.543340682983398,0.859326171875,0.0071727932719867,0.8833333333333333,0.8943359375000001,0.0074249726535364,0.9333333333333332,0.026953125,0.0059356746939198,0.0,0.8381510416666668,0.0110222918591471,0.8666666666666667,0.2682291666666667,0.0145268466305671,0.2666666666666666,,,,,,,,,,,,,,,,0.1186417092736608,0.0099386133139971,0.0685817431665807,0.0715218745193727,0.0096888053834549,0.0189126352499329,0.0554095292051284,0.0094416725704696,0.0045458302339035,0.5644110836406799,0.0090661007279188,0.5923539777367086,0.2987849448253032,0.0076583462746661,0.2929434767152506,0.4165431922152381,0.0084373672669917,0.4253176390600434,3.3624744498674266,0.9292960063535788,0.0,549182.2682495117,245245.0,10.143768887227814,10.872668435837898,2.4156043890630268,0.4095494286713553,0.1699711315412247,,,,,,,
SemStamp,lsh,fixed,best-of-n,sentence-nltk,,,sentence,nltk,,,64.0,attack,direct,adaptive-Qwen2.5-3B-Instruct-standard-K8-min-bag=min-surr=bge,adaptive,K8-min-bag=min-bge,8.0,bge,bag,Qwen2.5-3B-Instruct,sentence-nltk,min,min,,,1024,3,c4-val-def-256|c4-val-def-256b|c4-val-def-512,1.5666989036012806,2.263009527424072,3.2863353450309964,0.90556001663208,0.7568359375,0.6396484375,0.3876953125,0.3603515625,2.9925965218144284,6.184847899397463,3.1922513775830343,,,,,,,,,,0.3583984375,0.3544921875,0.3515625,0.34765625,0.3408203125,0.3212890625,0.2822265625,0.2548828125,0.193359375,0.1181640625,0.05078125,0.2822265625,0.6103515625,0.6064453125,0.5986328125,0.587890625,0.5751953125,0.548828125,0.4853515625,0.431640625,0.3310546875,0.189453125,0.0751953125,0.4853515625,0.6123046875,0.80078125,3.61033102880911,0.8958360499830422,0.0,0.4640415548437887,0.0087621790436558,0.4521143537820131,0.2012404135339275,0.0114171234128722,0.1818181818181818,36.65625,1.0603673721182476,36.0,0.0883984806225396,0.0057921982692459,0.0679012345679012,0.1930640697332743,0.0105918160092289,0.1641791044776118,0.4132334625602271,0.0081159888000508,0.3913043478260869,0.6766908661922987,0.007207392105958,0.6839080459770115,0.1489390650102082,0.0110098563817395,0.1111111111111111,0.9071892264764756,0.0020717617543696,0.9126827716827391,0.9140615960932336,0.0018634838293034,0.918723165988922,0.9009195645339788,0.0025382017285626,0.9083604216575624,0.9273643352993016,0.0092759495020034,0.967741935483871,0.946177560603246,0.0023120755106824,0.954548716545105,9.178927102139989,0.3811595138576635,10.863559246063232,0.88232421875,0.0063404235606973,0.9,0.9201822916666668,0.0065724365742479,0.9333333333333332,0.0251302083333333,0.0056938797524187,0.0,0.8646484375000001,0.0101515212291746,0.9333333333333332,0.2304036458333333,0.0119437468273854,0.2,,,,,,,,,,,,,,,,0.1099593100316495,0.0097923269100581,0.0671019925838392,0.0635273920084157,0.0097452669406732,0.0182481751824817,0.0486071129308003,0.0096062402847897,0.0043196745782952,0.586766537439773,0.0081159888000508,0.6086956521739131,0.3044969093992764,0.0073855442646798,0.2983979856220121,0.4358548418963789,0.0078748348039005,0.4343724364232977,3.2413141742261877,0.9446233703688048,0.0,511476.68240356445,230716.0,10.107359064865763,10.825708548367714,2.485902080353655,0.6521159501490419,0.1666372982552254,,,,,,,
SemStamp,lsh,fixed,best-of-n,sentence-nltk,,,sentence,nltk,,,64.0,attack,direct,controlled_reorder-ratio=0.1,other,controlled_reorder-ratio=0.1,,,,,,,,,,1024,3,c4-val-def-256|c4-val-def-256b|c4-val-def-512,1.5666989036012806,2.263009527424072,3.2863353450309964,0.9940757751464844,0.990234375,0.97265625,0.923828125,0.02734375,6.183637103513581,6.184847899397463,0.001210795883882,,,,,,,,,,,,,,,,,,,,,,,,,,,,,,,,,,,,11.363420940252572,1.3522393527794068,0.4424778761061947,1.0,0.0,1.0,0.0,0.0,0.0,82.2802734375,2.124351184115884,90.0,0.0963751448907797,0.0055940623108218,0.0837077993248664,0.0,0.0,0.0,0.0,0.0,0.0,0.0136924879812239,0.0008132429380627,0.0093896713615023,0.0,0.0,0.0,,,,,,,,,,0.8309177091133914,0.013776313652441,0.9330543933054394,,,,,,,,,,,,,,,,,,,,,,,,,,,,,,,,,,,,,,,,,,,,,,1.0,0.0,1.0,0.9898574890812132,0.0004952124060716,0.991701244813278,0.916680101008802,0.0033842450508575,0.9297197830578512,12.416655960600751,1.5686291764872693,0.0,,0.0,,,,,0.9860929696426484,,,,,,,
SemStamp,lsh,fixed,best-of-n,sentence-nltk,,,sentence,nltk,,,64.0,attack,direct,controlled_reorder-ratio=0.25,other,controlled_reorder-ratio=0.25,,,,,,,,,,1024,3,c4-val-def-256|c4-val-def-256b|c4-val-def-512,1.5666989036012806,2.263009527424072,3.2863353450309964,0.994098663330078,0.990234375,0.9736328125,0.9228515625,0.0263671875,6.183161098806938,6.184847899397463,0.0016868005905251,,,,,,,,,,,,,,,,,,,,,,,,,,,,,,,,,,,,11.297736413904287,1.3473045419650371,0.4444444444444444,1.0,0.0,1.0,8.366800535475234e-05,0.000164185996508,0.0,82.2802734375,2.124351184115884,90.0,0.2229133207777961,0.0095293163218099,0.2246207257737532,4.266757690830735e-05,8.372645969644172e-05,0.0,0.0,0.0,0.0,0.0187632478510446,0.0009655381561087,0.0144230769230769,0.0,0.0,0.0,,,,,,,,,,0.831068835480394,0.0137606972578643,0.9331938633193864,,,,,,,,,,,,,,,,,,,,,,,,,,,,,,,,,,,,,,,,,,,,,,1.0,0.0,1.0,0.9855692599029672,0.0006917918497563,0.98744769874477,0.8404486129521003,0.0040463280455927,0.845855734767025,12.412579556377864,1.568606544168113,0.0,,0.0,,,,,0.9795610191113486,,,,,,,
SemStamp,lsh,fixed,best-of-n,sentence-nltk,,,sentence,nltk,,,64.0,attack,direct,controlled_reorder-ratio=0.5,other,controlled_reorder-ratio=0.5,,,,,,,,,,1024,3,c4-val-def-256|c4-val-def-256b|c4-val-def-512,1.5666989036012806,2.263009527424072,3.2863353450309964,0.9936070442199708,0.9892578125,0.9736328125,0.923828125,0.0263671875,6.1809775250740255,6.184847899397463,0.0038703743234368,,,,,,,,,,,,,,,,,,,,,,,,,,,,,,,,,,,,11.25518319327194,1.34563153654792,0.4444444444444444,1.0,0.0,1.0,0.00135659186864,0.0019998849679064,0.0,82.2802734375,2.124351184115884,90.0,0.3940413149880633,0.0128608050867153,0.435993964201846,0.0011616573968949,0.0019335325018861,0.0,0.0,0.0,0.0,0.0251728645540237,0.0009183674625967,0.0223214285714285,0.0,0.0,0.0,,,,,,,,,,0.831294062694867,0.0137524904673833,0.9330543933054394,,,,,,,,,,,,,,,,,,,,,,,,,,,,,,,,,,,,,,,,,,,,,,1.0,0.0,1.0,0.979618409900475,0.0007041356728772,0.9807692307692308,0.7126168922251708,0.0054689529099078,0.708,12.418138466721931,1.5685185621244493,0.0,,0.0,,,,,0.9690926235454742,,,,,,,
SemStamp,lsh,fixed,best-of-n,sentence-nltk,,,sentence,nltk,,,64.0,attack,direct,controlled_reorder-ratio=0.75,other,controlled_reorder-ratio=0.75,,,,,,,,,,1024,3,c4-val-def-256|c4-val-def-256b|c4-val-def-512,1.5666989036012806,2.263009527424072,3.2863353450309964,0.9936180114746094,0.9892578125,0.9736328125,0.9248046875,0.0263671875,6.179520714894542,6.184847899397463,0.0053271845029203,,,,,,,,,,,,,,,,,,,,,,,,,,,,,,,,,,,,11.324745841462786,1.3481905896987794,0.447429532351057,1.0,0.0,1.0,0.0015652185832908,0.0020142362119602,0.0,82.2802734375,2.124351184115884,90.0,0.6138363039043299,0.0158230593728699,0.7000017086061678,0.0012675571992596,0.0019372897473737,0.0,0.0,0.0,0.0,0.0365400048246582,0.0011044902690139,0.0339805825242718,0.0,0.0,0.0,,,,,,,,,,0.831023547830028,0.0137653601408596,0.9331938633193864,,,,,,,,,,,,,,,,,,,,,,,,,,,,,,,,,,,,,,,,,,,,,,1.0,0.0,1.0,0.9691617536348012,0.0010232158256618,0.97008547008547,0.5442113341115513,0.007782859302921,0.52,12.417042069629442,1.568671116207921,0.0,,0.0,,,,,0.9521329568127352,,,,,,,
SemStamp,lsh,fixed,best-of-n,sentence-nltk,,,sentence,nltk,,,64.0,attack,direct,controlled_reorder-ratio=1.0,other,controlled_reorder-ratio=1.0,,,,,,,,,,1024,3,c4-val-def-256|c4-val-def-256b|c4-val-def-512,1.5666989036012806,2.263009527424072,3.2863353450309964,0.9935994148254396,0.9892578125,0.9736328125,0.923828125,0.0263671875,6.177555112397611,6.184847899397463,0.0072927869998508,,,,,,,,,,,,,,,,,,,,,,,,,,,,,,,,,,,,11.613519578853804,1.3799528965448993,0.4464285714285714,1.0,0.0,1.0,0.0030324985144262,0.0023516819585914,0.0,82.2802734375,2.124351184115884,90.0,1.0,0.0,1.0,0.0021025776862078,0.0020744464096689,0.0,0.0,0.0,0.0,0.0609213977674031,0.0021172125214652,0.0550819908979267,0.0,0.0,0.0,,,,,,,,,,0.8299352015236803,0.0138633923901718,0.9331938633193864,,,,,,,,,,,,,,,,,,,,,,,,,,,,,,,,,,,,,,,,,,,,,,1.0,0.0,1.0,0.9500536879413932,0.0016616011396122,0.95260889292196,0.3516645463890772,0.0102048088628313,0.292109187459082,12.420632213674748,1.5685772279878871,0.0,,0.0,,,,,0.9207676689242948,,,,,,,
SemStamp,lsh,fixed,best-of-n,sentence-nltk,,,sentence,nltk,,,64.0,attack,direct,dipper-lex20-order20,dipper,lex20-order20,,,,,,,,20.0,20.0,1024,3,c4-val-def-256|c4-val-def-256b|c4-val-def-512,1.5666989036012806,2.263009527424072,3.2863353450309964,0.9790468215942384,0.9482421875,0.908203125,0.8076171875,0.091796875,5.014556260848014,6.184847899397463,1.1702916385494482,,,,,,,,,,0.0908203125,0.0908203125,0.0908203125,0.0888671875,0.0869140625,0.0830078125,0.0751953125,0.0732421875,0.0576171875,0.0302734375,0.0185546875,0.0751953125,0.19140625,0.19140625,0.19140625,0.1884765625,0.1826171875,0.1748046875,0.158203125,0.1455078125,0.115234375,0.064453125,0.03515625,0.158203125,0.1923828125,0.8349609375,9.90973248555811,1.2551022115631605,0.8097298714922633,0.6632557634991307,0.0075454278355924,0.6700515463917526,0.0887693565308575,0.0079110589189807,0.0,53.9306640625,1.477616824864711,56.0,0.0535603084708838,0.0064984025097225,0.0309221424627277,0.074042145653805,0.0076847741470448,0.0434782608695651,0.2097830892389303,0.0056415709873216,0.1962385493441771,0.3668572594090724,0.0069931190425869,0.3643856593802546,0.0434791969532111,0.0073631642059028,0.0,0.9450302301556804,0.0016451711012029,0.9499797821044922,0.9507277538068593,0.0017233304197347,0.9562157392501832,0.9395915745990352,0.0017178180475001,0.9440645575523376,0.8373730168422175,0.0127092263780908,0.9220707521127958,0.968024611036526,0.0019606205071912,0.9748746752738952,6.667662213177337,0.246744423460152,7.798550605773926,0.89912109375,0.0061578268825413,0.9333333333333332,0.8988932291666668,0.0071046481122612,0.9333333333333332,0.0137369791666666,0.0040891388323943,0.0,0.8324218750000001,0.0106615268659132,0.8666666666666667,0.12109375,0.0102439748364171,0.0,,,,,,,,,,,,,,,,0.1986079111793194,0.0131768225471071,0.1156870605649438,0.141206026023396,0.0135146217910598,0.0431513612639299,0.1188879819553025,0.0133879735530008,0.0194181346525096,0.7902169107610697,0.0056415709873216,0.8037614506558228,0.6030308682239801,0.007449200542795,0.6081356867071154,0.6710556527937697,0.0064350878499396,0.674698795180723,9.694906367184878,1.41955910272104,0.0,461820.0135116577,243413.0,9.821533473120738,10.61725896874901,2.404393097319669,0.9949340529999128,0.432235857713431,,,,,,,
SemStamp,lsh,fixed,best-of-n,sentence-nltk,,,sentence,nltk,,,64.0,attack,direct,dipper-lex20-order40,dipper,lex20-order40,,,,,,,,20.0,40.0,1024,3,c4-val-def-256|c4-val-def-256b|c4-val-def-512,1.5666989036012806,2.263009527424072,3.2863353450309964,0.980217456817627,0.95703125,0.921875,0.8232421875,0.078125,5.131435266082235,6.184847899397463,1.0534126333152272,,,,,,,,,,0.076171875,0.0751953125,0.07421875,0.0732421875,0.0703125,0.0673828125,0.0654296875,0.0556640625,0.044921875,0.029296875,0.013671875,0.0654296875,0.1748046875,0.173828125,0.1728515625,0.1689453125,0.1650390625,0.1572265625,0.150390625,0.12890625,0.1015625,0.0634765625,0.025390625,0.150390625,0.1767578125,0.8310546875,10.255179624276524,1.2843459554221903,0.83516406876591,0.6507325580391207,0.0080312889551742,0.6593406593406593,0.0822817950199165,0.007405770770251,0.0,53.236328125,1.457083911031496,56.0,0.1268753206162758,0.0097025328633579,0.08907383585038,0.0677214209834153,0.0069868270869945,0.0399999999999999,0.2131338755734661,0.0056956837870127,0.1988009033553198,0.3744498762645777,0.0067539485455299,0.3680659340659341,0.0408233647562915,0.0068895610135283,0.0,0.940407404617872,0.0016233795732732,0.9453544318675996,0.9458946065278724,0.0017610480227374,0.950656235218048,0.9351500794291496,0.0016251610762358,0.939783900976181,0.8346185346097725,0.0130001020960304,0.9230769230769232,0.9608996071037836,0.0024118490914426,0.9698567390441896,6.865148418361182,0.2908154946492887,8.177674293518066,0.8897623697916666,0.006560478602,0.9166666666666666,0.8837239583333334,0.0079069756846837,0.9333333333333332,0.0188802083333333,0.0056613290926557,0.0,0.8296875,0.0108115033989721,0.8666666666666667,0.1354817708333333,0.0105290227339011,0.0666666666666666,,,,,,,,,,,,,,,,0.2009027626067998,0.0133642852726603,0.1141041580328774,0.144751481413623,0.0137308558491455,0.0443081941466066,0.1223726757018491,0.0136277977406387,0.0192678942678942,0.7868661244265338,0.0056956837870127,0.8011990966446803,0.5942580574557064,0.0072307365182152,0.6006479292531302,0.5944344453801278,0.0064448750785643,0.5909535669809642,10.211123909906018,1.467256423861394,0.0,470313.8140144348,244134.0,9.837558529306635,10.626783112455051,2.404454104556465,0.9878618713771018,0.4189131762519477,,,,,,,
SemStamp,lsh,fixed,best-of-n,sentence-nltk,,,sentence,nltk,,,64.0,attack,direct,dipper-lex20-order80,dipper,lex20-order80,,,,,,,,20.0,80.0,1024,3,c4-val-def-256|c4-val-def-256b|c4-val-def-512,1.5666989036012806,2.263009527424072,3.2863353450309964,0.9785442352294922,0.951171875,0.90234375,0.7919921875,0.09765625,5.065757745628844,6.184847899397463,1.119090153768619,,,,,,,,,,0.095703125,0.095703125,0.0947265625,0.0927734375,0.087890625,0.080078125,0.0693359375,0.0615234375,0.046875,0.0263671875,0.009765625,0.0693359375,0.2060546875,0.205078125,0.2041015625,0.1982421875,0.19140625,0.173828125,0.154296875,0.134765625,0.1025390625,0.05859375,0.0234375,0.154296875,0.2080078125,0.76953125,10.071218190589,1.2785683789246536,0.838578109067895,0.6012364515972923,0.0078752788306932,0.6038851351351351,0.086432348627376,0.0078267695625273,0.0625,49.267578125,1.3796667153228483,51.0,0.2209156909402494,0.011837840861887,0.1634223630602082,0.0791787491869632,0.0080118726196201,0.0476190476190476,0.2409350045825797,0.0057982108120057,0.2263762714496467,0.4447815442958929,0.0068181064140918,0.4430102154119475,0.0553232730821266,0.007936452602527,0.0,0.9314403618918732,0.0014910217739851,0.9348852634429932,0.9366115741431712,0.0016057125939803,0.9407323002815248,0.9265020114253276,0.001544353597052,0.930699348449707,0.8313085354974733,0.0130190729492648,0.9149939783219592,0.9519094909192064,0.0024341120272967,0.9598982632160188,7.406774691817509,0.383812868062342,8.989296913146973,0.8717122395833334,0.0066804297237516,0.9,0.8795572916666667,0.0079366206137207,0.9333333333333332,0.0213541666666666,0.005136425892911,0.0,0.8052734375,0.0115703595565684,0.8666666666666667,0.1766276041666666,0.0106364679238885,0.1333333333333333,,,,,,,,,,,,,,,,0.205920907370492,0.0133027493044149,0.1231021394064872,0.1453002407188426,0.0136526250120247,0.05,0.1213078252499576,0.0134843421142167,0.0223966693418941,0.7590649954174202,0.0057982108120057,0.7736237285503533,0.5350533501837501,0.0071971862551006,0.53301058896005,0.4757541370623792,0.0064616270286816,0.4608966495271405,9.575828399136425,1.417435168855662,0.0,497442.995426178,248424.0,9.753976230451473,10.558897923822084,2.414466301229162,0.9880728017409316,0.360390421350234,,,,,,,
SemStamp,lsh,fixed,best-of-n,sentence-nltk,,,sentence,nltk,,,64.0,attack,direct,dipper-lex40-order20,dipper,lex40-order20,,,,,,,,40.0,20.0,1024,3,c4-val-def-256|c4-val-def-256b|c4-val-def-512,1.5666989036012806,2.263009527424072,3.2863353450309964,0.9703989028930664,0.931640625,0.869140625,0.7509765625,0.130859375,4.747058785859636,6.184847899397463,1.437789113537827,,,,,,,,,,0.1298828125,0.12890625,0.1279296875,0.1240234375,0.1171875,0.1103515625,0.0927734375,0.080078125,0.0595703125,0.0322265625,0.013671875,0.0927734375,0.248046875,0.2470703125,0.2451171875,0.240234375,0.228515625,0.21484375,0.1806640625,0.1591796875,0.1162109375,0.0615234375,0.0244140625,0.1806640625,0.2490234375,0.728515625,9.595393886881146,1.241039179214617,0.7366707366707366,0.5489726880554033,0.0078754398820131,0.5441176470588235,0.1089354689140382,0.0088539627184235,0.0833333333333333,44.23828125,1.21665163321164,46.0,0.0593797672419691,0.0066125319497703,0.0400541206167804,0.089678786064032,0.0081344496991308,0.0588235294117647,0.2794268070904525,0.005821187773409,0.269270916974466,0.5038446747455425,0.0071706660253959,0.5056498978549541,0.0518732805504999,0.007717872323736,0.0,0.9318471159785986,0.0015289101019798,0.9355264008045197,0.9373266582842916,0.0016440590524907,0.9415781497955322,0.9266098384396172,0.0015781247812693,0.9306897222995758,0.8373661563433363,0.0126210334197382,0.9173835762531104,0.9544622327084652,0.0022942059499386,0.9629331827163696,7.120565431828069,0.2943886538025219,8.439790725708008,0.8644368489583334,0.0066810806873635,0.8833333333333333,0.8786458333333336,0.0078342991711543,0.9333333333333332,0.0197916666666666,0.0045795562236728,0.0,0.7815104166666668,0.0113094846139598,0.8000000000000002,0.1826171875,0.011280663999085,0.1333333333333333,,,,,,,,,,,,,,,,0.2008126154986508,0.0130705755773645,0.1182154234537476,0.1405597700080191,0.0134626297580922,0.0456630525437864,0.1172795383124527,0.0133469633805906,0.0201612903225806,0.7205731929095475,0.005821187773409,0.730729083025534,0.4760644966129289,0.0076281975788275,0.4743195198409664,0.5944661464849657,0.0065393982735331,0.5908139956411029,9.724914510375331,1.433701811296918,0.0,479742.2783241272,244394.0,9.812504900186134,10.647388877744692,2.437865044470832,0.9940666415080076,0.3065380951783804,,,,,,,
SemStamp,lsh,fixed,best-of-n,sentence-nltk,,,sentence,nltk,,,64.0,attack,direct,dipper-lex80-order20,dipper,lex80-order20,,,,,,,,80.0,20.0,1024,3,c4-val-def-256|c4-val-def-256b|c4-val-def-512,1.5666989036012806,2.263009527424072,3.2863353450309964,0.9131336212158204,0.7802734375,0.67578125,0.458984375,0.32421875,3.4677120791392837,6.184847899397463,2.7171358202581795,,,,,,,,,,0.2841796875,0.2587890625,0.23046875,0.19140625,0.1455078125,0.099609375,0.056640625,0.0361328125,0.0126953125,0.0048828125,0.001953125,0.056640625,0.4873046875,0.44921875,0.4091796875,0.345703125,0.2578125,0.1787109375,0.099609375,0.0595703125,0.025390625,0.0087890625,0.0029296875,0.099609375,0.541015625,0.2294921875,7.755565750252727,1.1173373178082515,0.5602284853430419,0.2928269945838661,0.0075152945715326,0.2928061098792806,0.1662154839477386,0.0119764842481687,0.125,24.177734375,0.833061993824312,24.0,0.1354408510505265,0.0084698313604066,0.1048058507642044,0.1510839810875483,0.0120426980309939,0.111111111111111,0.4670381274099051,0.0072859786353082,0.4494111676903423,0.7640145930357631,0.0067103341620058,0.771583850931677,0.0942384814259814,0.0114121255179804,0.0,0.8870569088612683,0.0019039018604282,0.8926365673542023,0.8918416639789939,0.002040070744869,0.8977502286434174,0.8826135464478284,0.0019789693858445,0.8881034851074219,0.8495423761455613,0.0114335992144983,0.91476388168137,0.867992700485047,0.0055270176392205,0.8951106667518616,9.572374337266249,0.4081814260333512,11.463507175445557,0.6917888563049854,0.0089924148031295,0.7000000000000001,0.7096122515477354,0.0118208222780646,0.7333333333333334,0.0672531769305962,0.0091124937331321,0.0,0.5464972303681981,0.0124911608463303,0.5333333333333333,0.4217008797653959,0.0130853873711131,0.4000000000000001,,,,,,,,,,,,,,,,0.1877342514108477,0.0119873307769811,0.1200858369098712,0.1203999035583366,0.0123476426135423,0.0391219092256922,0.097253940503755,0.0121781130556662,0.0164271739863725,0.5329618725900949,0.0072859786353082,0.5505888323096577,0.2358561075852775,0.0071545968189409,0.2232834778473723,0.3795759398923178,0.007251085994498,0.3717793673032962,8.597835695923358,1.3601195686773149,0.0,541209.8828735352,239592.0,9.679713181044612,10.61956559591384,2.241769972904574,0.8417453080889358,0.1207312803323016,,,,,,,
SemStamp,lsh,fixed,best-of-n,sentence-nltk,,,sentence,nltk,,,64.0,attack,direct,merge_adjacent-ratio=0.2,other,merge_adjacent-ratio=0.2,,,,,,,,,,1024,3,c4-val-def-256|c4-val-def-256b|c4-val-def-512,1.5666989036012806,2.263009527424072,3.2863353450309964,0.9918522834777832,0.984375,0.962890625,0.90234375,0.037109375,5.598421904947747,6.184847899397463,0.5864259944497152,,,,,,,,,,,,,,,,,,,,,,,,,,,,,,,,,,,,11.04855061270954,1.3243854129542856,0.4395625627946518,1.0,0.0,1.0,0.147425465160698,0.0070846809800983,0.1428571428571428,82.2802734375,2.124351184115884,90.0,0.0,0.0,0.0,0.0824459598401664,0.0049482496828954,0.0769230769230768,0.0,0.0,0.0,0.0,0.0,0.0,0.0,0.0,0.0,,,,,,,,,,0.8333606401631557,0.0135869853346515,0.933902501183238,,,,,,,,,,,,,,,,,,,,,,,,,,,,,,,,,,,,,,,,,,,,,,1.0,0.0,1.0,1.0,0.0,1.0,1.0,0.0,1.0,10.1998607273736,1.429469954691933,0.0,,0.0,,,,,0.9554757329878774,,,,,,,
SemStamp,lsh,fixed,best-of-n,sentence-nltk,,,sentence,nltk,,,64.0,attack,direct,merge_adjacent-ratio=0.5,other,merge_adjacent-ratio=0.5,,,,,,,,,,1024,3,c4-val-def-256|c4-val-def-256b|c4-val-def-512,1.5666989036012806,2.263009527424072,3.2863353450309964,0.9865961074829102,0.970703125,0.947265625,0.8662109375,0.052734375,4.928194391128482,6.184847899397463,1.2566535082689818,,,,,,,,,,,,,,,,,,,,,,,,,,,,,,,,,,,,10.863381292715594,1.3126312241966618,0.4385964912280701,1.0,0.0,1.0,0.3132904585160844,0.0092055232973255,0.3125,82.2802734375,2.124351184115884,90.0,0.0,0.0,0.0,0.192131018431675,0.0079977391001353,0.1851851851851852,0.0,0.0,0.0,0.0,0.0,0.0,0.0,0.0,0.0,,,,,,,,,,0.834704324766514,0.0135219990733787,0.9336088154269973,,,,,,,,,,,,,,,,,,,,,,,,,,,,,,,,,,,,,,,,,,,,,,1.0,0.0,1.0,1.0,0.0,1.0,1.0,0.0,1.0,8.586419002086856,1.33845513129251,0.0,,0.0,,,,,0.9114527762303096,,,,,,,
SemStamp,lsh,fixed,best-of-n,sentence-nltk,,,sentence,nltk,,,64.0,attack,direct,merge_adjacent-ratio=1.0,other,merge_adjacent-ratio=1.0,,,,,,,,,,1024,3,c4-val-def-256|c4-val-def-256b|c4-val-def-512,1.5666989036012806,2.263009527424072,3.2863353450309964,0.9742259979248048,0.9443359375,0.91796875,0.80859375,0.08203125,4.1943151462844055,6.184847899397463,1.9905327531130577,,,,,,,,,,,,,,,,,,,,,,,,,,,,,,,,,,,,11.026683414345245,1.3348478044241965,0.4434611602753195,1.0,0.0,1.0,0.4908627717492095,0.0082232377167451,0.5,82.2802734375,2.124351184115884,90.0,0.0,0.0,0.0,0.3287172277475436,0.0085433306276479,0.3333333333333333,0.0,0.0,0.0,0.0,0.0,0.0,0.0,0.0,0.0,,,,,,,,,,0.8344639089435784,0.0135521927430645,0.9340656155808024,,,,,,,,,,,,,,,,,,,,,,,,,,,,,,,,,,,,,,,,,,,,,,1.0,0.0,1.0,1.0,0.0,1.0,1.0,0.0,1.0,8.192326310838823,1.347752791142694,0.0,,0.0,,,,,0.8663088141198052,,,,,,,
SemStamp,lsh,fixed,best-of-n,sentence-nltk,,,sentence,nltk,,,64.0,attack,direct,parrot,parrot,default,,,,,,,,,,1024,3,c4-val-def-256|c4-val-def-256b|c4-val-def-512,1.5666989036012806,2.263009527424072,3.2863353450309964,0.9853501319885254,0.9697265625,0.943359375,0.8671875,0.056640625,5.685096472036003,6.184847899397463,0.4997514273614605,,,,,,,,,,0.056640625,0.0556640625,0.0556640625,0.0537109375,0.0537109375,0.0498046875,0.0478515625,0.04296875,0.0361328125,0.021484375,0.00390625,0.0478515625,0.1328125,0.1318359375,0.1318359375,0.1298828125,0.1298828125,0.125,0.1123046875,0.1015625,0.076171875,0.04296875,0.009765625,0.1123046875,0.1328125,0.8408203125,11.202139516778027,1.3791373210458866,0.4545454545454545,0.7170420687954027,0.0062560780559983,0.7228915662650602,0.0084532621112021,0.0020304163694884,0.0,59.3583984375,1.650820963234181,62.0,0.0092910334426899,0.0010083303328107,0.0004663007531213,0.01045463683165,0.0027113161760797,0.0,0.1786202253154875,0.0053216815087286,0.1608910230758971,0.3602400019965446,0.0068945096243526,0.3442405708460754,0.0104079565426642,0.0033102504275496,0.0,0.9204917110619136,0.0017110167738632,0.9262434840202332,0.9246302765677684,0.0017390040923399,0.9309132099151612,0.916503970278427,0.0017821630786503,0.922132819890976,0.8327674801727323,0.0137403163134815,0.9315579458709228,0.9671240238239988,0.0013460347349429,0.9726950526237488,10.009401896499828,0.5867099955806023,12.321121215820312,0.8869303385416667,0.0052994573097742,0.9,0.8873697916666667,0.0066405554536517,0.9333333333333332,0.0152994791666666,0.0050175794323737,0.0,0.7625,0.0103475226445372,0.7999999999999999,0.0868489583333333,0.0080454205781944,0.0,,,,,,,,,,,,,,,,0.1986993739726409,0.0141002703970047,0.1009801127367154,0.1468771543557385,0.0145081561077752,0.0362903225806451,0.1279328262132958,0.0144562702637736,0.0138895587171449,0.8213797746845124,0.0053216815087286,0.8391089769241029,0.6243872474210531,0.0075781339900172,0.6418219461697723,0.7284495182501518,0.0054438123187426,0.7371768243229877,12.601339107984211,1.5783638985099446,0.0,560816.1577758789,243460.0,9.915472404152329,10.699129813900294,2.0204229308546124,0.3669691952203237,0.3429072708874361,,,,,,,
SemStamp,lsh,fixed,best-of-n,sentence-nltk,,,sentence,nltk,,,64.0,attack,direct,parrot-bigram-threshold=0.03,parrot,bigram-0.03,,,,,,,,,,1024,3,c4-val-def-256|c4-val-def-256b|c4-val-def-512,1.5666989036012806,2.263009527424072,3.2863353450309964,0.9901843070983888,0.982421875,0.955078125,0.892578125,0.044921875,5.886785648240783,6.184847899397463,0.2980622511566804,,,,,,,,,,0.044921875,0.044921875,0.044921875,0.0439453125,0.0439453125,0.04296875,0.0400390625,0.0400390625,0.0341796875,0.017578125,0.0068359375,0.0400390625,0.107421875,0.107421875,0.107421875,0.1064453125,0.1064453125,0.1044921875,0.09765625,0.091796875,0.076171875,0.0458984375,0.0224609375,0.09765625,0.107421875,0.931640625,11.163060653122676,1.367018835918498,0.4514695691166279,0.7575042486436553,0.0055332219799137,0.7666666666666667,0.0064112778660039,0.0017627496574485,0.0,62.5166015625,1.6962214732840186,65.0,0.0065678231271514,0.0008084506829048,0.0,0.008209960634138,0.0030670834697873,0.0,0.1460641086267316,0.004374925062724,0.1327058309674602,0.307487143033933,0.0057092477970149,0.2933556717881661,0.007503372011006,0.0033282588616521,0.0,0.9290271289064548,0.0016976078016209,0.9355138540267944,0.933421495195944,0.0017017575688085,0.9398081004619598,0.9247776511474513,0.0017824732441462,0.9318543970584868,0.8337380067777664,0.0136435402525833,0.9345630215195432,0.9741404056549072,0.001082198473891,0.978972554206848,9.4598719273453,0.6486839296130589,11.25837230682373,0.917431640625,0.0044934477413228,0.9333333333333332,0.9154947916666668,0.0058943321812986,0.9333333333333332,0.0087890625,0.0031287426896996,0.0,0.8011067708333335,0.010260892052198,0.8000000000000002,0.0380859375,0.0056914401451945,0.0,,,,,,,,,,,,,,,,0.1989411835236525,0.0141013712373508,0.0999999999999999,0.1480185365010876,0.014497679294435,0.0342205323193915,0.1289495272039402,0.0144429837277494,0.0146789485024778,0.8539358913732684,0.004374925062724,0.8672941690325398,0.6827635094784993,0.0064784095065361,0.6932708821233411,0.7898670993858279,0.004676276768711,0.7975584312361839,12.699394626598473,1.5845893890936105,0.0,544853.3462944031,242474.0,9.96841009181827,10.730098757189904,2.0911325619661456,0.4202134212318495,0.3691798232558749,,,,,,,
SemStamp,lsh,fixed,best-of-n,sentence-nltk,,,sentence,nltk,,,64.0,attack,direct,pegasus,pegasus,default,,,,,,,,,,1024,3,c4-val-def-256|c4-val-def-256b|c4-val-def-512,1.5666989036012806,2.263009527424072,3.2863353450309964,0.9866886138916016,0.9765625,0.953125,0.88671875,0.046875,5.711969403799765,6.184847899397463,0.4728784955976972,,,,,,,,,,0.044921875,0.0439453125,0.0419921875,0.0400390625,0.0361328125,0.0341796875,0.025390625,0.021484375,0.0107421875,0.00390625,0.001953125,0.025390625,0.1103515625,0.109375,0.107421875,0.1044921875,0.0986328125,0.0927734375,0.072265625,0.05859375,0.03125,0.0185546875,0.00390625,0.072265625,0.11328125,0.6494140625,14.47001971904428,1.474300993942269,1.1299435028248588,0.6042743145513133,0.0069846548965457,0.6086956521739131,0.0103193759852311,0.0030519345337803,0.0,49.8203125,1.3907537344145482,52.0,0.0102872367408679,0.0012654957726053,0.0,0.0093802455520795,0.0025755492782157,0.0,0.2487046289092843,0.0069791808148071,0.2200208211334504,0.3472325199377656,0.007005015786189,0.3333333333333333,0.0073737379217302,0.0022470471389988,0.0,0.9174008623231202,0.0024116135588169,0.928447127342224,0.9256253319326788,0.0035138287837512,0.9449869096279144,0.91067900613416,0.0017422550614762,0.9152157306671144,0.7937043452348937,0.01457237198781,0.9071601599909864,0.9442857849644496,0.0023907798663555,0.955370843410492,5.542480164032293,0.4779362244959986,8.730326652526855,0.8322916666666667,0.0067538373202459,0.85,0.7951822916666669,0.0078214796341092,0.8000000000000002,0.0255208333333333,0.0061563217502711,0.0,0.6998046875,0.0109608622599196,0.6666666666666666,0.1402994791666666,0.0124499145356746,0.0666666666666666,,,,,,,,,,,,,,,,0.2651899519698315,0.0164205397090718,0.1355536195152858,0.2111659025626434,0.0171708296844366,0.0561862554638173,0.1907308578033415,0.017272195061549,0.0258176324209029,0.7512953710907158,0.0069791808148071,0.7799791788665495,0.5677744082902394,0.007868157116054,0.5840670940501017,0.6491141011699373,0.006907739270605,0.6597293808851428,13.335956606686702,1.6079552530962462,0.0,428369.09965896606,250151.0,9.070260204782324,9.822945703289236,2.289766701561638,0.8925650919314476,0.3761695804391957,,,,,,,
SemStamp,lsh,fixed,best-of-n,sentence-nltk,,,sentence,nltk,,,64.0,attack,direct,pegasus-bigram-threshold=0.03,pegasus,bigram-0.03,,,,,,,,,,1024,3,c4-val-def-256|c4-val-def-256b|c4-val-def-512,1.5666989036012806,2.263009527424072,3.2863353450309964,0.9872207641601562,0.9765625,0.9521484375,0.8837890625,0.0478515625,5.723137492545563,6.184847899397463,0.4617104068518994,,,,,,,,,,0.046875,0.0458984375,0.0458984375,0.044921875,0.0419921875,0.037109375,0.029296875,0.0234375,0.0146484375,0.0078125,0.001953125,0.029296875,0.115234375,0.1142578125,0.1142578125,0.1123046875,0.1083984375,0.1005859375,0.0771484375,0.0615234375,0.041015625,0.017578125,0.00390625,0.0771484375,0.1162109375,0.7099609375,12.337660369599384,1.4177249439639272,0.5617977528089888,0.5647433753884837,0.006214162330681,0.5677344010677343,0.0125168752063742,0.0033276100476613,0.0,46.2001953125,1.259467447918233,48.0,0.017920070961946,0.0016594748290407,0.0073903002309468,0.0123034400678066,0.0028074242500521,0.0,0.2520523650604005,0.0053803151515708,0.2377555682467161,0.4610614409388563,0.0061297944330018,0.4626358005888923,0.0103067603302859,0.002342254970773,0.0,0.9242679401650092,0.0016070140364082,0.9285952150821686,0.9349747449159622,0.002205748226205,0.9429962933063508,0.914387988159433,0.0014215619738866,0.916914165019989,0.8174938846012412,0.014114202419009,0.9216300940438872,0.9515178130823188,0.001776003254591,0.9584355056285858,7.36131239032504,0.5588381764128452,9.786217212677002,0.8471516927083333,0.0062452481573821,0.8500000000000001,0.8161458333333335,0.0074242345456474,0.8000000000000002,0.0297526041666666,0.0068271201522408,0.0,0.7083333333333333,0.0108485081361849,0.7333333333333334,0.1061197916666666,0.0100116021960339,0.0,,,,,,,,,,,,,,,,0.2257899133615477,0.015070309060784,0.1143462469733656,0.1708131384670731,0.0156225878225143,0.0421940928270042,0.1508985035136885,0.0156090529968459,0.0176211453744493,0.7479476349395995,0.0053803151515708,0.7622444317532838,0.4944284693414257,0.0067251823320799,0.4890808208497657,0.6120268113535947,0.0058955543725183,0.6089427143406383,12.877948385584826,1.5903655480095205,0.0,446001.5417518616,223421.0,9.540840788491384,10.3433055925371,2.315302227916653,0.934607756951509,0.2677685882862405,,,,,,,
SemStamp,lsh,fixed,best-of-n,sentence-nltk,,,sentence,nltk,,,64.0,attack,direct,split_midpoint-ratio=0.2,other,split_midpoint-ratio=0.2,,,,,,,,,,1024,3,c4-val-def-256|c4-val-def-256b|c4-val-def-512,1.5666989036012806,2.263009527424072,3.2863353450309964,0.9926114082336426,0.9814453125,0.9609375,0.9091796875,0.0390625,6.08820783302696,6.184847899397463,0.0966400663705021,,,,,,,,,,,,,,,,,,,,,,,,,,,,,,,,,,,,11.463556226037031,1.374640177300232,0.4405286343612334,1.0,0.0,1.0,0.0,0.0,0.0,82.2802734375,2.124351184115884,90.0,0.0,0.0,0.0,0.07054653612975,0.0051570158253466,0.0625,0.0,0.0,0.0,0.0,0.0,0.0,0.1255018255977133,0.0071063475936,0.125,,,,,,,,,,0.8322172245152525,0.013835598757621,0.9351248194759644,,,,,,,,,,,,,,,,,,,,,,,,,,,,,,,,,,,,,,,,,,,,,,1.0,0.0,1.0,1.0,0.0,1.0,1.0,0.0,1.0,11.667173530349205,1.5258216970010643,0.0,,0.0,,,,,0.9707196543997276,,,,,,,
SemStamp,lsh,fixed,best-of-n,sentence-nltk,,,sentence,nltk,,,64.0,attack,direct,split_midpoint-ratio=0.5,other,split_midpoint-ratio=0.5,,,,,,,,,,1024,3,c4-val-def-256|c4-val-def-256b|c4-val-def-512,1.5666989036012806,2.263009527424072,3.2863353450309964,0.9909830093383788,0.9736328125,0.9541015625,0.8896484375,0.0458984375,6.013249400528227,6.184847899397463,0.1715984988692362,,,,,,,,,,,,,,,,,,,,,,,,,,,,,,,,,,,,11.285227425804276,1.370798557759778,0.4347826086956521,1.0,0.0,1.0,0.0,0.0,0.0,82.2802734375,2.124351184115884,90.0,0.0,0.0,0.0,0.155882167375736,0.0067211463221732,0.1578947368421052,0.0,0.0,0.0,0.0,0.0,0.0,0.2608700087458979,0.0084824408988617,0.2727272727272727,,,,,,,,,,0.8349027135717515,0.0138311237995089,0.9375,,,,,,,,,,,,,,,,,,,,,,,,,,,,,,,,,,,,,,,,,,,,,,1.0,0.0,1.0,1.0,0.0,1.0,1.0,0.0,1.0,11.494180453842324,1.518211243553447,0.0,,0.0,,,,,0.9279725389148276,,,,,,,
SemStamp,lsh,fixed,best-of-n,sentence-nltk,,,sentence,nltk,,,64.0,attack,direct,split_midpoint-ratio=1.0,other,split_midpoint-ratio=1.0,,,,,,,,,,1024,3,c4-val-def-256|c4-val-def-256b|c4-val-def-512,1.5666989036012806,2.263009527424072,3.2863353450309964,0.987858772277832,0.96484375,0.939453125,0.87109375,0.060546875,5.94787089845908,6.184847899397463,0.2369770009383835,,,,,,,,,,,,,,,,,,,,,,,,,,,,,,,,,,,,11.302920547348046,1.3782751571109737,0.4166666666666667,1.0,0.0,1.0,0.0,0.0,0.0,82.2802734375,2.124351184115884,90.0,0.0,0.0,0.0,0.2786564900160886,0.0077914844534358,0.2857142857142857,0.0,0.0,0.0,0.0,0.0,0.0,0.4250805367958305,0.0083868390338205,0.4444444444444444,,,,,,,,,,0.8380965597378771,0.0138858559045076,0.9438240886839018,,,,,,,,,,,,,,,,,,,,,,,,,,,,,,,,,,,,,,,,,,,,,,1.0,0.0,1.0,1.0,0.0,1.0,1.0,0.0,1.0,12.140961220144522,1.5298317540262167,0.0,,0.0,,,,,0.8537740741277775,,,,,,,
SemStamp,lsh,fixed,best-of-n,sentence-nltk,,,sentence,nltk,,,64.0,attack,direct,synonym_substitution-ratio=0.1,other,synonym_substitution-ratio=0.1,,,,,,,,,,1024,3,c4-val-def-256|c4-val-def-256b|c4-val-def-512,1.5666989036012806,2.263009527424072,3.2863353450309964,0.9925642013549804,0.9853515625,0.9677734375,0.9072265625,0.0322265625,5.952283339371519,6.184847899397463,0.2325645600259437,,,,,,,,,,,,,,,,,,,,,,,,,,,,,,,,,,,,9.89559695571906,1.242319368811643,0.4132231404958678,0.9319539352327324,0.002804539198935,0.9333333333333332,0.0010020100381546,0.0006958681732387,0.0,76.6123046875,1.971397383029164,83.0,0.0002825472882392,0.0001144912563246,0.0,0.0027608413543569,0.0021515312139134,0.0,0.0415361963596468,0.0011133794908673,0.04,0.1247561286901853,0.0036495233905045,0.1152839307289569,0.0033356897198421,0.0024193308012966,0.0,,,,,,,,,,0.8439287786895031,0.0131375947266535,0.9388534039570028,,,,,,,,,,,,,,,,,,,,,,,,,,,,,,,,,,,,,,,,,,,,,,0.9584638036403532,0.0011133794908673,0.96,0.9192249260169798,0.002060837623131,0.9213483146067416,0.9581565676788888,0.0011237189595311,0.959835112118665,9.426864086928774,1.390416433186809,0.0,,0.0,,,,,0.8680260898918468,,,,,,,
SemStamp,lsh,fixed,best-of-n,sentence-nltk,,,sentence,nltk,,,64.0,attack,direct,synonym_substitution-ratio=0.25,other,synonym_substitution-ratio=0.25,,,,,,,,,,1024,3,c4-val-def-256|c4-val-def-256b|c4-val-def-512,1.5666989036012806,2.263009527424072,3.2863353450309964,0.9877519607543944,0.9736328125,0.9462890625,0.8759765625,0.0537109375,5.555523193152817,6.184847899397463,0.6293247062446455,,,,,,,,,,,,,,,,,,,,,,,,,,,,,,,,,,,,8.585680269386321,1.1634736236522898,0.391390931372549,0.8352359922673102,0.0037468575124587,0.8348224970083765,0.0034329676701277,0.0012578121501659,0.0,68.3916015625,1.750865383213719,73.0,0.0014673218966598,0.0003187348516719,0.0,0.0064741639073647,0.0029929254477088,0.0,0.1016120154587641,0.0019814618047522,0.0995843465962988,0.2676676659912578,0.0043395612110414,0.2633758178844056,0.0072520235208677,0.0033276550476917,0.0,,,,,,,,,,0.8535046533890376,0.0127901983872224,0.942528735632184,,,,,,,,,,,,,,,,,,,,,,,,,,,,,,,,,,,,,,,,,,,,,,0.8983879845412359,0.0019814618047522,0.9004156534037011,0.8063301171230126,0.0035197671677362,0.8079735099337749,0.8969998461754406,0.0020023066051479,0.8983957219251337,7.823682434206029,1.3052330465767537,0.0,,0.0,,,,,0.6932373600597654,,,,,,,
SemStamp,lsh,fixed,best-of-n,sentence-nltk,,,sentence,nltk,,,64.0,attack,direct,synonym_substitution-ratio=0.5,other,synonym_substitution-ratio=0.5,,,,,,,,,,1024,3,c4-val-def-256|c4-val-def-256b|c4-val-def-512,1.5666989036012806,2.263009527424072,3.2863353450309964,0.975839138031006,0.939453125,0.8896484375,0.7412109375,0.1103515625,4.757631150423482,6.184847899397463,1.427216748973982,,,,,,,,,,,,,,,,,,,,,,,,,,,,,,,,,,,,8.171316837205541,1.136530875664662,0.4016064257028112,0.6836586911599968,0.0047430084491447,0.6794871794871795,0.0087872695016611,0.0027760679970057,0.0,55.626953125,1.4143051371834967,59.0,0.0062841518168521,0.0007371275259099,0.0,0.0117122300924042,0.0037872492239624,0.0,0.1972541183358448,0.0031008320997284,0.1944717310630867,0.463606642751847,0.0044982013246626,0.4620341410106643,0.0109181248820488,0.003741165248402,0.0,,,,,,,,,,0.8533139691557539,0.0126235883799033,0.9410523703152148,,,,,,,,,,,,,,,,,,,,,,,,,,,,,,,,,,,,,,,,,,,,,,0.8027458816641553,0.0031008320997284,0.8055282689369132,0.6361362205311729,0.005043325737198,0.6367379877423718,0.7983223499021943,0.0031300512840923,0.8,7.197530078765688,1.2753857389166068,0.0,,0.0,,,,,0.4518294741707455,,,,,,,
SemStamp,lsh,fixed,best-of-n,sentence-nltk,,,sentence,nltk,,,64.0,attack,direct,synonym_substitution-ratio=0.75,other,synonym_substitution-ratio=0.75,,,,,,,,,,1024,3,c4-val-def-256|c4-val-def-256b|c4-val-def-512,1.5666989036012806,2.263009527424072,3.2863353450309964,0.9455766677856444,0.826171875,0.7333984375,0.54296875,0.2666015625,3.910818821673147,6.184847899397463,2.2740290777243155,,,,,,,,,,,,,,,,,,,,,,,,,,,,,,,,,,,,9.290367589041884,1.184322243144328,0.7905138339920948,0.5417798980238413,0.0054826263328756,0.5297058823529412,0.0143445285114354,0.0032557768866667,0.0,43.5126953125,1.0960322009654349,46.0,0.0150900713265471,0.0014476896452792,0.0052793920221488,0.0170737295790102,0.0039926736846626,0.0,0.2875075291482829,0.0040798559841265,0.286254701926365,0.6225395346128997,0.0045313452718526,0.62890625,0.0155583785386616,0.0041066078384707,0.0,,,,,,,,,,0.8384533676694494,0.01275355413083,0.924812030075188,,,,,,,,,,,,,,,,,,,,,,,,,,,,,,,,,,,,,,,,,,,,,,0.7124924708517171,0.0040798559841265,0.713745298073635,0.4892595652404116,0.0059455195424899,0.4838300653594771,0.7039990694639444,0.0041194789274042,0.7046536796536796,7.897361069841586,1.3071715437924665,0.0,,0.0,,,,,0.270061019632736,,,,,,,
SemStamp,lsh,fixed,best-of-n,sentence-nltk,,,sentence,nltk,,,64.0,attack,direct,synonym_substitution-ratio=1.0,other,synonym_substitution-ratio=1.0,,,,,,,,,,1024,3,c4-val-def-256|c4-val-def-256b|c4-val-def-512,1.5666989036012806,2.263009527424072,3.2863353450309964,0.8628807067871094,0.642578125,0.5224609375,0.36328125,0.4775390625,2.957502396346793,6.184847899397463,3.22734550305067,,,,,,,,,,,,,,,,,,,,,,,,,,,,,,,,,,,,12.634302170636715,1.389129189946593,1.6764565357915742,0.4030716927072268,0.0061307256106093,0.3852835012783877,0.0249049931560968,0.0042518624407963,0.0,31.767578125,0.8048778474946001,33.0,0.0320704481193894,0.0025003226690726,0.0184331953816775,0.0269142948558238,0.0045464810641588,0.0,0.3751430880399494,0.0050385375229755,0.3728832578446974,0.7645767056597523,0.0044774284419357,0.7722772277227723,0.0239784580366557,0.0047984412829232,0.0,,,,,,,,,,0.8061445432265235,0.0136034259492185,0.9019006375556358,,,,,,,,,,,,,,,,,,,,,,,,,,,,,,,,,,,,,,,,,,,,,,0.6248569119600506,0.0050385375229755,0.6271167421553026,0.3614887294376509,0.0064991011143634,0.3532834038858135,0.6117597150724994,0.0050725674736117,0.6109854198089493,12.431584807324713,1.5666692182651558,0.0,,0.0,,,,,0.1362365137663895,,,,,,,
SemStamp,lsh,fixed,best-of-n,sentence-nltk,,,sentence,nltk,,,64.0,watermark,direct,none,none,none,,,,,,,,,,1024,3,c4-val-def-256|c4-val-def-256b|c4-val-def-512,1.5666989036012806,2.263009527424072,3.2863353450309964,0.9941143989562988,0.990234375,0.9736328125,0.923828125,0.0263671875,6.184847899397463,6.184847899397463,0.0,64.0,64.0,64.0,17194.0,17137.0,1.0,64.0,64.0,64.0,,,,,,,,,,,,,,,,,,,,,,,,,,,11.714092557929456,1.388598696412174,0.4444444444444444,,,,,,,,,,,,,,,,,,,,,,,,,,,,,,,,,,0.8295938165786875,0.0138942254778216,0.9330543933054394,,,,5.347694921254459,0.2099807532643292,6.09571647644043,,,,,,,,,,,,,,,,0.7273274739583333,0.0185909356903779,0.8500000000000001,0.7194010416666667,0.0202994338002974,0.8666666666666667,0.8157552083333335,0.0165543431635972,0.9333333333333332,0.6429036458333334,0.0209058860768808,0.7333333333333334,0.73125,0.0211119927692958,0.9333333333333332,0.2073515543372397,0.0142526055405514,0.1037549660387031,0.157293131829933,0.0146864642763535,0.0395210147671336,0.1378348466325143,0.0146445571036162,0.0164204055220017,,,,,,,,,,12.416655960600751,1.5686291764872693,0.0,456123.4664802551,272042.0,10.13419033968342,10.877086333669624,2.480796931092751,0.191149529827498,,,,,,,,
SemStamp,lsh,fixed,best-of-n,sentence-nltk,,,sentence,nltk,,,,human,direct,none,none,none,,,,,,,,,,1024,1,c4-human-def,1.5666989036012806,2.263009527424072,3.2863353450309964,,,,,,-0.1336945497532508,,,,,,,,,,,,,,,,,,,,,,,,,,,,,,,,,,,,,,,,,,,,,,,,,,,,,,,,,,,,,,,,,,,,,,,,,,,,,,,,,,,,,,,,,,,,,,,,,,,,,,,,,,,,,,,,,,,,,,,,,,,,,,,,,,,,,,,,,,,,,0.095703125,0.048828125,0.009765625,1.2230716573431106,1.5666989036012806,2.263009527424072,3.2863353450309964
SemStamp,lsh,fixed_diverse,best-of-n,semspan-spacy-max15-win5,,,semspan,spacy,15.0,5.0,64.0,attack,direct,adaptive-Qwen2.5-3B-Instruct-standard-K1-min-bag=min-surr=bge-aseg=semspan-nltk-max15-win5,adaptive,K1-min-bag=min-bge,1.0,bge,bag,Qwen2.5-3B-Instruct,semspan-nltk-max15-win5,min,min,,,1024,3,c4-val-def-256|c4-val-def-256b|c4-val-def-512,1.885618083164127,2.49100947511811,3.614784456460256,0.9679851531982422,0.919921875,0.85546875,0.6953125,0.14453125,4.415262367676706,6.101375667574503,1.6861132998977972,,,,,,,,,,0.14453125,0.1435546875,0.1435546875,0.142578125,0.1416015625,0.140625,0.134765625,0.125,0.11328125,0.0869140625,0.0595703125,0.134765625,0.3037109375,0.3017578125,0.3017578125,0.30078125,0.298828125,0.296875,0.2841796875,0.265625,0.234375,0.1767578125,0.1171875,0.2841796875,0.3046875,0.9453125,1.8757253499133453,0.5069534262806796,0.0,0.5675206318366983,0.0082292535969957,0.5652173913043478,0.1143333648940524,0.0075258233303219,0.0909090909090909,52.6845703125,1.1883044863841568,53.0,0.0409982824741027,0.0030615988022192,0.0275887591266268,0.1029585737486768,0.006616694427176,0.0787793638305047,0.2837082630896562,0.0056052211359964,0.2765226746110559,0.5279200562455378,0.0075979511915558,0.5349049707602339,0.0765427745561269,0.0070495877024085,0.0,0.9373821585904808,0.001381976215974,0.9402709901332856,0.9417717268224806,0.0012795507488427,0.94386687874794,0.9331635596463456,0.0016049502364503,0.9370850324630736,0.9425801081849332,0.0058579792439925,0.9657631257631258,0.9708289178088308,0.0011370134130214,0.974672943353653,9.211973574054523,0.3134110706570646,9.905847072601318,0.9395182291666666,0.0047752548755519,0.9666666666666668,0.9546223958333334,0.0050167781098649,1.0,0.0114583333333333,0.0036281340444161,0.0,0.9283203125,0.0073748596485887,1.0,0.1134114583333333,0.0092049791950097,0.0,,,,,,,,,,,,,,,,0.0953769277748584,0.0065559986791045,0.0707142152186071,0.0470148557322986,0.0061025046727857,0.0193050193050192,0.0309097527106326,0.0057388081637609,0.0041841736694677,0.7162917369103438,0.0056052211359964,0.723477325388944,0.4628016924848334,0.0078462630783847,0.458241556534508,0.603957234340114,0.0073340954752348,0.6086956521739131,2.070645097836675,0.6271319835261241,0.0,538205.7869842367,242380.0,10.348486401831844,11.085947345503778,2.5000664506557344,0.5072377540518628,0.3070991880165961,,,,,,,
SemStamp,lsh,fixed_diverse,best-of-n,semspan-spacy-max15-win5,,,semspan,spacy,15.0,5.0,64.0,attack,direct,adaptive-Qwen2.5-3B-Instruct-standard-K16-min-bag=min-surr=bge-aseg=semspan-nltk-max15-win5,adaptive,K16-min-bag=min-bge,16.0,bge,bag,Qwen2.5-3B-Instruct,semspan-nltk-max15-win5,min,min,,,1024,3,c4-val-def-256|c4-val-def-256b|c4-val-def-512,1.885618083164127,2.49100947511811,3.614784456460256,0.8934860229492188,0.7177734375,0.5712890625,0.2939453125,0.4287109375,2.808600252847316,6.101375667574503,3.292775414727188,,,,,,,,,,0.423828125,0.4169921875,0.408203125,0.3935546875,0.384765625,0.357421875,0.298828125,0.2529296875,0.1865234375,0.1083984375,0.0537109375,0.298828125,0.69921875,0.69140625,0.6806640625,0.66015625,0.6396484375,0.595703125,0.501953125,0.4150390625,0.2900390625,0.16015625,0.0732421875,0.501953125,0.7060546875,0.7099609375,1.116745727732931,0.4339321055370779,0.0,0.4201779481741419,0.0072788948358584,0.4180327868852459,0.1630700402715718,0.0089165873074748,0.1428571428571428,38.52734375,0.8824829528893835,39.0,0.098763172950032,0.0052660915748317,0.0806840264282938,0.15998821288242,0.0077475512804206,0.1428571428571429,0.4126205168212971,0.0060113862999634,0.4013951154773658,0.716869765518493,0.0060857376602008,0.7216201968134958,0.1309434899187994,0.0091326216188575,0.1111111111111111,0.9061576321255416,0.001675651653035,0.9090130925178528,0.9095342850778252,0.0018127955931039,0.9134593307971954,0.9030833806609736,0.001766406573336,0.9050507545471193,0.9577304867594532,0.0047923070976606,0.9724454286618158,0.9445639737532474,0.0026954054933353,0.952619343996048,11.0152798065074,0.3032214627019163,11.783544540405272,0.8507649739583334,0.0070021114733075,0.8666666666666667,0.8962239583333335,0.0074602100966644,0.9333333333333332,0.0340494791666666,0.0066585341903089,0.0,0.8172526041666668,0.0110900910762553,0.8666666666666667,0.2763671875,0.0113412807183051,0.2666666666666666,,,,,,,,,,,,,,,,0.0774980756196356,0.0053745441071378,0.0600546448087431,0.0321134751828932,0.0049722115896264,0.0149812734082397,0.0191699394422558,0.0047423625156912,0.0033557424861772,0.5873794831787029,0.0060113862999634,0.5986048845226342,0.2764314194691991,0.0060332104697025,0.2717758620689655,0.4132412831517841,0.0064948262295315,0.4104262183732382,1.3295360916961294,0.5736921202039654,0.0,577327.5638532734,240625.0,10.30703291802411,11.070902658592685,2.441822294863944,0.3310428058046101,0.1439975243276903,,,,,,,
SemStamp,lsh,fixed_diverse,best-of-n,semspan-spacy-max15-win5,,,semspan,spacy,15.0,5.0,64.0,attack,direct,adaptive-Qwen2.5-3B-Instruct-standard-K16-min-surr=bge,adaptive,K16-min-positional-bge,16.0,bge,positional,Qwen2.5-3B-Instruct,sentence-nltk,min,,,,1024,3,c4-val-def-256|c4-val-def-256b|c4-val-def-512,1.885618083164127,2.49100947511811,3.614784456460256,0.9416489601135254,0.8447265625,0.7353515625,0.5009765625,0.2646484375,3.586050377144456,6.101375667574503,2.515325290430048,,,,,,,,,,0.2626953125,0.26171875,0.259765625,0.2568359375,0.248046875,0.23828125,0.2216796875,0.201171875,0.1630859375,0.103515625,0.044921875,0.2216796875,0.4970703125,0.4951171875,0.4931640625,0.4873046875,0.47265625,0.4580078125,0.4189453125,0.3740234375,0.302734375,0.1904296875,0.0791015625,0.4189453125,0.4990234375,0.84375,1.5258665707387131,0.4899152772207759,0.0,0.4832625334037387,0.0076784019662693,0.4795918367346938,0.1674760289451058,0.0092677908106452,0.1538461538461538,44.8466796875,1.0446444509330688,45.0,0.0780746364029856,0.0048746214449423,0.0581425804329552,0.151776525919066,0.0080510292774406,0.1304347826086956,0.3583081249984229,0.0059781454208353,0.3515416610154167,0.6220631825358931,0.0066129748968617,0.6220354808590103,0.1053832894841221,0.0083638119270978,0.0833333333333333,0.9172892541391776,0.0016620527551427,0.9203104972839355,0.921660231484566,0.0017981649089939,0.9248306155204772,0.9132139204302804,0.0017305969483133,0.9158604741096495,0.9508593957228312,0.0055183333074347,0.9712091069849692,0.9532301072613336,0.0017688634486206,0.9590205550193788,10.540236516927948,0.3533248574362333,11.416844367980955,0.8976725260416667,0.0059663090010163,0.9166666666666666,0.9182291666666668,0.0065441451103798,0.9333333333333332,0.0227213541666666,0.0053439274481756,0.0,0.8814453125,0.0091766457652341,0.9333333333333332,0.1862630208333333,0.0105720582053864,0.1333333333333333,,,,,,,,,,,,,,,,0.0851315576845482,0.0061306050786388,0.0605578073730939,0.0399907703089214,0.0056720726994642,0.0161402366221642,0.02570471165803,0.0053698178326824,0.0040323236264898,0.641691875001577,0.0059781454208353,0.6484583389845833,0.3600880036659852,0.0066219977635168,0.3536604688009693,0.4913012455169893,0.0068956766453937,0.4885299379143428,1.747215341929539,0.6258317814560966,0.0,552181.3463668823,234452.0,10.295720641651346,11.020716186329166,2.448508399737632,0.3355284497418944,0.2077472924078066,,,,,,,
SemStamp,lsh,fixed_diverse,best-of-n,semspan-spacy-max15-win5,,,semspan,spacy,15.0,5.0,64.0,attack,direct,adaptive-Qwen2.5-3B-Instruct-standard-K2-min-bag=min-surr=bge-aseg=semspan-nltk-max15-win5,adaptive,K2-min-bag=min-bge,2.0,bge,bag,Qwen2.5-3B-Instruct,semspan-nltk-max15-win5,min,min,,,1024,3,c4-val-def-256|c4-val-def-256b|c4-val-def-512,1.885618083164127,2.49100947511811,3.614784456460256,0.9489026069641112,0.8720703125,0.77734375,0.5732421875,0.22265625,3.873073283966254,6.101375667574503,2.22830238360825,,,,,,,,,,0.2216796875,0.2197265625,0.2197265625,0.21875,0.212890625,0.2099609375,0.2021484375,0.1865234375,0.15234375,0.111328125,0.056640625,0.2021484375,0.4248046875,0.4228515625,0.4228515625,0.421875,0.4130859375,0.4072265625,0.3896484375,0.3583984375,0.2978515625,0.2109375,0.1025390625,0.3896484375,0.4267578125,0.916015625,1.6159973558148215,0.5457871392691216,0.0,0.5175654643072054,0.0077478304575286,0.5137614678899083,0.1277087104026735,0.0078454445115934,0.1,48.033203125,1.079080638825,49.0,0.0532249143259949,0.0035438124016994,0.0387242080790467,0.1193539758947251,0.006929628671329,0.0999999999999999,0.3256313592790162,0.0056642652955508,0.3184331890244517,0.5962036589511323,0.0069109610299044,0.5986712705974911,0.0941135407380031,0.0077561655405773,0.0714285714285714,0.9279706649831496,0.0014765964682518,0.9310420453548433,0.932268963486422,0.0014309174834998,0.9349190592765808,0.9238430781988428,0.0016478767659239,0.927425503730774,0.947324490517155,0.0059803438561544,0.9688194444444445,0.9644006683374756,0.001282395129153,0.968351811170578,9.696860322747996,0.3011713631825194,10.400634765625,0.92158203125,0.0052710228253751,0.9499999999999998,0.9482421875,0.0051473087566266,1.0,0.0168619791666666,0.0045826609057948,0.0,0.9100260416666668,0.0081389807183991,1.0,0.155078125,0.0100569345579275,0.1333333333333333,,,,,,,,,,,,,,,,0.0901451745864065,0.0064187161497653,0.0672359357060849,0.0420542125633462,0.0060313687990818,0.0168776371308017,0.0267209179402628,0.0057649819711731,0.0041322314049586,0.6743686407209837,0.0056642652955508,0.6815668109755483,0.3939214217933396,0.007116292105987,0.3916989247311828,0.5426227700793319,0.0070390214159093,0.5445005619270713,1.7041395410915745,0.6368388604393035,0.0,547417.9908844517,240962.0,10.328874378071916,11.066414312977784,2.5048007742262155,0.4664200541609111,0.2375917576116183,,,,,,,
SemStamp,lsh,fixed_diverse,best-of-n,semspan-spacy-max15-win5,,,semspan,spacy,15.0,5.0,64.0,attack,direct,adaptive-Qwen2.5-3B-Instruct-standard-K32-min-bag=min-surr=bge-aseg=semspan-nltk-max15-win5,adaptive,K32-min-bag=min-bge,32.0,bge,bag,Qwen2.5-3B-Instruct,semspan-nltk-max15-win5,min,min,,,1024,3,c4-val-def-256|c4-val-def-256b|c4-val-def-512,1.885618083164127,2.49100947511811,3.614784456460256,0.8609304428100586,0.64453125,0.490234375,0.2158203125,0.509765625,2.500843201695094,6.101375667574503,3.600532465879409,,,,,,,,,,0.5,0.494140625,0.486328125,0.4775390625,0.4365234375,0.3955078125,0.3037109375,0.25,0.1591796875,0.083984375,0.0322265625,0.3037109375,0.7734375,0.765625,0.7529296875,0.73828125,0.6845703125,0.6220703125,0.48046875,0.392578125,0.2490234375,0.1201171875,0.0458984375,0.48046875,0.7841796875,0.61328125,1.3671432899282785,0.4812989663383087,0.0,0.394152365860886,0.0073400748189214,0.3908045977011494,0.1775176362939933,0.009860359256114,0.1538461538461538,36.0439453125,0.8314750532688638,36.0,0.1113572004270163,0.0055509261838108,0.0938140045479495,0.1694443021591496,0.0085274819598199,0.1479289940828403,0.4415551513423499,0.00622246915427,0.4310194730813287,0.7465151721811341,0.005698092447859,0.7515358233143632,0.1323438058609023,0.0091246841858191,0.1111111111111111,0.8991721933125518,0.0017523896894665,0.9027059972286224,0.9014597028144636,0.001986645247527,0.9064444303512572,0.8972824516822584,0.0018158295525197,0.899053305387497,0.956359137267375,0.0051611822447242,0.9739356884057973,0.9367442017537542,0.0025914868559722,0.9451448619365692,11.09526495017477,0.3312734889197272,12.133655071258543,0.8258626302083333,0.0071519007577723,0.8333333333333334,0.8736979166666667,0.0081527882881608,0.9333333333333332,0.0330729166666666,0.0060601002848468,0.0,0.7829427083333333,0.0116086814307199,0.8000000000000002,0.3201171875,0.0112221311593238,0.3333333333333333,,,,,,,,,,,,,,,,0.076617679517982,0.0057292838999254,0.0563821802287076,0.0334821996354731,0.0054183455437051,0.0133333333333333,0.0213630176652558,0.0052306641316434,0.002781904850342,0.5584448486576501,0.00622246915427,0.5689805269186712,0.2474165691294151,0.0056914833625623,0.2404248383767045,0.37851489910051,0.006289416478819,0.3752637130801687,1.808512334210216,0.7030489436629522,0.0,594330.6386432215,246967.0,10.290937199815858,11.062472435947614,2.45889087259689,0.3058535165337729,0.1252042215958194,,,,,,,
SemStamp,lsh,fixed_diverse,best-of-n,semspan-spacy-max15-win5,,,semspan,spacy,15.0,5.0,64.0,attack,direct,adaptive-Qwen2.5-3B-Instruct-standard-K4-min-bag=min-surr=bge-aseg=semspan-nltk-max15-win5,adaptive,K4-min-bag=min-bge,4.0,bge,bag,Qwen2.5-3B-Instruct,semspan-nltk-max15-win5,min,min,,,1024,3,c4-val-def-256|c4-val-def-256b|c4-val-def-512,1.885618083164127,2.49100947511811,3.614784456460256,0.9388184547424316,0.83984375,0.7294921875,0.4892578125,0.2705078125,3.6014060759580038,6.101375667574503,2.499969591616501,,,,,,,,,,0.2705078125,0.267578125,0.265625,0.26171875,0.255859375,0.2451171875,0.2216796875,0.205078125,0.162109375,0.109375,0.060546875,0.2216796875,0.509765625,0.505859375,0.501953125,0.4970703125,0.4892578125,0.4677734375,0.4248046875,0.3828125,0.3017578125,0.19921875,0.099609375,0.4248046875,0.5107421875,0.8486328125,1.5228365830488304,0.5154830082102462,0.0,0.4792139247965725,0.0075834487186156,0.4770642201834862,0.1419685481753831,0.0083365672741584,0.1111111111111111,44.1982421875,1.0030961679682824,45.0,0.0715232919696391,0.0040880218409935,0.055769086338595,0.133734752707661,0.0074006256844158,0.111111111111111,0.3586268315418424,0.0059957675778852,0.3467860959845285,0.6451498447011939,0.0065461718758154,0.6491697489572676,0.1029288141914515,0.0080961465354158,0.0833333333333333,0.9199006183771417,0.0015405397575903,0.922704428434372,0.9243817176902668,0.0015288155867846,0.926663875579834,0.9156754899886436,0.0017426003567215,0.919884443283081,0.9506590442983476,0.0056347857894337,0.9702548978302086,0.9576597695122472,0.0016880032768911,0.963589370250702,10.121112402842316,0.9854248482323138,10.935678482055664,0.8988281250000001,0.0059017761758958,0.9166666666666666,0.9284505208333332,0.006234859127909,1.0,0.0231119791666666,0.0055359394599585,0.0,0.8794270833333333,0.0095566985240609,0.9333333333333332,0.189453125,0.0106404847089841,0.1333333333333333,,,,,,,,,,,,,,,,0.08543230036196,0.0063274349556373,0.0633802816901408,0.0396206636250791,0.0060248001382397,0.0157480314960629,0.0254515329108784,0.0057992549914799,0.0037105879113313,0.6413731684581576,0.0059957675778852,0.6532139040154715,0.3460865540112615,0.0067732888184253,0.3391747833422808,0.4903165547169136,0.0069921401418267,0.4878876356558141,1.673020260297208,0.649691007819385,0.0,552820.0663726428,238838.0,10.319251545790948,11.059085902173775,2.47504463491862,0.4256192650203635,0.1957426910164093,,,,,,,
SemStamp,lsh,fixed_diverse,best-of-n,semspan-spacy-max15-win5,,,semspan,spacy,15.0,5.0,64.0,attack,direct,adaptive-Qwen2.5-3B-Instruct-standard-K4-min-surr=bge,adaptive,K4-min-positional-bge,4.0,bge,positional,Qwen2.5-3B-Instruct,sentence-nltk,min,,,,1024,3,c4-val-def-256|c4-val-def-256b|c4-val-def-512,1.885618083164127,2.49100947511811,3.614784456460256,0.9572033882141112,0.8896484375,0.802734375,0.5947265625,0.197265625,3.982855759143938,6.101375667574503,2.1185199084305646,,,,,,,,,,0.197265625,0.1962890625,0.1962890625,0.1962890625,0.19140625,0.1826171875,0.169921875,0.1591796875,0.1357421875,0.0947265625,0.04296875,0.169921875,0.4052734375,0.4033203125,0.4013671875,0.3994140625,0.392578125,0.37890625,0.349609375,0.326171875,0.27734375,0.1884765625,0.0888671875,0.349609375,0.4052734375,0.8896484375,1.4919510486350247,0.4538158996779121,0.0,0.5176142137718297,0.0078185223995304,0.5145631067961165,0.1544513994797487,0.0088471734371911,0.1333333333333333,48.216796875,1.1082123328981903,49.0,0.0613291487102168,0.0041514394651601,0.0402173742422197,0.1413171253862995,0.0076551803924238,0.1181102362204725,0.325538877913778,0.005595198825904,0.3175653838504376,0.5878722165425838,0.0072319378472092,0.5867217630853995,0.1040802885739136,0.008454534958434,0.0833333333333333,0.9267741157091224,0.0013745725462561,0.9296456277370452,0.9311499826144428,0.0013152809248597,0.9337208271026612,0.9225795292877592,0.0015792418905899,0.9256511926651,0.9490571038326496,0.0052130067408847,0.9690265486725664,0.9614846478798428,0.0013639304881523,0.9658525288105012,9.882292760060857,0.2892641811574312,10.614461898803713,0.9181477864583334,0.0053397274538072,0.9499999999999998,0.9425130208333334,0.0051912328723636,1.0,0.0171223958333333,0.0047471886094982,0.0,0.9037109375,0.0081530064753606,0.9333333333333332,0.1565104166666666,0.0102605072260215,0.1333333333333333,,,,,,,,,,,,,,,,0.0883240957144558,0.0060896157372767,0.06457745615111,0.0418943238278168,0.0055964609559802,0.0175518314284834,0.0268617408647008,0.005280851531228,0.0041928905453394,0.6744611220862219,0.005595198825904,0.6824346161495625,0.4008395191164883,0.0072647242688806,0.3975741239892183,0.5413286372782973,0.0072120149373252,0.5465187888464389,1.6103722794450577,0.5920072548221724,0.0,548301.1607055664,239355.0,10.338929916648098,11.072354504508391,2.46494462543824,0.4407636717510422,0.2471329670868289,,,,,,,
SemStamp,lsh,fixed_diverse,best-of-n,semspan-spacy-max15-win5,,,semspan,spacy,15.0,5.0,64.0,attack,direct,adaptive-Qwen2.5-3B-Instruct-standard-K64-min-bag=min-surr=bge-aseg=semspan-nltk-max15-win5,adaptive,K64-min-bag=min-bge,64.0,bge,bag,Qwen2.5-3B-Instruct,semspan-nltk-max15-win5,min,min,,,1024,3,c4-val-def-256|c4-val-def-256b|c4-val-def-512,1.885618083164127,2.49100947511811,3.614784456460256,0.827420711517334,0.5498046875,0.384765625,0.177734375,0.615234375,2.203503271400799,6.101375667574503,3.897872396173704,,,,,,,,,,0.6025390625,0.5869140625,0.56640625,0.53515625,0.4873046875,0.4375,0.3369140625,0.2646484375,0.1630859375,0.072265625,0.021484375,0.3369140625,0.806640625,0.7900390625,0.767578125,0.724609375,0.6669921875,0.6005859375,0.46875,0.361328125,0.2177734375,0.0986328125,0.0283203125,0.46875,0.822265625,0.5732421875,1.7859242370677468,0.5974308820405744,0.0,0.3706168025384135,0.0072718083810147,0.3636363636363636,0.1790380405824116,0.009808088338197,0.1666666666666666,33.9423828125,0.8231322375632412,34.0,0.122956718256377,0.0060219460466885,0.101648145787707,0.1756171550890427,0.009124030411031,0.1489361702127658,0.4670056831285236,0.0067564908732239,0.4511921399229238,0.772573602597673,0.0058977491827977,0.7754669664475959,0.1380262987514006,0.0097590674755354,0.1111111111111111,0.8917486419668421,0.0020008461645752,0.8974753320217133,0.8923182917642407,0.0023886906045141,0.9007340669631958,0.8917242791503668,0.0019449618919999,0.8955928683280945,0.9512689140974396,0.0062056591786981,0.9723411231125116,0.9259864973428192,0.0034552521611701,0.9391889274120332,10.93198360497911,0.3324739085459283,11.987658500671388,0.8065592447916667,0.0077160703125245,0.8166666666666668,0.8593750000000001,0.0091740384677785,0.8666666666666667,0.0412109375,0.0070885156897391,0.0,0.7615234375000001,0.0124931982715646,0.8000000000000002,0.3534505208333333,0.012397274251967,0.4000000000000001,,,,,,,,,,,,,,,,0.0831524296169714,0.0066512860677171,0.0604504526021639,0.0384393000872928,0.0064139818386206,0.0135669913336912,0.0261036527959992,0.0062591072127206,0.0030864491545606,0.5329943168714765,0.0067564908732239,0.5488078600770762,0.2229255194781279,0.0055694647138011,0.2139044470647688,0.3504620120500921,0.0062977396804236,0.3493250498542721,2.12766794571128,0.7738054495004537,0.0,624411.1894936371,261075.0,10.261315531469776,11.06432464887196,2.491715731311163,0.3775457503431539,0.1122980716662324,,,,,,,
SemStamp,lsh,fixed_diverse,best-of-n,semspan-spacy-max15-win5,,,semspan,spacy,15.0,5.0,64.0,attack,direct,adaptive-Qwen2.5-3B-Instruct-standard-K64-min-surr=bge,adaptive,K64-min-positional-bge,64.0,bge,positional,Qwen2.5-3B-Instruct,sentence-nltk,min,,,,1024,3,c4-val-def-256|c4-val-def-256b|c4-val-def-512,1.885618083164127,2.49100947511811,3.614784456460256,0.9269366264343262,0.8037109375,0.6943359375,0.44140625,0.3056640625,3.369894582024312,6.101375667574503,2.7314810855501914,,,,,,,,,,0.3037109375,0.298828125,0.29296875,0.287109375,0.27734375,0.25390625,0.2158203125,0.1962890625,0.1455078125,0.09765625,0.0439453125,0.2158203125,0.556640625,0.55078125,0.5419921875,0.53125,0.5087890625,0.470703125,0.40625,0.35546875,0.2509765625,0.15625,0.0654296875,0.40625,0.55859375,0.73046875,1.7654559314848697,0.4891496526164925,0.0,0.4515560956215015,0.0075426774793402,0.4454545454545454,0.1630228055785453,0.0094248365540787,0.1428571428571428,41.9375,1.000706391470478,41.0,0.1041846691236486,0.005872935202988,0.0796658709136532,0.1576779964665812,0.0081014395228066,0.1346153846153847,0.3894328738531629,0.0061557463871074,0.38041458883348,0.6599681477102877,0.0067217497507465,0.6657355679702048,0.1216976174294308,0.0092474948300295,0.1,0.909068126056809,0.0016318414819201,0.9118574559688568,0.9116815159213728,0.001909294513166,0.9169021844863892,0.906838377006352,0.0016635753432856,0.9090990126132964,0.945855573784605,0.0057139388772738,0.9693877551020408,0.9451289608550724,0.0021022136722615,0.9517892301082612,10.58473545986321,0.3746711603220871,11.711451530456545,0.8625813802083333,0.006834350520482,0.8833333333333333,0.8977864583333334,0.0070598438597777,0.9333333333333332,0.0323567708333333,0.0064134554191985,0.0,0.8413411458333333,0.0104989479399604,0.8666666666666667,0.2564453125,0.0128433350379677,0.2666666666666666,,,,,,,,,,,,,,,,0.0916897885192022,0.0063508893403363,0.0639831747531322,0.0448949561171187,0.0057375742034036,0.0168657848575357,0.0296934162363829,0.0053547762277475,0.0042918454935622,0.6105671261468371,0.0061557463871074,0.61958541116652,0.3250925504828194,0.0063930457095446,0.319084155401291,0.4451445425961076,0.0070432947982096,0.4431593150252737,1.7877599025457709,0.6252453572996679,0.0,587397.0792312622,248959.0,10.314786058650457,11.062138782332664,2.422196332934597,0.3455734423743554,0.1885433884271631,,,,,,,
SemStamp,lsh,fixed_diverse,best-of-n,semspan-spacy-max15-win5,,,semspan,spacy,15.0,5.0,64.0,attack,direct,adaptive-Qwen2.5-3B-Instruct-standard-K8-min-bag=min-surr=bge-aseg=semspan-nltk-max15-win5,adaptive,K8-min-bag=min-bge,8.0,bge,bag,Qwen2.5-3B-Instruct,semspan-nltk-max15-win5,min,min,,,1024,3,c4-val-def-256|c4-val-def-256b|c4-val-def-512,1.885618083164127,2.49100947511811,3.614784456460256,0.9176626205444336,0.765625,0.6435546875,0.369140625,0.3564453125,3.094321981423434,6.101375667574503,3.0070536861510697,,,,,,,,,,0.3525390625,0.3486328125,0.3466796875,0.3408203125,0.328125,0.3046875,0.263671875,0.2333984375,0.1689453125,0.10546875,0.0478515625,0.263671875,0.6220703125,0.6171875,0.6142578125,0.60546875,0.5859375,0.54296875,0.474609375,0.4130859375,0.2900390625,0.171875,0.0751953125,0.474609375,0.630859375,0.7666015625,0.9379735821185043,0.375088479464796,0.0,0.4434186424547965,0.0075387631969596,0.4358974358974359,0.153045971026275,0.0083905339810516,0.1428571428571428,40.6865234375,0.9383241827297992,40.0,0.0825534676989824,0.0043367363078862,0.0664488017429194,0.1472440236241294,0.0078335545081538,0.1340206185567011,0.3904937475201344,0.0060367225220455,0.3830245247094262,0.6870757960013041,0.0063601112774552,0.6891891891891891,0.1178729285864898,0.0087857805109367,0.1,0.9121937193558552,0.0015764527736542,0.9153356850147248,0.91634573135525,0.0015636813076995,0.9199841022491456,0.9082884414237924,0.0017811860343275,0.9115553796291352,0.9577637287926676,0.0043693053962509,0.9705882352941176,0.9489294746890664,0.0024481762289941,0.9568755924701692,10.802798550097489,0.3017682003730577,11.264812469482422,0.8695475260416667,0.0066536480662281,0.8833333333333333,0.9095052083333336,0.0071658554191504,0.9333333333333332,0.0305338541666666,0.0060657722219003,0.0,0.8399088541666667,0.0104917974496052,0.8666666666666667,0.2406901041666667,0.0110894350685324,0.2666666666666666,,,,,,,,,,,,,,,,0.0777053342400274,0.005050240117359,0.0627817067421027,0.0316146089989894,0.0045460833910948,0.0145350065492035,0.0180056830192407,0.0042437239028235,0.0034782713898567,0.6095062524798656,0.0060367225220455,0.6169754752905738,0.3056905092388354,0.0064114960895186,0.3008195071776754,0.4466238636431904,0.0067671939259885,0.4467583045415514,1.0413607029020897,0.4877564000093971,0.0,565874.8461469884,237782.0,10.338701598004842,11.092780622649132,2.4765978767230843,0.3842405172367216,0.1636393174909182,,,,,,,
SemStamp,lsh,fixed_diverse,best-of-n,semspan-spacy-max15-win5,,,semspan,spacy,15.0,5.0,64.0,attack,direct,controlled_reorder-ratio=0.1,other,controlled_reorder-ratio=0.1,,,,,,,,,,1024,3,c4-val-def-256|c4-val-def-256b|c4-val-def-512,1.885618083164127,2.49100947511811,3.614784456460256,0.9904780387878418,0.978515625,0.9482421875,0.9052734375,0.0517578125,6.092509277657632,6.101375667574503,0.0088663899168716,,,,,,,,,,,,,,,,,,,,,,,,,,,,,,,,,,,,3.468283055835589,0.5954409129514799,0.0,1.0,0.0,1.0,0.0,0.0,0.0,93.74609375,1.7579324291472709,100.0,0.1067340173503879,0.0054294338443235,0.0920421860019175,0.0,0.0,0.0,0.0,0.0,0.0,0.0116283176731335,0.000563792951124,0.0092165898617511,0.0,0.0,0.0,,,,,,,,,,0.9162416499610684,0.0067922324088599,0.9513191475257698,,,,,,,,,,,,,,,,,,,,,,,,,,,,,,,,,,,,,,,,,,,,,,1.0,0.0,1.0,0.989467891224878,0.0005081649527086,0.9914529914529916,0.9134072343180414,0.0037174811686996,0.9264387573211104,3.7502740346914334,0.7493175044213246,0.0,,0.0,,,,,0.9836168602968832,,,,,,,
SemStamp,lsh,fixed_diverse,best-of-n,semspan-spacy-max15-win5,,,semspan,spacy,15.0,5.0,64.0,attack,direct,controlled_reorder-ratio=0.25,other,controlled_reorder-ratio=0.25,,,,,,,,,,1024,3,c4-val-def-256|c4-val-def-256b|c4-val-def-512,1.885618083164127,2.49100947511811,3.614784456460256,0.9905409812927246,0.978515625,0.94921875,0.90625,0.05078125,6.098407712890179,6.101375667574503,0.0029679546843248,,,,,,,,,,,,,,,,,,,,,,,,,,,,,,,,,,,,3.408499524113,0.5866139386119583,0.0,1.0,0.0,1.0,0.0,0.0,0.0,93.74609375,1.7579324291472709,100.0,0.2384989889131407,0.0078197041318473,0.2236118059029515,0.0,0.0,0.0,0.0,0.0,0.0,0.0172967006396526,0.0005903810836121,0.0146700143472022,0.0,0.0,0.0,,,,,,,,,,0.9164698760226178,0.0067639729904152,0.9513191475257698,,,,,,,,,,,,,,,,,,,,,,,,,,,,,,,,,,,,,,,,,,,,,,1.0,0.0,1.0,0.984412896157769,0.000513302416043,0.9866666666666668,0.8436984295748273,0.0042166352892306,0.8512481947596452,3.748829935792171,0.7494665025673171,0.0,,0.0,,,,,0.9757004604494252,,,,,,,
SemStamp,lsh,fixed_diverse,best-of-n,semspan-spacy-max15-win5,,,semspan,spacy,15.0,5.0,64.0,attack,direct,controlled_reorder-ratio=0.5,other,controlled_reorder-ratio=0.5,,,,,,,,,,1024,3,c4-val-def-256|c4-val-def-256b|c4-val-def-512,1.885618083164127,2.49100947511811,3.614784456460256,0.9904484748840332,0.9775390625,0.9482421875,0.9052734375,0.0517578125,6.093376961945612,6.101375667574503,0.0079987056288918,,,,,,,,,,,,,,,,,,,,,,,,,,,,,,,,,,,,3.364670456467782,0.5790034129568894,0.0,1.0,0.0,1.0,0.0020213225184594,0.0020270579332715,0.0,93.74609375,1.7579324291472709,100.0,0.4582289435024466,0.0099694143535185,0.468459152016546,0.0015210476012487,0.0019452350326747,0.0,0.0,0.0,0.0,0.025333028602553,0.0006867286573753,0.0230814309688074,0.0,0.0,0.0,,,,,,,,,,0.9166850888286886,0.0067412145722739,0.9512651868091716,,,,,,,,,,,,,,,,,,,,,,,,,,,,,,,,,,,,,,,,,,,,,,1.0,0.0,1.0,0.9769749422854376,0.0006019213213684,0.9787234042553192,0.707592909948138,0.0053815543403771,0.70897583429229,3.727680096847254,0.746760444211941,0.0,,0.0,,,,,0.9626322139190684,,,,,,,
SemStamp,lsh,fixed_diverse,best-of-n,semspan-spacy-max15-win5,,,semspan,spacy,15.0,5.0,64.0,attack,direct,controlled_reorder-ratio=0.75,other,controlled_reorder-ratio=0.75,,,,,,,,,,1024,3,c4-val-def-256|c4-val-def-256b|c4-val-def-512,1.885618083164127,2.49100947511811,3.614784456460256,0.9904723167419434,0.9775390625,0.9482421875,0.908203125,0.0517578125,6.090489624624301,6.101375667574503,0.0108860429502022,,,,,,,,,,,,,,,,,,,,,,,,,,,,,,,,,,,,3.3883611900261403,0.5848237547815003,0.0,1.0,0.0,1.0,0.0022326983702637,0.002041002471455,0.0,93.74609375,1.7579324291472709,100.0,0.6964671642255008,0.0097320402628736,0.7228618421052632,0.0016767681870768,0.0019510275128172,0.0,0.0,0.0,0.0,0.0380691714722431,0.0009330132484669,0.0352941176470588,8.947745168217609e-05,0.0001755819559513,0.0,,,,,,,,,,0.916580175722472,0.0067541404761959,0.9511199601791936,,,,,,,,,,,,,,,,,,,,,,,,,,,,,,,,,,,,,,,,,,,,,,1.0,0.0,1.0,0.9650025775438158,0.0008989972972735,0.967479674796748,0.5247726296876494,0.0060232352439843,0.5166666666666667,3.73228920301886,0.7455691676646606,0.0,,0.0,,,,,0.943398214130514,,,,,,,
SemStamp,lsh,fixed_diverse,best-of-n,semspan-spacy-max15-win5,,,semspan,spacy,15.0,5.0,64.0,attack,direct,controlled_reorder-ratio=1.0,other,controlled_reorder-ratio=1.0,,,,,,,,,,1024,3,c4-val-def-256|c4-val-def-256b|c4-val-def-512,1.885618083164127,2.49100947511811,3.614784456460256,0.9904336929321288,0.9775390625,0.9462890625,0.90625,0.0537109375,6.090177213982931,6.101375667574503,0.0111984535915727,,,,,,,,,,,,,,,,,,,,,,,,,,,,,,,,,,,,3.554349081545492,0.6180709862325038,0.0,1.0,0.0,1.0,0.0030275387392477,0.002104791909484,0.0,93.74609375,1.7579324291472709,100.0,1.0,0.0,1.0,0.0020447688889282,0.0019673998123582,0.0,0.0,0.0,0.0,0.0583620489896237,0.001408742787293,0.0537273580140001,0.0,0.0,0.0,,,,,,,,,,0.9158507318756396,0.0068711790930519,0.9511199601791936,,,,,,,,,,,,,,,,,,,,,,,,,,,,,,,,,,,,,,,,,,,,,,1.0,0.0,1.0,0.9461340657260376,0.0013781186333653,0.95,0.3000651722724322,0.0059555843924469,0.273542600896861,3.734333598354249,0.7461826532563551,0.0,,0.0,,,,,0.9109710196527088,,,,,,,
SemStamp,lsh,fixed_diverse,best-of-n,semspan-spacy-max15-win5,,,semspan,spacy,15.0,5.0,64.0,attack,direct,dipper-lex20-order20,dipper,lex20-order20,,,,,,,,20.0,20.0,1024,3,c4-val-def-256|c4-val-def-256b|c4-val-def-512,1.885618083164127,2.49100947511811,3.614784456460256,0.9768280982971193,0.94140625,0.8955078125,0.787109375,0.1044921875,4.9341251221235005,6.101375667574503,1.1672505454510027,,,,,,,,,,0.103515625,0.103515625,0.103515625,0.103515625,0.1005859375,0.09765625,0.087890625,0.080078125,0.0634765625,0.0361328125,0.0146484375,0.087890625,0.2119140625,0.2109375,0.2109375,0.2099609375,0.203125,0.1953125,0.17578125,0.1513671875,0.1162109375,0.06640625,0.0322265625,0.17578125,0.212890625,0.83203125,2.821090059677352,0.521176859123031,0.0,0.6523334167591998,0.0065503260640638,0.6555555555555556,0.0838106229189499,0.0065968548091771,0.0625,60.9521484375,1.2588028658366783,64.0,0.0456982126604024,0.0034256591830596,0.0320332541567695,0.0622124567815411,0.0044711734758783,0.0476190476190476,0.20224820962015,0.0041616384691676,0.1939648164406725,0.3778179719438543,0.0063904162924319,0.3737949890399981,0.0309632136406368,0.0039503194310312,0.0,0.9461561993230134,0.0010574030211307,0.9485127031803132,0.9520990733290092,0.0010185546249934,0.9545868635177612,0.940374875382986,0.0012178597703913,0.9432033896446228,0.913848170605952,0.0061755898470514,0.9395348837209302,0.9689985489239916,0.0013515851754623,0.9746477007865906,8.47029431618115,0.3135695968725225,8.762344360351562,0.8898600260416667,0.0058284002175479,0.9166666666666666,0.895703125,0.0068087899147234,0.9333333333333332,0.0169270833333333,0.0046119655345281,0.0,0.8250000000000001,0.0100901329651338,0.8666666666666667,0.1443359375,0.0096236661246443,0.0666666666666666,,,,,,,,,,,,,,,,0.1202295179995873,0.0067126558733938,0.0932835820895522,0.0615845750906896,0.0062988769765626,0.0300516045799064,0.0411738721508423,0.0058748737854856,0.011111111111111,0.79775179037985,0.0041616384691676,0.8060351835593275,0.5946923153417122,0.0062245073035878,0.5997416020671834,0.6635703429051759,0.0056469523010792,0.6673455532926003,2.8706489122319305,0.6686154653196509,0.0,512656.01381772006,239944.0,10.196917925454262,11.056948651020065,2.433095877946288,0.5355981757887898,0.4292026649926213,,,,,,,
SemStamp,lsh,fixed_diverse,best-of-n,semspan-spacy-max15-win5,,,semspan,spacy,15.0,5.0,64.0,attack,direct,dipper-lex20-order40,dipper,lex20-order40,,,,,,,,20.0,40.0,1024,3,c4-val-def-256|c4-val-def-256b|c4-val-def-512,1.885618083164127,2.49100947511811,3.614784456460256,0.9742774963378906,0.931640625,0.8974609375,0.7978515625,0.1025390625,4.957461433733791,6.101375667574503,1.143914233840713,,,,,,,,,,0.1025390625,0.1025390625,0.1025390625,0.1015625,0.099609375,0.095703125,0.080078125,0.0732421875,0.0595703125,0.0380859375,0.0234375,0.080078125,0.2021484375,0.2021484375,0.2021484375,0.1982421875,0.19140625,0.1826171875,0.150390625,0.1328125,0.10546875,0.0634765625,0.0380859375,0.150390625,0.2021484375,0.779296875,2.951268501373829,0.5440297148470213,0.4246303642264695,0.6452698722792427,0.0069810768755444,0.6483516483516484,0.0808779496366131,0.007121847754449,0.0513157894736842,60.185546875,1.251205447216306,63.0,0.1066223375375804,0.0063945143896614,0.0838690555031394,0.0618030079722479,0.0055823823359823,0.0399999999999999,0.2068199988338536,0.0041817968490421,0.1996015936254979,0.3883290055957955,0.0062723533333593,0.3869446135118685,0.0312657132143172,0.0042879386315992,0.0,0.9414192966651171,0.0011097516186335,0.943589597940445,0.9476931580575184,0.0011507250009868,0.9501717686653136,0.9353435722878204,0.001215152377339,0.937292218208313,0.9114300903828424,0.0063969918434012,0.9379041651604612,0.9644374527852052,0.0016618628930779,0.9700788259506226,8.779885729409518,0.2907138046796085,9.164597034454346,0.8807942708333334,0.0060922369078558,0.9,0.8812500000000001,0.0071519538068656,0.9333333333333332,0.0180989583333333,0.0045415443893867,0.0,0.8125,0.0105321746963424,0.8666666666666667,0.1524739583333333,0.0096647286642556,0.1333333333333333,,,,,,,,,,,,,,,,0.1231529770451316,0.0069515291919229,0.0961196277032576,0.0635032137965735,0.0065426222606937,0.0309307411077323,0.0425188377562328,0.0061103017457733,0.0114068441064638,0.7931800011661464,0.0041817968490421,0.800398406374502,0.5827009055875088,0.0062923316152434,0.5846780312610653,0.5779708272552948,0.0055264883972959,0.5768336314847942,3.0292713143556145,0.693188258372602,0.0,521614.97797473485,240103.0,10.157003185587063,11.014425144488335,2.440271782196552,0.5416198821014013,0.4177299554600612,,,,,,,
SemStamp,lsh,fixed_diverse,best-of-n,semspan-spacy-max15-win5,,,semspan,spacy,15.0,5.0,64.0,attack,direct,dipper-lex20-order80,dipper,lex20-order80,,,,,,,,20.0,80.0,1024,3,c4-val-def-256|c4-val-def-256b|c4-val-def-512,1.885618083164127,2.49100947511811,3.614784456460256,0.973496913909912,0.9208984375,0.876953125,0.7587890625,0.123046875,4.803799188500646,6.101375667574503,1.297576479073857,,,,,,,,,,0.123046875,0.12109375,0.1201171875,0.1171875,0.11328125,0.107421875,0.095703125,0.0859375,0.060546875,0.04296875,0.021484375,0.095703125,0.2392578125,0.2353515625,0.2333984375,0.2265625,0.21875,0.2080078125,0.17578125,0.146484375,0.099609375,0.0634765625,0.0302734375,0.17578125,0.2412109375,0.744140625,3.0145807068244954,0.5433679690294908,0.4329004329004329,0.5948237073148407,0.0067523192404404,0.5984848484848485,0.0830432637351684,0.0067916549864419,0.0666666666666666,55.6533203125,1.1841410630775044,58.0,0.1912867154210434,0.0087231495342198,0.1571225745385707,0.0696972276776461,0.0059283442404817,0.0476190476190476,0.236497409870923,0.0045133191426184,0.2280701754385965,0.4562430954796891,0.0062355224504693,0.4582307060755336,0.0425749661948551,0.0056282024046288,0.0,0.931477902282495,0.001053819989084,0.9332598745822906,0.9373714961693622,0.0010991310390237,0.9393005669116974,0.9257712284452282,0.0011658793701951,0.9278916716575624,0.9057588708514634,0.0064280064231958,0.9333333333333332,0.9529054468148388,0.0018360472782932,0.960303783416748,9.674842492481051,0.7350341656379311,10.052393436431885,0.8634440104166667,0.0061977053502895,0.8666666666666667,0.8731770833333334,0.0076649117849281,0.8666666666666667,0.0186848958333333,0.004711105416889,0.0,0.7968098958333334,0.0108278993405555,0.8000000000000002,0.1975260416666666,0.0097379812897224,0.2,,,,,,,,,,,,,,,,0.1297948971372924,0.0070169779033299,0.1021587202981829,0.0669516337371477,0.0065992965582992,0.0344827586206896,0.0446124565483238,0.0061467512441185,0.0129032854817227,0.763502590129077,0.0045133191426184,0.7719298245614035,0.5203908833506603,0.0061737322166152,0.5200959026010463,0.4478446932787215,0.004664204047783,0.4393622416634969,3.0309662143257965,0.6954530716021767,0.0,546298.3157055827,240710.0,10.15660772832383,11.041815429693829,2.3517794019610303,0.5672551917292383,0.3558653915209022,,,,,,,
SemStamp,lsh,fixed_diverse,best-of-n,semspan-spacy-max15-win5,,,semspan,spacy,15.0,5.0,64.0,attack,direct,dipper-lex40-order20,dipper,lex40-order20,,,,,,,,40.0,20.0,1024,3,c4-val-def-256|c4-val-def-256b|c4-val-def-512,1.885618083164127,2.49100947511811,3.614784456460256,0.9639053344726562,0.9072265625,0.85546875,0.7099609375,0.14453125,4.44321298992674,6.101375667574503,1.658162677647764,,,,,,,,,,0.1435546875,0.1416015625,0.140625,0.13671875,0.130859375,0.1201171875,0.1083984375,0.08984375,0.0654296875,0.0390625,0.0146484375,0.1083984375,0.2880859375,0.28515625,0.2822265625,0.27734375,0.2646484375,0.2412109375,0.2158203125,0.1787109375,0.126953125,0.0712890625,0.0283203125,0.2158203125,0.2900390625,0.7158203125,2.9590384855363103,0.5433054577401654,0.4132231404958678,0.5409066716895377,0.0068901557958086,0.5421686746987951,0.105284615650566,0.0072504198339211,0.0833333333333333,50.22265625,1.0660687264076734,52.0,0.0538101240506931,0.004214162368765,0.041360294117647,0.080514906649641,0.0056150510107017,0.0588235294117647,0.2731055131395764,0.0044383319183972,0.2682904651095507,0.5158483325465558,0.0063521720430832,0.5133357041251778,0.0425786502925727,0.005250070749727,0.0,0.9325583762256427,0.0012731372998451,0.9346102178096772,0.9378499831655064,0.0014117364796965,0.9403219819068908,0.927468433510512,0.0012838165166496,0.9297674298286438,0.9080701801645752,0.0063799019131769,0.9348837209302324,0.9556280577671714,0.0022089327374191,0.9639059603214264,8.997416864461533,0.2818865454593199,9.35688066482544,0.8530598958333333,0.0063529108868156,0.8666666666666667,0.8714192708333335,0.007421877910975,0.8666666666666667,0.0225911458333333,0.0047882401928545,0.0,0.76953125,0.0108169205902541,0.8,0.2061197916666666,0.0103248981047092,0.2,,,,,,,,,,,,,,,,0.127079040473569,0.0069322223051738,0.0983606557377049,0.0645467130099657,0.0065350635351166,0.0307102858826996,0.0429180424898479,0.00608524833628,0.0114068441064638,0.7268944868604236,0.0044383319183972,0.7317095348904493,0.4670388178661506,0.0062284642941505,0.4659082094376212,0.5842399327442135,0.0057219473682317,0.582708959985416,2.8786798397880857,0.7114087300678583,0.0,531006.389657523,241703.0,10.1141497318678,11.01013853182447,2.4295173135331414,0.568136898715977,0.3013647497045228,,,,,,,
SemStamp,lsh,fixed_diverse,best-of-n,semspan-spacy-max15-win5,,,semspan,spacy,15.0,5.0,64.0,attack,direct,dipper-lex80-order20,dipper,lex80-order20,,,,,,,,80.0,20.0,1024,3,c4-val-def-256|c4-val-def-256b|c4-val-def-512,1.885618083164127,2.49100947511811,3.614784456460256,0.8830461502075195,0.7001953125,0.58984375,0.3349609375,0.41015625,2.851001251222349,6.101375667574503,3.250374416352155,,,,,,,,,,0.3642578125,0.34375,0.3125,0.255859375,0.19140625,0.1298828125,0.0712890625,0.0478515625,0.0263671875,0.0078125,0.0048828125,0.0712890625,0.607421875,0.572265625,0.5263671875,0.4375,0.3271484375,0.2294921875,0.125,0.08203125,0.041015625,0.0126953125,0.005859375,0.125,0.6650390625,0.1982421875,2.167585118314208,0.4638163702641345,0.3389986325139908,0.2955279812695757,0.0064751885818,0.2921348314606741,0.1520477917628408,0.0103179747175934,0.125,27.783203125,0.7555492348675953,28.0,0.1378380802136521,0.0083109893053084,0.1063829787234042,0.1350522711757921,0.0096683412112079,0.1069351584444356,0.4663506299369419,0.0061556944574791,0.4524486320657828,0.7715944218854661,0.0058619726156093,0.7719525518963634,0.0844966022377612,0.0091573546709448,0.0,0.8871652779635042,0.001686599686345,0.8915546536445618,0.8919707189197652,0.001814868818131,0.8971725702285767,0.8825934346532449,0.0017168098031389,0.8864846527576447,0.9057242253165632,0.0057824259730186,0.923640645721864,0.8737545283220243,0.0052021008171834,0.8970025181770325,12.041945190877785,0.3900985398741413,12.713568210601808,0.6933756510416667,0.0083828310211293,0.7000000000000001,0.7194010416666667,0.0107268093518442,0.7333333333333334,0.0716796875,0.0090082291638572,0.0,0.55,0.0122529573733958,0.5333333333333333,0.4242187500000001,0.0110564818867464,0.4000000000000001,,,,,,,,,,,,,,,,0.127944868904897,0.0064585044011352,0.1071428571428571,0.0564416000686692,0.0059677286710012,0.0300674803047913,0.0347089657303781,0.0055076425982578,0.0093603971962616,0.5336493700630581,0.0061556944574791,0.5475513679342172,0.2188974596333494,0.0054058957692952,0.2189038093646106,0.3599426627451138,0.0057614899695004,0.3628692560175054,2.3650794824224155,0.6374393852479767,0.0,593589.4440546294,238543.0,9.938296677768111,10.971300413763956,2.243253814874195,0.4043695054109766,0.1117830568779531,,,,,,,
SemStamp,lsh,fixed_diverse,best-of-n,semspan-spacy-max15-win5,,,semspan,spacy,15.0,5.0,64.0,attack,direct,merge_adjacent-ratio=0.2,other,merge_adjacent-ratio=0.2,,,,,,,,,,1024,3,c4-val-def-256|c4-val-def-256b|c4-val-def-512,1.885618083164127,2.49100947511811,3.614784456460256,0.9896893501281738,0.9736328125,0.9443359375,0.8994140625,0.0556640625,5.913203163793124,6.101375667574503,0.1881725037813787,,,,,,,,,,,,,,,,,,,,,,,,,,,,,,,,,,,,3.358716470899787,0.5773269439833196,0.0,1.0,0.0,1.0,0.1501203579131552,0.0060759132861402,0.1428571428571428,93.74609375,1.7579324291472709,100.0,0.0,0.0,0.0,0.0838490312815376,0.0037013009122822,0.0769230769230768,0.0,0.0,0.0,0.0,0.0,0.0,0.0,0.0,0.0,,,,,,,,,,0.9174880703375282,0.0066496310800817,0.9517543859649122,,,,,,,,,,,,,,,,,,,,,,,,,,,,,,,,,,,,,,,,,,,,,,1.0,0.0,1.0,1.0,0.0,1.0,1.0,0.0,1.0,2.6543255687863407,0.6065254761427882,0.0,,0.0,,,,,0.9621639078260183,,,,,,,
SemStamp,lsh,fixed_diverse,best-of-n,semspan-spacy-max15-win5,,,semspan,spacy,15.0,5.0,64.0,attack,direct,merge_adjacent-ratio=0.5,other,merge_adjacent-ratio=0.5,,,,,,,,,,1024,3,c4-val-def-256|c4-val-def-256b|c4-val-def-512,1.885618083164127,2.49100947511811,3.614784456460256,0.9870162010192872,0.96875,0.9365234375,0.8876953125,0.0634765625,5.738759109505969,6.101375667574503,0.3626165580685344,,,,,,,,,,,,,,,,,,,,,,,,,,,,,,,,,,,,3.267477992777652,0.5605576349781729,0.0,1.0,0.0,1.0,0.3161562421806865,0.0068517866724851,0.3333333333333333,93.74609375,1.7579324291472709,100.0,0.0,0.0,0.0,0.1918950640585768,0.0050280988305515,0.1999999999999999,0.0,0.0,0.0,0.0,0.0,0.0,0.0,0.0,0.0,,,,,,,,,,0.9182052618299024,0.0065611086157782,0.9517543859649122,,,,,,,,,,,,,,,,,,,,,,,,,,,,,,,,,,,,,,,,,,,,,,1.0,0.0,1.0,1.0,0.0,1.0,1.0,0.0,1.0,1.6338194977571805,0.4864625225298851,0.0,,0.0,,,,,0.9247592057042306,,,,,,,
SemStamp,lsh,fixed_diverse,best-of-n,semspan-spacy-max15-win5,,,semspan,spacy,15.0,5.0,64.0,attack,direct,merge_adjacent-ratio=1.0,other,merge_adjacent-ratio=1.0,,,,,,,,,,1024,3,c4-val-def-256|c4-val-def-256b|c4-val-def-512,1.885618083164127,2.49100947511811,3.614784456460256,0.9852585792541504,0.9560546875,0.9267578125,0.880859375,0.0732421875,5.573655570800406,6.101375667574503,0.5277200967740975,,,,,,,,,,,,,,,,,,,,,,,,,,,,,,,,,,,,3.375912395254095,0.5922932266374359,0.0,1.0,0.0,1.0,0.4877125826098172,0.005695391397246,0.5,93.74609375,1.7579324291472709,100.0,0.0,0.0,0.0,0.3253389629142814,0.0051026153720593,0.3333333333333333,0.0,0.0,0.0,0.0,0.0,0.0,0.0,0.0,0.0,,,,,,,,,,0.9177082405921242,0.0066719147480182,0.9516481180925882,,,,,,,,,,,,,,,,,,,,,,,,,,,,,,,,,,,,,,,,,,,,,,1.0,0.0,1.0,1.0,0.0,1.0,1.0,0.0,1.0,1.7230196654188623,0.5383329259154169,0.0,,0.0,,,,,0.8854254183140369,,,,,,,
SemStamp,lsh,fixed_diverse,best-of-n,semspan-spacy-max15-win5,,,semspan,spacy,15.0,5.0,64.0,attack,direct,parrot,parrot,default,,,,,,,,,,1024,3,c4-val-def-256|c4-val-def-256b|c4-val-def-512,1.885618083164127,2.49100947511811,3.614784456460256,0.9815363883972168,0.9482421875,0.9130859375,0.8505859375,0.0869140625,5.230366576768963,6.101375667574503,0.8710090908055406,,,,,,,,,,0.0869140625,0.0849609375,0.083984375,0.0830078125,0.08203125,0.0791015625,0.0712890625,0.0615234375,0.0517578125,0.0283203125,0.009765625,0.0712890625,0.1494140625,0.1474609375,0.146484375,0.1455078125,0.1416015625,0.1357421875,0.1259765625,0.1044921875,0.0859375,0.0517578125,0.0205078125,0.1259765625,0.1494140625,0.8271484375,3.089822678234059,0.5998599775374234,0.0,0.7269401658854203,0.0052050638521728,0.7321428571428571,0.0207322382177629,0.0031914571386533,0.0,68.525390625,1.3955931245577784,72.0,0.0103321764232029,0.0012811519452419,0.0028469750889679,0.0287331157153554,0.0029184730192442,0.0,0.1638005285338478,0.0033551398416849,0.155137227304715,0.3474093486077748,0.0053918908513346,0.3397181807767212,0.0331175016257712,0.0040533447436531,0.0,0.924099197378382,0.0011953152556339,0.9263945817947388,0.9284127915161662,0.0011869856357971,0.9309390187263488,0.9198844152269884,0.0012819843055908,0.922425776720047,0.9185392753483692,0.0065387553266154,0.9495605581682214,0.9701117094955408,0.0010171100540086,0.9739413559436798,13.778369652288566,0.6408543257312974,14.345056056976318,0.8767252604166667,0.005214553599946,0.8833333333333333,0.8788411458333334,0.006280992854997,0.8666666666666667,0.0153645833333333,0.0047885750359331,0.0,0.7421223958333334,0.010254907343828,0.7333333333333334,0.0986979166666666,0.0077952820548805,0.0666666666666666,,,,,,,,,,,,,,,,0.1105356260253768,0.0070717487119656,0.080168776371308,0.0573715154441659,0.0067963284128952,0.0232558139534884,0.0400840009602601,0.0065339192064968,0.0067453817453817,0.8361994714661521,0.0033551398416849,0.8448627726952849,0.6364040458594422,0.0051898001745018,0.6453817349698356,0.7364819618345126,0.0039405647124353,0.7419037715404244,3.400615483621604,0.7237339391686437,0.0,624407.9573409639,238042.0,10.21870931492216,11.047330631015592,1.911931631397178,0.1380217147661748,0.3504503065088747,,,,,,,
SemStamp,lsh,fixed_diverse,best-of-n,semspan-spacy-max15-win5,,,semspan,spacy,15.0,5.0,64.0,attack,direct,parrot-bigram-threshold=0.03,parrot,bigram-0.03,,,,,,,,,,1024,3,c4-val-def-256|c4-val-def-256b|c4-val-def-512,1.885618083164127,2.49100947511811,3.614784456460256,0.9841318130493164,0.95703125,0.92578125,0.859375,0.07421875,5.473643811595364,6.101375667574503,0.6277318559791392,,,,,,,,,,0.07421875,0.07421875,0.0732421875,0.0712890625,0.0712890625,0.0693359375,0.06640625,0.0634765625,0.05078125,0.02734375,0.0107421875,0.06640625,0.140625,0.140625,0.1396484375,0.1376953125,0.1376953125,0.1357421875,0.125,0.115234375,0.09765625,0.0576171875,0.0205078125,0.125,0.140625,0.90234375,3.087276028383876,0.5919448565590786,0.0,0.7651381069737262,0.0045474112154276,0.7722772277227723,0.0191672278585618,0.0033062478872879,0.0,72.0341796875,1.42733149628246,76.0,0.0071437211278693,0.0007485634316365,0.0,0.0271313066682329,0.0030378051841862,0.0,0.1363170436847508,0.0026139110309441,0.1288616223585549,0.3010362070196725,0.0044042626018206,0.2938266477744662,0.0314317464473404,0.0041023040665037,0.0,0.9320450956001878,0.0011573410541883,0.9336743354797364,0.9362613380071708,0.0011350035576358,0.9378665685653688,0.9279148203786464,0.0012451797548714,0.929838240146637,0.9192665545457234,0.0065472652415815,0.9508699587649604,0.9760997942648828,0.0008620830937662,0.979398250579834,12.84336517508576,0.5628772795990262,13.385655879974363,0.9051106770833331,0.0045030801791681,0.9166666666666666,0.9046223958333336,0.0058810044657041,0.9333333333333332,0.0083984375,0.002977712008238,0.0,0.7744140625,0.0100383276280717,0.8000000000000002,0.0501953125,0.0056535614579715,0.0,,,,,,,,,,,,,,,,0.1099917775411554,0.0071018747089856,0.0799999999999999,0.0577954752361123,0.0067666363987245,0.022429984906926,0.0405037000920001,0.0064683932686272,0.0071429482518909,0.8636829563152492,0.0026139110309441,0.8711383776414451,0.6885686413929915,0.0043060594509297,0.6963261702085441,0.7950053758732041,0.0032505395649423,0.7999999999999999,3.383165133417949,0.7240133939952598,0.0,609326.7015010111,238687.0,10.26534340040195,11.072242889260558,1.9935672496734365,0.1340533841533552,0.3736875568815748,,,,,,,
SemStamp,lsh,fixed_diverse,best-of-n,semspan-spacy-max15-win5,,,semspan,spacy,15.0,5.0,64.0,attack,direct,pegasus,pegasus,default,,,,,,,,,,1024,3,c4-val-def-256|c4-val-def-256b|c4-val-def-512,1.885618083164127,2.49100947511811,3.614784456460256,0.9813637733459472,0.9501953125,0.9189453125,0.8583984375,0.0810546875,5.377952510381093,6.101375667574503,0.7234231571934107,,,,,,,,,,0.080078125,0.0771484375,0.0771484375,0.07421875,0.0703125,0.0654296875,0.052734375,0.0390625,0.0205078125,0.0078125,0.0048828125,0.052734375,0.140625,0.1357421875,0.1357421875,0.1318359375,0.123046875,0.11328125,0.0888671875,0.0625,0.0380859375,0.015625,0.0087890625,0.0888671875,0.1416015625,0.6328125,6.7048331842342925,0.8372602729290779,0.5102040816326531,0.6111775492315789,0.0058249758583566,0.6106194690265486,0.0125179414643185,0.0024837548167532,0.0,57.54296875,1.228809089773412,59.0,0.0101376014029378,0.000994729477591,0.0021310602024507,0.0251558152996658,0.0031109995813652,0.0,0.2444459708365979,0.0064711935481451,0.2160164561513116,0.3395145480965867,0.0056329086563949,0.3315594828072948,0.0344104769317522,0.0045297355287413,0.0,0.9169883894501254,0.0025151719961745,0.92889142036438,0.9235845218645408,0.003816143814146,0.9447553753852844,0.9119818859035148,0.0014446427090214,0.9149719476699828,0.8759379900244484,0.0086901370151838,0.9281437125748504,0.9457210325053892,0.0023307658767032,0.9553263187408448,6.784812618002874,0.4371533519003662,10.148998737335203,0.8243001302083333,0.0064763281835516,0.8333333333333334,0.7865234375000001,0.0070277029104529,0.8000000000000002,0.0239583333333333,0.0053860958606932,0.0,0.6877604166666668,0.0106872966077337,0.6666666666666666,0.153125,0.012188623785237,0.0666666666666666,,,,,,,,,,,,,,,,0.1910801004273713,0.0128324248747432,0.1054950150707164,0.1356965580489131,0.0133064992107684,0.0343347639484978,0.1172521581783797,0.01335575341082,0.0127932351336606,0.7555540291634021,0.0064711935481451,0.7839835438486884,0.568970032540944,0.006657027738594,0.5815431435732188,0.6417796785417473,0.0062993509541485,0.654081887182411,3.862195429580617,0.7562546916141396,0.0,481116.7238373487,251277.0,9.18793294327624,9.962995077269904,2.2139554613478394,0.6570421640430519,0.3800835729657393,,,,,,,
SemStamp,lsh,fixed_diverse,best-of-n,semspan-spacy-max15-win5,,,semspan,spacy,15.0,5.0,64.0,attack,direct,pegasus-bigram-threshold=0.03,pegasus,bigram-0.03,,,,,,,,,,1024,3,c4-val-def-256|c4-val-def-256b|c4-val-def-512,1.885618083164127,2.49100947511811,3.614784456460256,0.9815621376037598,0.94921875,0.9140625,0.8291015625,0.0859375,5.206960258198432,6.101375667574503,0.8944154093760714,,,,,,,,,,0.0859375,0.0830078125,0.08203125,0.08203125,0.0791015625,0.076171875,0.0634765625,0.052734375,0.0361328125,0.01171875,0.001953125,0.0634765625,0.1708984375,0.1669921875,0.1650390625,0.1630859375,0.15625,0.1494140625,0.1162109375,0.0986328125,0.060546875,0.0224609375,0.0078125,0.1162109375,0.1708984375,0.71875,4.230493727002791,0.6717767899942603,0.0,0.5700261416781581,0.0048953865771964,0.5692307692307692,0.0169380703568985,0.0034962929103272,0.0,53.44140625,1.0966166796805108,55.0,0.0179369768356771,0.0014183706890571,0.0113154398937276,0.0295515160733786,0.0036836602571128,0.0,0.2469148188474764,0.004076845562143,0.232704920108379,0.4579393309997818,0.005183461454751,0.4603915258782515,0.0377339218588362,0.0046660304510023,0.0,0.9246039771242068,0.0014918632697729,0.9285978376865388,0.9354205923737028,0.0021767856205904,0.9427026212215424,0.9145576336886734,0.0011020329138225,0.916122168302536,0.903043793915278,0.0072885356079263,0.9398907103825136,0.9541356580448336,0.0015545854595297,0.9599968194961548,10.0420025314548,0.4705934643422088,11.690729141235352,0.843212890625,0.0058454749078597,0.85,0.8122395833333333,0.006899053513358,0.8000000000000002,0.0241536458333333,0.0055457521910443,0.0,0.6966145833333333,0.0102311089305368,0.6666666666666666,0.1118489583333333,0.0093799889032275,0.0666666666666666,,,,,,,,,,,,,,,,0.1398723191879264,0.0093681211434669,0.0916530551018367,0.0836727019686966,0.0094213413497788,0.0264901953140228,0.0662352986614791,0.0092666390939202,0.0083857810906789,0.7530851811525235,0.004076845562143,0.7672950798916209,0.4890967552971045,0.0049484165937209,0.4876001117526541,0.6018820311484765,0.0045675199574207,0.6037735849056604,3.519571790658201,0.7335673825358598,0.0,499327.1587244381,216461.0,9.819209174862948,10.674640889582747,2.2286071423001905,0.5236907023343014,0.2648279438773219,,,,,,,
SemStamp,lsh,fixed_diverse,best-of-n,semspan-spacy-max15-win5,,,semspan,spacy,15.0,5.0,64.0,attack,direct,split_midpoint-ratio=0.2,other,split_midpoint-ratio=0.2,,,,,,,,,,1024,3,c4-val-def-256|c4-val-def-256b|c4-val-def-512,1.885618083164127,2.49100947511811,3.614784456460256,0.9899587631225586,0.9775390625,0.947265625,0.91015625,0.052734375,6.063575597227432,6.101375667574503,0.0378000703470707,,,,,,,,,,,,,,,,,,,,,,,,,,,,,,,,,,,,3.474735218737318,0.6080848881479675,0.0,1.0,0.0,1.0,0.0,0.0,0.0,93.74609375,1.7579324291472709,100.0,0.0,0.0,0.0,0.0724449453021315,0.0040449269712668,0.0666666666666666,0.0,0.0,0.0,0.0,0.0,0.0,0.129937350185622,0.0058749997485025,0.125,,,,,,,,,,0.917582561729932,0.0068114837882934,0.9517543859649122,,,,,,,,,,,,,,,,,,,,,,,,,,,,,,,,,,,,,,,,,,,,,,1.0,0.0,1.0,1.0,0.0,1.0,1.0,0.0,1.0,3.4362916598474422,0.7073133519701857,0.0,,0.0,,,,,0.9670756375904144,,,,,,,
SemStamp,lsh,fixed_diverse,best-of-n,semspan-spacy-max15-win5,,,semspan,spacy,15.0,5.0,64.0,attack,direct,split_midpoint-ratio=0.5,other,split_midpoint-ratio=0.5,,,,,,,,,,1024,3,c4-val-def-256|c4-val-def-256b|c4-val-def-512,1.885618083164127,2.49100947511811,3.614784456460256,0.9895710945129396,0.97265625,0.951171875,0.9111328125,0.048828125,6.036684745191741,6.101375667574503,0.0646909223827617,,,,,,,,,,,,,,,,,,,,,,,,,,,,,,,,,,,,3.338692625390584,0.596337451701362,0.0,1.0,0.0,1.0,0.0,0.0,0.0,93.74609375,1.7579324291472709,100.0,0.0,0.0,0.0,0.1610910781565804,0.004976540395926,0.1666666666666667,0.0,0.0,0.0,0.0,0.0,0.0,0.2708219526022255,0.0067052410148623,0.2857142857142857,,,,,,,,,,0.9201198730810484,0.0067370551400208,0.9542331699551758,,,,,,,,,,,,,,,,,,,,,,,,,,,,,,,,,,,,,,,,,,,,,,1.0,0.0,1.0,1.0,0.0,1.0,1.0,0.0,1.0,3.2814367930243264,0.6853947582251525,0.0,,0.0,,,,,0.9206999221224323,,,,,,,
SemStamp,lsh,fixed_diverse,best-of-n,semspan-spacy-max15-win5,,,semspan,spacy,15.0,5.0,64.0,attack,direct,split_midpoint-ratio=1.0,other,split_midpoint-ratio=1.0,,,,,,,,,,1024,3,c4-val-def-256|c4-val-def-256b|c4-val-def-512,1.885618083164127,2.49100947511811,3.614784456460256,0.9872269630432128,0.9658203125,0.947265625,0.8974609375,0.052734375,5.975621837742919,6.101375667574503,0.1257538298315844,,,,,,,,,,,,,,,,,,,,,,,,,,,,,,,,,,,,3.2881609985845657,0.6043329393687232,0.0,1.0,0.0,1.0,0.0,0.0,0.0,93.74609375,1.7579324291472709,100.0,0.0,0.0,0.0,0.2820197054865127,0.0050178295031446,0.2903225806451612,0.0,0.0,0.0,0.0,0.0,0.0,0.4348137245613696,0.0058158015059316,0.45,,,,,,,,,,0.9233747370780184,0.0067454215947079,0.9577389324224768,,,,,,,,,,,,,,,,,,,,,,,,,,,,,,,,,,,,,,,,,,,,,,1.0,0.0,1.0,1.0,0.0,1.0,1.0,0.0,1.0,3.5784018727204963,0.7165410522368557,0.0,,0.0,,,,,0.8410159909367283,,,,,,,
SemStamp,lsh,fixed_diverse,best-of-n,semspan-spacy-max15-win5,,,semspan,spacy,15.0,5.0,64.0,attack,direct,synonym_substitution-ratio=0.1,other,synonym_substitution-ratio=0.1,,,,,,,,,,1024,3,c4-val-def-256|c4-val-def-256b|c4-val-def-512,1.885618083164127,2.49100947511811,3.614784456460256,0.9878535270690918,0.966796875,0.9384765625,0.8837890625,0.0615234375,5.695019823566517,6.101375667574503,0.4063558440079862,,,,,,,,,,,,,,,,,,,,,,,,,,,,,,,,,,,,2.6554839226656117,0.4882903774229856,0.0,0.9318579559751738,0.0018273085931947,0.9333333333333332,0.0013001952161244,0.0006421699540538,0.0,87.283203125,1.635075268703694,93.0,0.0002012567963973,9.378364288675088e-05,0.0,0.0014570200895588,0.0005037921865945,0.0,0.0411589540904102,0.0009887900378112,0.0406504065040649,0.1141110510062103,0.0024631975390912,0.112588028169014,0.0014981290423768,0.0007285083175757,0.0,,,,,,,,,,0.9253639436602268,0.0061463422851673,0.9559471365638766,,,,,,,,,,,,,,,,,,,,,,,,,,,,,,,,,,,,,,,,,,,,,,0.9588410459095896,0.0009887900378112,0.9593495934959352,0.9201672082186768,0.0018257833631619,0.9212542087542088,0.9585860429688552,0.000993720627003,0.9591836734693876,2.508101826627331,0.589587556043098,0.0,,0.0,,,,,0.8660291152795538,,,,,,,
SemStamp,lsh,fixed_diverse,best-of-n,semspan-spacy-max15-win5,,,semspan,spacy,15.0,5.0,64.0,attack,direct,synonym_substitution-ratio=0.25,other,synonym_substitution-ratio=0.25,,,,,,,,,,1024,3,c4-val-def-256|c4-val-def-256b|c4-val-def-512,1.885618083164127,2.49100947511811,3.614784456460256,0.982440948486328,0.94921875,0.916015625,0.8251953125,0.083984375,5.108413596897507,6.101375667574503,0.9929620706769966,,,,,,,,,,,,,,,,,,,,,,,,,,,,,,,,,,,,2.078162274400891,0.4087784691269214,0.0,0.8339854673839391,0.002828007409129,0.8333333333333334,0.0028877248414085,0.0009884554603867,0.0,77.951171875,1.4501638153676075,83.0,0.0015170320275757,0.0002793315608962,0.0,0.0033671249212442,0.0008422932728721,0.0,0.1015147763011637,0.0015377896796326,0.1008403361344537,0.2604034508048706,0.0032428546943532,0.2603305785123967,0.0035383985525065,0.0012251232309272,0.0,,,,,,,,,,0.9317871987256796,0.0057466034301407,0.9592666334826614,,,,,,,,,,,,,,,,,,,,,,,,,,,,,,,,,,,,,,,,,,,,,,0.8984852236988362,0.0015377896796326,0.8991596638655462,0.8060913950381035,0.0027456987681024,0.8072655734499865,0.8969155495176222,0.0015552428222644,0.8980857299871772,1.9739172573016996,0.5224608429431996,0.0,,0.0,,,,,0.6883810422053218,,,,,,,
SemStamp,lsh,fixed_diverse,best-of-n,semspan-spacy-max15-win5,,,semspan,spacy,15.0,5.0,64.0,attack,direct,synonym_substitution-ratio=0.5,other,synonym_substitution-ratio=0.5,,,,,,,,,,1024,3,c4-val-def-256|c4-val-def-256b|c4-val-def-512,1.885618083164127,2.49100947511811,3.614784456460256,0.9659490585327148,0.90234375,0.8310546875,0.6337890625,0.1689453125,4.170731359728622,6.101375667574503,1.9306443078458817,,,,,,,,,,,,,,,,,,,,,,,,,,,,,,,,,,,,1.900858369243045,0.3759909391567634,0.0,0.6771086932781238,0.0038279273596913,0.672566371681416,0.0079510768715188,0.0016896527063546,0.0,63.0498046875,1.1758245509337892,67.0,0.0066449661080337,0.0007622711289222,0.0,0.0081647475764113,0.0013874001068425,0.0,0.1971872877768423,0.0021631985187262,0.1958973280033663,0.4647962941133683,0.0035614468915894,0.4656862745098039,0.0075756922818562,0.0018889733993776,0.0,,,,,,,,,,0.929922373608195,0.0055714939191074,0.955960989665586,,,,,,,,,,,,,,,,,,,,,,,,,,,,,,,,,,,,,,,,,,,,,,0.8028127122231576,0.0021631985187262,0.8041026719966338,0.6342857543607466,0.0035857054988604,0.6340374564459932,0.7977482255219975,0.0022082310574282,0.7990050544705074,1.681773440964818,0.4880975627547343,0.0,,0.0,,,,,0.4411734384433191,,,,,,,
SemStamp,lsh,fixed_diverse,best-of-n,semspan-spacy-max15-win5,,,semspan,spacy,15.0,5.0,64.0,attack,direct,synonym_substitution-ratio=0.75,other,synonym_substitution-ratio=0.75,,,,,,,,,,1024,3,c4-val-def-256|c4-val-def-256b|c4-val-def-512,1.885618083164127,2.49100947511811,3.614784456460256,0.9275860786437988,0.8017578125,0.654296875,0.408203125,0.345703125,3.2523140337653462,6.101375667574503,2.849061633809157,,,,,,,,,,,,,,,,,,,,,,,,,,,,,,,,,,,,2.6142096998231388,0.4425879896606596,0.3976158856636944,0.5289112708594296,0.0043197573300649,0.5245901639344263,0.0133827281867687,0.0023168743665577,0.0,48.9755859375,0.916132282391169,51.0,0.0161614050647993,0.0012881255356385,0.0094126919523744,0.0148802888018404,0.0021081224446503,0.0,0.2886079452074627,0.0025731555088321,0.2870905587668594,0.6331262703351828,0.0034212275625294,0.6368945868945869,0.0145591457810609,0.0028891882495476,0.0,,,,,,,,,,0.9154444432530195,0.0059572752116567,0.9422382671480144,,,,,,,,,,,,,,,,,,,,,,,,,,,,,,,,,,,,,,,,,,,,,,0.7113920547925372,0.0025731555088321,0.7129094412331405,0.4838922409288289,0.003868201033571,0.4851607653656122,0.7016859333352287,0.0026149169848749,0.7032328215531684,1.9364659994686535,0.5161815983304558,0.0,,0.0,,,,,0.2545108790801389,,,,,,,
SemStamp,lsh,fixed_diverse,best-of-n,semspan-spacy-max15-win5,,,semspan,spacy,15.0,5.0,64.0,attack,direct,synonym_substitution-ratio=1.0,other,synonym_substitution-ratio=1.0,,,,,,,,,,1024,3,c4-val-def-256|c4-val-def-256b|c4-val-def-512,1.885618083164127,2.49100947511811,3.614784456460256,0.8536596298217773,0.609375,0.4521484375,0.2138671875,0.5478515625,2.36592954312785,6.101375667574503,3.7354461244466535,,,,,,,,,,,,,,,,,,,,,,,,,,,,,,,,,,,,4.493002879648051,0.6496512750924932,0.8529133629155452,0.3873324136550231,0.0046345126762216,0.379746835443038,0.0209786925589883,0.0029412745686816,0.0,35.5947265625,0.6909930375997928,37.0,0.0350828531774828,0.0022226463101545,0.0288354937745181,0.0237135998424764,0.0026367427718646,0.0,0.3757562866861678,0.0029882112919632,0.374476840907101,0.7750781689948835,0.0032829228509616,0.7800523560209425,0.0234203652977535,0.0036621757112125,0.0,,,,,,,,,,0.8883811350374935,0.0070753716815331,0.920267626922735,,,,,,,,,,,,,,,,,,,,,,,,,,,,,,,,,,,,,,,,,,,,,,0.6242437133138323,0.0029882112919632,0.625523159092899,0.3543168721051475,0.0040026453457449,0.3528308133760071,0.6090342800246802,0.0030196347219652,0.6110638297872342,3.711367645770097,0.7407597550760308,0.0,,0.0,,,,,0.116162118426531,,,,,,,
SemStamp,lsh,fixed_diverse,best-of-n,semspan-spacy-max15-win5,,,semspan,spacy,15.0,5.0,64.0,watermark,direct,none,none,none,,,,,,,,,,1024,3,c4-val-def-256|c4-val-def-256b|c4-val-def-512,1.885618083164127,2.49100947511811,3.614784456460256,0.990736961364746,0.978515625,0.94921875,0.90625,0.05078125,6.101375667574503,6.101375667574503,0.0,64.0,64.0,64.0,21459.0,13310.0,1.6122464312546958,103.18377160030052,103.18377160030052,103.18377160030052,,,,,,,,,,,,,,,,,,,,,,,,,,,3.605921255850343,0.6232894995325042,0.0,,,,,,,,,,,,,,,,,,,,,,,,,,,,,,,,,,0.9155430316441868,0.0068926138406153,0.9512651868091716,,,,6.623651725554321,0.1721272568961588,6.88067102432251,,,,,,,,,,,,,,,,0.7862955729166666,0.0149002154496842,0.8833333333333333,0.7761067708333333,0.016778158896462,0.9333333333333332,0.873828125,0.0119096130040213,0.9333333333333332,0.723828125,0.0168944606138001,0.8000000000000002,0.7714192708333334,0.0189997470501432,0.9333333333333332,0.1172760678762418,0.0074282037226103,0.0821162046908315,0.0660432535084406,0.0071660378046367,0.0244701781399029,0.0481990887846166,0.0068460182352645,0.0073529411764705,,,,,,,,,,3.749103330395729,0.7492750899389,0.0,504957.73879654566,267082.0,10.391642949039998,11.182569100085203,3.2679506212431644,0.6742707660781913,,,,,,,,
SemStamp,lsh,fixed_diverse,best-of-n,semspan-spacy-max15-win5,,,semspan,spacy,15.0,5.0,,human,direct,none,none,none,,,,,,,,,,1024,1,c4-human-def,1.885618083164127,2.49100947511811,3.614784456460256,,,,,,0.0843959624094164,,,,,,,,,,,,,,,,,,,,,,,,,,,,,,,,,,,,,,,,,,,,,,,,,,,,,,,,,,,,,,,,,,,,,,,,,,,,,,,,,,,,,,,,,,,,,,,,,,,,,,,,,,,,,,,,,,,,,,,,,,,,,,,,,,,,,,,,,,,,,0.09375,0.0498046875,0.009765625,1.354935454931739,1.8676552157200577,2.49100947511811,3.586357671556476
SemStamp,lsh,fixed_diverse,best-of-n,sentence-nltk,,,sentence,nltk,,,64.0,attack,direct,adaptive-Qwen2.5-3B-Instruct-standard-K1-min-bag=min-surr=bge,adaptive,K1-min-bag=min-bge,1.0,bge,bag,Qwen2.5-3B-Instruct,sentence-nltk,min,min,,,1024,3,c4-val-def-256|c4-val-def-256b|c4-val-def-512,1.5666989036012806,2.263009527424072,3.2863353450309964,0.9639148712158204,0.9052734375,0.8388671875,0.6376953125,0.1611328125,4.375297915612254,5.952526750015017,1.5772288344027627,,,,,,,,,,0.1611328125,0.1611328125,0.16015625,0.1591796875,0.1572265625,0.1533203125,0.146484375,0.140625,0.126953125,0.099609375,0.0615234375,0.146484375,0.3623046875,0.3623046875,0.3603515625,0.3583984375,0.35546875,0.349609375,0.333984375,0.3212890625,0.2890625,0.2314453125,0.125,0.333984375,0.3623046875,0.927734375,4.852760334218283,0.9880439763664473,0.0,0.5784341755292407,0.0080271125982727,0.5740740740740741,0.1227057683601356,0.0086005489769154,0.0909090909090909,50.232421875,1.2899854083706055,51.0,0.0411884085556077,0.0032823913546347,0.0271148747790709,0.1077901237662339,0.0076980813982901,0.0817363530778165,0.2865551576653619,0.0060009823881509,0.2794746020253114,0.5258750937005434,0.0078446418536644,0.5333333333333333,0.0736085290817381,0.007799021898314,0.0,0.9377980430726892,0.0015259220827748,0.9406474530696868,0.94177369622048,0.0013759800859006,0.94463849067688,0.9340082265553064,0.0017834666878396,0.9371792376041412,0.9128785061882037,0.0102912265356527,0.965174129353234,0.9690558363799936,0.0012739068396746,0.9737756848335266,7.937414008534467,0.3364713300429526,9.467117309570312,0.9409342447916668,0.0047270125088776,0.9666666666666668,0.9595703125,0.0044979351894903,1.0,0.0109375,0.0035013895476165,0.0,0.9279296875,0.0073338335951397,1.0,0.1128255208333333,0.0097560081877375,0.0,,,,,,,,,,,,,,,,0.1264289610969281,0.0108175681406924,0.0715565796210957,0.080233196078804,0.0108061612019241,0.020066889632107,0.0645022630785889,0.010607327317771,0.0046296296296296,0.7134448423346382,0.0060009823881509,0.7205253979746886,0.4667238603474335,0.0082553096395075,0.4562859430734512,0.6058514641382058,0.0075976934305186,0.6089570445238304,5.708179724712458,1.153934450218747,0.0,514615.4879989624,248416.0,10.162232939420548,10.882884921692147,2.4183553142791947,0.9099960409917358,0.3174572156567566,,,,,,,
SemStamp,lsh,fixed_diverse,best-of-n,sentence-nltk,,,sentence,nltk,,,64.0,attack,direct,adaptive-Qwen2.5-3B-Instruct-standard-K16-min-bag=min-surr=bge,adaptive,K16-min-bag=min-bge,16.0,bge,bag,Qwen2.5-3B-Instruct,sentence-nltk,min,min,,,1024,3,c4-val-def-256|c4-val-def-256b|c4-val-def-512,1.5666989036012806,2.263009527424072,3.2863353450309964,0.880119800567627,0.6591796875,0.4921875,0.2470703125,0.5078125,2.42660184024337,5.952526750015017,3.525924909771647,,,,,,,,,,0.50390625,0.5029296875,0.4912109375,0.4775390625,0.462890625,0.435546875,0.380859375,0.318359375,0.2412109375,0.1337890625,0.0546875,0.380859375,0.7470703125,0.7451171875,0.732421875,0.716796875,0.69140625,0.6552734375,0.580078125,0.48828125,0.3603515625,0.1943359375,0.080078125,0.580078125,0.7529296875,0.7568359375,2.4929740045097173,0.7247945417067813,0.0,0.4312599991930718,0.0081698301943149,0.419753086419753,0.2227073416274388,0.0112866025109099,0.2,36.8623046875,0.9911167602329268,36.5,0.0944013769997791,0.0054731728454531,0.0766847163416765,0.2158468006697172,0.0109701045819145,0.1910112359550562,0.4211160880395627,0.0074127969497408,0.4059011891090492,0.6977143165070703,0.007107438586109,0.7057189542483661,0.1610984758745952,0.0114552298891334,0.125,0.903912057983689,0.0020122586637868,0.9090524017810822,0.9098493821802548,0.0019520705652307,0.91470867395401,0.8984810031251982,0.0023374974060841,0.9040825963020324,0.9433433456718384,0.0075962803016602,0.972972972972973,0.9408535116817802,0.0025737099869479,0.9506461024284364,10.39939752138317,0.3781734120667659,11.66193962097168,0.86240234375,0.0068016651210703,0.8833333333333333,0.8992838541666667,0.007333398506039,0.9333333333333332,0.0310546874999999,0.0063275768953513,0.0,0.8368489583333334,0.0107753399198745,0.8666666666666667,0.25546875,0.0120317061207994,0.2666666666666666,,,,,,,,,,,,,,,,0.0904002953326265,0.0078678997756864,0.05847635957125,0.04678379374226,0.0076828360518764,0.0136520361569285,0.0341192129945963,0.0075158015820727,0.0,0.5788839119604372,0.0074127969497408,0.5940988108909508,0.2870141107204979,0.0070062875586461,0.2779617365710081,0.414539560035892,0.0074177757939139,0.4093647316538883,2.7204491536975555,0.8270906874107053,0.0,534304.9036331177,228165.0,10.195786852296736,10.931656302418116,2.4437194963645013,0.6432747789036625,0.1540371475026231,,,,,,,
SemStamp,lsh,fixed_diverse,best-of-n,sentence-nltk,,,sentence,nltk,,,64.0,attack,direct,adaptive-Qwen2.5-3B-Instruct-standard-K16-min-surr=bge,adaptive,K16-min-positional-bge,16.0,bge,positional,Qwen2.5-3B-Instruct,sentence-nltk,min,,,,1024,3,c4-val-def-256|c4-val-def-256b|c4-val-def-512,1.5666989036012806,2.263009527424072,3.2863353450309964,0.9312787055969238,0.8203125,0.701171875,0.4384765625,0.298828125,3.2705998234841864,5.952526750015017,2.6819269265308305,,,,,,,,,,0.2978515625,0.296875,0.2939453125,0.291015625,0.283203125,0.275390625,0.244140625,0.2265625,0.1923828125,0.12890625,0.0625,0.244140625,0.560546875,0.55859375,0.5556640625,0.5498046875,0.5380859375,0.51953125,0.4658203125,0.4189453125,0.3486328125,0.2255859375,0.109375,0.4658203125,0.5615234375,0.826171875,3.307834864894743,0.7949357657298699,0.0,0.485984919963195,0.0079933983076851,0.4776119402985074,0.1749853801790167,0.0104151098328693,0.1538461538461538,42.1435546875,1.131627421565519,43.0,0.0810768164297065,0.0056408278653787,0.057290899846685,0.163710070970271,0.0098946096477224,0.1346153846153847,0.3677564562557396,0.0066194389597733,0.3548802561960456,0.6276724088437741,0.007159863294912,0.6267172167707404,0.115005050532406,0.0100962202318247,0.0833333333333333,0.916756055841688,0.0016976335683612,0.9200618863105774,0.9216147781116888,0.0016291527868679,0.925590306520462,0.9122213586815632,0.0019753429229658,0.9158685207366944,0.9326856139226412,0.008474978661606,0.9714962762356129,0.9509868883760646,0.0018226265367386,0.9579519927501678,9.495001558587322,0.3621595227610733,11.019903182983398,0.895361328125,0.0059843065894598,0.9166666666666666,0.9219401041666668,0.0060264555886919,0.9333333333333332,0.0219401041666666,0.004657977364549,0.0,0.8778645833333334,0.0090262553101151,0.9333333333333332,0.1964192708333333,0.0119150042639543,0.1333333333333333,,,,,,,,,,,,,,,,0.1048251355649056,0.0090448979264738,0.0613890459142013,0.0604290704110954,0.0087833954015244,0.0168729122380807,0.0456977647549493,0.008524476078814,0.0039840637450199,0.6322435437442604,0.0066194389597733,0.6451197438039544,0.3560215292569923,0.0070987351751325,0.3533264834318007,0.4883847517785618,0.0072695103979326,0.4887192536047497,3.635172349654224,0.9274187395393308,0.0,529231.4970550537,235134.0,10.189171757349012,10.906280072645734,2.406997337983144,0.61107017925105,0.213470796776918,,,,,,,
SemStamp,lsh,fixed_diverse,best-of-n,sentence-nltk,,,sentence,nltk,,,64.0,attack,direct,adaptive-Qwen2.5-3B-Instruct-standard-K2-min-bag=min-surr=bge,adaptive,K2-min-bag=min-bge,2.0,bge,bag,Qwen2.5-3B-Instruct,sentence-nltk,min,min,,,1024,3,c4-val-def-256|c4-val-def-256b|c4-val-def-512,1.5666989036012806,2.263009527424072,3.2863353450309964,0.9507741928100586,0.8671875,0.7568359375,0.5185546875,0.2431640625,3.6492578669629534,5.952526750015017,2.3032688830520622,,,,,,,,,,0.2431640625,0.2431640625,0.2412109375,0.240234375,0.23828125,0.236328125,0.2265625,0.21484375,0.1806640625,0.123046875,0.0654296875,0.2265625,0.4814453125,0.48046875,0.4775390625,0.4765625,0.4697265625,0.4609375,0.443359375,0.4140625,0.34765625,0.23828125,0.123046875,0.443359375,0.4814453125,0.9140625,3.6742958883652914,0.8640357203094156,0.0,0.5270107288703693,0.0080007506732781,0.5166666666666667,0.1679560140551751,0.0100153172318458,0.1428571428571428,45.5908203125,1.1948849376486983,46.0,0.0525334600082291,0.0034151488077637,0.0387746999557418,0.1473465120943467,0.0090547965743514,0.12,0.3297904057310056,0.0061411825246466,0.3221012308019721,0.5936305247387778,0.0072792285121701,0.5984227521112767,0.0990015163040553,0.0089639122555239,0.0,0.927246095787268,0.0016194903160179,0.9304087162017822,0.9321276808041148,0.0015280058419223,0.9347800314426422,0.922653722576797,0.0018871664411292,0.9264416694641112,0.9263638994094062,0.0091125364907983,0.9694654511550812,0.9624251154018566,0.0013591122320339,0.9666879773139954,8.792840499335279,0.3303901528554108,10.139841079711914,0.923779296875,0.0050463319251704,0.9499999999999998,0.9506510416666668,0.00474624247785,1.0,0.0153645833333333,0.0039840888511636,0.0,0.9111328125,0.007938400411372,1.0,0.1513020833333333,0.0102536385663262,0.1333333333333333,,,,,,,,,,,,,,,,0.1126694148889516,0.0095904832842608,0.0677083333333333,0.0664427047030763,0.0094791917554318,0.0187090902726732,0.0509829362660089,0.0092666549303367,0.0042017548505551,0.6702095942689945,0.0061411825246466,0.6778987691980278,0.3977818162037241,0.007618007610889,0.3882938234014789,0.5427528554714673,0.0073644844959867,0.5433526011560694,3.763024671592256,0.979903169045541,0.0,518414.6018486023,238468.0,10.21348643574511,10.934915576563911,2.456785240775271,0.894711936280688,0.2456226365982774,,,,,,,
SemStamp,lsh,fixed_diverse,best-of-n,sentence-nltk,,,sentence,nltk,,,64.0,attack,direct,adaptive-Qwen2.5-3B-Instruct-standard-K32-min-bag=min-surr=bge,adaptive,K32-min-bag=min-bge,32.0,bge,bag,Qwen2.5-3B-Instruct,sentence-nltk,min,min,,,1024,3,c4-val-def-256|c4-val-def-256b|c4-val-def-512,1.5666989036012806,2.263009527424072,3.2863353450309964,0.8416643142700195,0.5712890625,0.400390625,0.1865234375,0.599609375,2.033271296017936,5.952526750015017,3.919255453997081,,,,,,,,,,0.59375,0.5810546875,0.5712890625,0.552734375,0.5166015625,0.4814453125,0.3916015625,0.3212890625,0.2197265625,0.11328125,0.0400390625,0.3916015625,0.8046875,0.7880859375,0.775390625,0.7529296875,0.70703125,0.6611328125,0.5380859375,0.4326171875,0.298828125,0.150390625,0.052734375,0.5380859375,0.8134765625,0.6650390625,2.1274614759897146,0.6518913261051045,0.0,0.4099011229094261,0.0081161804852432,0.3981481481481481,0.2122783346434407,0.0111104973125825,0.2,34.78125,0.9456225299785476,34.0,0.1097628448133157,0.0059661241726234,0.0905310734463276,0.2152113913276324,0.0103736916775567,0.1923076923076923,0.4459324795355511,0.0074878868768922,0.4273359551380088,0.7237426043971987,0.0066629808633478,0.7257350842135313,0.1679295354945863,0.0113531144606883,0.125,0.8969952898332849,0.0021065983051279,0.9021092355251312,0.902475188835524,0.0021145742575145,0.9079437851905824,0.8920996249071322,0.002407398885165,0.8972190916538239,0.947452346936598,0.0069300633023995,0.9742268041237112,0.931433595949784,0.0035614278413335,0.9430620074272156,10.792995702290758,0.4927395450098364,12.175616264343262,0.8371907552083334,0.0072486760107582,0.85,0.8782552083333335,0.0084966562240087,0.9333333333333332,0.037109375,0.0064981463083391,0.0,0.8050781250000001,0.0115176200721989,0.8666666666666667,0.2974609375,0.0121904764147333,0.3333333333333333,,,,,,,,,,,,,,,,0.0859549676768825,0.0073285220053066,0.0559223385310341,0.0426894132013269,0.0070109497201007,0.013675253635046,0.029966188131121,0.0068064024063851,0.0,0.5540675204644488,0.0074878868768922,0.5726640448619911,0.2607489854451524,0.0065621112605149,0.2526130867999268,0.3829165392829655,0.0071485103790188,0.3766253260033398,2.1131555686278523,0.7322466216550741,0.0,545366.9816207886,229252.0,10.1937844122502,10.93482991293926,2.445623741711864,0.5295390478784288,0.1343631267726913,,,,,,,
SemStamp,lsh,fixed_diverse,best-of-n,sentence-nltk,,,sentence,nltk,,,64.0,attack,direct,adaptive-Qwen2.5-3B-Instruct-standard-K4-min-bag=min-surr=bge,adaptive,K4-min-bag=min-bge,4.0,bge,bag,Qwen2.5-3B-Instruct,sentence-nltk,min,min,,,1024,3,c4-val-def-256|c4-val-def-256b|c4-val-def-512,1.5666989036012806,2.263009527424072,3.2863353450309964,0.9258303642272948,0.7919921875,0.658203125,0.396484375,0.341796875,3.0991413877395253,5.952526750015017,2.853385362275492,,,,,,,,,,0.341796875,0.33984375,0.3388671875,0.3369140625,0.330078125,0.3154296875,0.2890625,0.2626953125,0.2099609375,0.1298828125,0.052734375,0.2890625,0.6025390625,0.6005859375,0.599609375,0.595703125,0.5830078125,0.5595703125,0.5126953125,0.46484375,0.3720703125,0.236328125,0.1025390625,0.5126953125,0.603515625,0.8505859375,2.636216051621391,0.7260542596564588,0.0,0.4850545131614494,0.0081361251841274,0.4772727272727273,0.1785388085059821,0.0098054323927967,0.1666666666666666,41.8544921875,1.1139809907954017,41.0,0.0638424499572012,0.0040772949242932,0.0483033034109594,0.164768728088228,0.0086916255204157,0.1428571428571429,0.3665999282172361,0.0066299018105447,0.3529411764705882,0.6376300127893391,0.0071979745507834,0.6424995619634051,0.1207699212430884,0.0093126972902142,0.1,0.9188712097238748,0.0016651523412392,0.9213162660598756,0.9245173191302456,0.0015000220743134,0.9271445572376252,0.9135184490587562,0.0019871273449377,0.9175523221492768,0.9394109035759608,0.0077326266235296,0.97,0.954683116695378,0.0016460962429073,0.9603712558746338,9.548422572120744,0.3241689533749027,10.6276535987854,0.9010904947916668,0.0057123809057945,0.9166666666666666,0.9325520833333334,0.0055682045610621,1.0,0.0216145833333333,0.005279811509576,0.0,0.8880208333333334,0.0087186004675181,0.9333333333333332,0.1945963541666666,0.0109446647798748,0.1999999999999999,,,,,,,,,,,,,,,,0.0987434875109822,0.0082862823382261,0.0638297872340425,0.0534332874337013,0.0080827115460267,0.0154880701081046,0.0388649645465788,0.0078273912609727,0.0038022813688213,0.6334000717827639,0.0066299018105447,0.6470588235294117,0.3507834154278336,0.0074373518234706,0.343750541760331,0.4931896391854908,0.0074384217750527,0.4913749861846748,2.7173480314424943,0.8094280614600405,0.0,517459.21284103394,229332.0,10.214098950800013,10.939938086883032,2.471505954561951,0.7896890572708177,0.202381591351471,,,,,,,
SemStamp,lsh,fixed_diverse,best-of-n,sentence-nltk,,,sentence,nltk,,,64.0,attack,direct,adaptive-Qwen2.5-3B-Instruct-standard-K4-min-surr=bge,adaptive,K4-min-positional-bge,4.0,bge,positional,Qwen2.5-3B-Instruct,sentence-nltk,min,,,,1024,3,c4-val-def-256|c4-val-def-256b|c4-val-def-512,1.5666989036012806,2.263009527424072,3.2863353450309964,0.954979419708252,0.87890625,0.775390625,0.55078125,0.224609375,3.891487625121224,5.952526750015017,2.061039124893793,,,,,,,,,,0.224609375,0.224609375,0.22265625,0.2216796875,0.220703125,0.2158203125,0.20703125,0.1943359375,0.1728515625,0.1259765625,0.0693359375,0.20703125,0.44921875,0.44921875,0.447265625,0.4423828125,0.439453125,0.42578125,0.4091796875,0.380859375,0.330078125,0.2431640625,0.126953125,0.4091796875,0.44921875,0.908203125,4.350972848249648,0.9226025042863588,0.0,0.5280214034882714,0.0083278568821046,0.525,0.1506924294266501,0.0090739687063398,0.1333333333333333,46.01171875,1.239619692691993,47.0,0.0561537685694337,0.0044867519772992,0.0372442417534095,0.1347761447273961,0.0074976330331735,0.1188035457831922,0.3302494535423416,0.0064559481694798,0.3226498764118626,0.5864290294921761,0.0076709972166136,0.5912179222329339,0.095518823959211,0.0080161993488611,0.0,0.9266357922460884,0.0016206618336823,0.930066615343094,0.9314156438340432,0.0015291474787517,0.9349350035190582,0.9221206851652824,0.0018852812667661,0.9259667098522186,0.9199458501631712,0.0098033190049712,0.9692307692307692,0.9598783804685808,0.0015212623572418,0.9647653102874756,8.519539815770562,0.3419037453530811,10.21884298324585,0.9243326822916668,0.0052056692039013,0.95,0.94609375,0.0052114905318238,1.0,0.0136067708333333,0.0038351919798879,0.0,0.9106119791666668,0.0080817884682999,1.0,0.1457682291666666,0.0106902690842624,0.0666666666666666,,,,,,,,,,,,,,,,0.1167223538079984,0.0102576023225746,0.064570989686197,0.071849800135024,0.0101167232139284,0.0174444258478767,0.0567856818263987,0.0098593598043536,0.0040568118231789,0.6697505464576584,0.0064559481694798,0.6773501235881374,0.4045283045341497,0.0079126714018017,0.3974488735461832,0.5445715487769955,0.0075947120972544,0.5510185185185185,4.748780527182346,1.0663183944281964,0.0,516005.10539245605,240858.0,10.147804639160064,10.85888768047156,2.3946093931810437,0.8173812527475993,0.2601923903242069,,,,,,,
SemStamp,lsh,fixed_diverse,best-of-n,sentence-nltk,,,sentence,nltk,,,64.0,attack,direct,adaptive-Qwen2.5-3B-Instruct-standard-K64-min-bag=min-surr=bge,adaptive,K64-min-bag=min-bge,64.0,bge,bag,Qwen2.5-3B-Instruct,sentence-nltk,min,min,,,1024,3,c4-val-def-256|c4-val-def-256b|c4-val-def-512,1.5666989036012806,2.263009527424072,3.2863353450309964,0.8105378150939941,0.4912109375,0.33984375,0.1572265625,0.66015625,1.8399865896719665,5.952526750015017,4.11254016034305,,,,,,,,,,0.6474609375,0.62109375,0.6123046875,0.583984375,0.537109375,0.486328125,0.3955078125,0.310546875,0.1943359375,0.103515625,0.0390625,0.3955078125,0.8291015625,0.8017578125,0.791015625,0.7568359375,0.701171875,0.6396484375,0.5078125,0.3984375,0.2451171875,0.1279296875,0.046875,0.5078125,0.8427734375,0.5986328125,2.544301152127793,0.7251436237932459,0.0,0.3819052685631482,0.0082147565278579,0.3766233766233766,0.220791476411964,0.0119273491136728,0.2,32.4111328125,0.8979150266031826,32.0,0.1266568337107075,0.0065808203498243,0.1056675255609285,0.2265880152661617,0.0110696589543495,0.1999999999999999,0.4721904271775534,0.0080064989385911,0.4509970501474927,0.7488621150829802,0.0068061621241128,0.7552334238416396,0.1803674297921851,0.0116290914194833,0.1428571428571428,0.8902700819307938,0.0022416385016374,0.8960806131362915,0.8953385587665252,0.0023650549515368,0.9032431542873384,0.8858504832605831,0.0024723512982613,0.8916697800159454,0.9433503353789188,0.007570417951382,0.9736842105263158,0.920700610789936,0.0041449152815115,0.9382745921611786,10.718418426763744,0.4140133136924767,12.329191207885742,0.8123372395833333,0.0078368989868103,0.8333333333333334,0.8511067708333335,0.0094593908719652,0.8666666666666667,0.0411458333333333,0.0069444322619147,0.0,0.7717447916666667,0.0126195024548265,0.8000000000000002,0.3323567708333333,0.0130739469802662,0.3333333333333333,,,,,,,,,,,,,,,,0.0894414266823768,0.0078720284590715,0.0571973827699018,0.0455381940224449,0.0076480137871934,0.0131796074344276,0.0330471561576859,0.0074875751603716,0.0,0.5278095728224466,0.0080064989385911,0.5490029498525073,0.2357847776828583,0.0066114968846533,0.2273713040893207,0.3522886916659095,0.0072367165861542,0.347180092634638,2.5157973785676786,0.8103375455402799,0.0,558104.0617103577,235292.0,10.15888221913995,10.92591443136246,2.3982314435083563,0.4866625611158743,0.1235326110872557,,,,,,,
SemStamp,lsh,fixed_diverse,best-of-n,sentence-nltk,,,sentence,nltk,,,64.0,attack,direct,adaptive-Qwen2.5-3B-Instruct-standard-K64-min-surr=bge,adaptive,K64-min-positional-bge,64.0,bge,positional,Qwen2.5-3B-Instruct,sentence-nltk,min,,,,1024,3,c4-val-def-256|c4-val-def-256b|c4-val-def-512,1.5666989036012806,2.263009527424072,3.2863353450309964,0.9093027114868164,0.7578125,0.6015625,0.3564453125,0.3984375,2.916058473101696,5.952526750015017,3.036468276913321,,,,,,,,,,0.390625,0.3876953125,0.3818359375,0.3701171875,0.3564453125,0.3447265625,0.3154296875,0.27734375,0.2138671875,0.1298828125,0.0546875,0.3154296875,0.6357421875,0.6328125,0.6240234375,0.609375,0.5888671875,0.5673828125,0.515625,0.4521484375,0.3291015625,0.1953125,0.0810546875,0.515625,0.6435546875,0.7724609375,2.917917713390138,0.7091373310987403,0.0,0.4582422018828904,0.0081737227160147,0.45,0.1686564839599801,0.0103633005972863,0.1428571428571428,39.9375,1.099387758778588,40.0,0.0963531294960512,0.0060606469635767,0.0677419354838709,0.1646682499864714,0.0096135442549776,0.1428571428571429,0.3993930177338015,0.0073132834610775,0.3844373219373219,0.6613509609145332,0.0073075080455835,0.658585561759232,0.1186806832534634,0.009686764139436,0.0909090909090909,0.9072670851601288,0.0020490604367537,0.91277414560318,0.9105939729488456,0.0021866389352376,0.9175251722335817,0.9044247945421376,0.0022037098620599,0.9098702371120452,0.9346241380982144,0.007845547277042,0.9726025340779438,0.943188105506124,0.002335795872541,0.9513453543186188,9.880742659340076,0.4750057729696609,11.566533088684082,0.868701171875,0.0068002220668635,0.8833333333333334,0.9046875,0.0068651711923075,0.9333333333333332,0.0341796875,0.0069795105515863,0.0,0.8522135416666667,0.0102729480722354,0.9333333333333332,0.2479166666666666,0.0132823505353786,0.2,,,,,,,,,,,,,,,,0.1044134091961976,0.0086454591104366,0.0618181818181817,0.0583595722381221,0.0082020321032831,0.0166320885200553,0.0430809299070345,0.0078672053330043,0.0041152263374485,0.6006069822661985,0.0073132834610775,0.6155626780626781,0.3253765470431097,0.0070201528446189,0.3195018365472911,0.4461698278554115,0.0074863299337514,0.4460121886592474,3.0181541167802424,0.8123794307922902,0.0,563999.9507408142,246225.0,10.21383044024642,10.95331626093894,2.4044480765606253,0.4513732947529854,0.1910229534784678,,,,,,,
SemStamp,lsh,fixed_diverse,best-of-n,sentence-nltk,,,sentence,nltk,,,64.0,attack,direct,adaptive-Qwen2.5-3B-Instruct-standard-K8-min-bag=min-surr=bge,adaptive,K8-min-bag=min-bge,8.0,bge,bag,Qwen2.5-3B-Instruct,sentence-nltk,min,min,,,1024,3,c4-val-def-256|c4-val-def-256b|c4-val-def-512,1.5666989036012806,2.263009527424072,3.2863353450309964,0.8984527587890625,0.708984375,0.5654296875,0.3271484375,0.4345703125,2.778418745181859,5.952526750015017,3.1741080048331574,,,,,,,,,,0.431640625,0.4296875,0.4267578125,0.421875,0.40625,0.3857421875,0.3564453125,0.3193359375,0.2373046875,0.142578125,0.0615234375,0.3564453125,0.669921875,0.66796875,0.6630859375,0.6572265625,0.6376953125,0.6064453125,0.552734375,0.4931640625,0.3701171875,0.232421875,0.099609375,0.552734375,0.6728515625,0.822265625,2.4397798662241623,0.6968389776917515,0.0,0.4585582885293943,0.0082218077300513,0.4489795918367347,0.2056297017293822,0.0111022747392282,0.1818181818181818,39.2822265625,1.0515543004114416,39.0,0.0814574884727676,0.0050310678596462,0.0624512099921936,0.1987122315491255,0.010373642760509,0.1743119266055045,0.3943008846900498,0.0068357727433161,0.3783783783783783,0.6694532818853405,0.0069514447725374,0.6761634199134199,0.1484230243257525,0.0111057627736846,0.1111111111111111,0.9099533525295556,0.0019026840319874,0.9139668345451356,0.9156870597507804,0.001923903114108,0.9204530715942384,0.9047718338551932,0.0021855996890447,0.9091879427433014,0.9432298622243154,0.0074241807733978,0.97176454956152,0.9488461762666702,0.0018952031408918,0.9559783339500428,10.021175735019838,0.3720814441627815,11.15609073638916,0.8868001302083334,0.0061888834602991,0.9,0.9232421875,0.0060675814942774,0.9333333333333332,0.0239583333333333,0.0057527578107293,0.0,0.8675130208333334,0.0098383279601454,0.9333333333333332,0.2195963541666666,0.0114980746438248,0.2,,,,,,,,,,,,,,,,0.0922204391597733,0.0079404133287112,0.0598684469652211,0.0482844260888125,0.0077291954877338,0.0143371017471736,0.0348385953242868,0.0075176711117233,0.0035335689045936,0.6056991153099501,0.0068357727433161,0.6216216216216217,0.3147922727708996,0.0071035818859964,0.3048602536760579,0.4486767364794654,0.0072603003300521,0.4467581181009538,2.518806145198732,0.8313890098097748,0.0,519827.48614501953,225551.0,10.194607257779031,10.91700898524338,2.476367751312081,0.7590236304248905,0.1696024975476851,,,,,,,
SemStamp,lsh,fixed_diverse,best-of-n,sentence-nltk,,,sentence,nltk,,,64.0,attack,direct,controlled_reorder-ratio=0.1,other,controlled_reorder-ratio=0.1,,,,,,,,,,1024,3,c4-val-def-256|c4-val-def-256b|c4-val-def-512,1.5666989036012806,2.263009527424072,3.2863353450309964,0.9923872947692872,0.982421875,0.9638671875,0.9111328125,0.0361328125,5.951511627370618,5.952526750015017,0.0010151226443989,,,,,,,,,,,,,,,,,,,,,,,,,,,,,,,,,,,,6.943214353231904,1.0152350070373064,0.0,1.0,0.0,1.0,5.200748907842729e-05,0.0001020549827645,0.0,88.2841796875,2.0737334655495867,98.0,0.0996977897328786,0.0052570094267884,0.0882566931380474,2.647113322921349e-05,5.194410503628248e-05,0.0,0.0,0.0,0.0,0.0137401559980304,0.0008437091033877,0.0092807924203273,0.0,0.0,0.0,,,,,,,,,,0.8823661132143154,0.0108286075492838,0.9507792941936526,,,,,,,,,,,,,,,,,,,,,,,,,,,,,,,,,,,,,,,,,,,,,,1.0,0.0,1.0,0.9888353738189968,0.0005968582719435,0.9914893617021276,0.915962546938033,0.0036380904701257,0.928260581635163,8.296969166626795,1.2470829576952482,0.0,,0.0,,,,,0.984919842718964,,,,,,,
SemStamp,lsh,fixed_diverse,best-of-n,sentence-nltk,,,sentence,nltk,,,64.0,attack,direct,controlled_reorder-ratio=0.25,other,controlled_reorder-ratio=0.25,,,,,,,,,,1024,3,c4-val-def-256|c4-val-def-256b|c4-val-def-512,1.5666989036012806,2.263009527424072,3.2863353450309964,0.9924240112304688,0.982421875,0.96484375,0.9111328125,0.03515625,5.950585489931179,5.952526750015017,0.0019412600838376,,,,,,,,,,,,,,,,,,,,,,,,,,,,,,,,,,,,6.882447445999652,1.012240298859111,0.0,1.0,0.0,1.0,0.0001418870984088,0.0001972825196492,0.0,88.2841796875,2.0737334655495867,98.0,0.2413589242508544,0.0091921159939459,0.2394641519287509,7.295079198892217e-05,0.0001014509930756,0.0,0.0,0.0,0.0,0.0192110416646443,0.0009156093496465,0.015037688442211,0.0,0.0,0.0,,,,,,,,,,0.882570067835567,0.0108203918270327,0.951173665871997,,,,,,,,,,,,,,,,,,,,,,,,,,,,,,,,,,,,,,,,,,,,,,1.0,0.0,1.0,0.9837813449718376,0.0007714187062578,0.986842105263158,0.8380496265333581,0.0045238403015475,0.8423156718799872,8.282517329581083,1.2462556347203313,0.0,,0.0,,,,,0.9777710152771064,,,,,,,
SemStamp,lsh,fixed_diverse,best-of-n,sentence-nltk,,,sentence,nltk,,,64.0,attack,direct,controlled_reorder-ratio=0.5,other,controlled_reorder-ratio=0.5,,,,,,,,,,1024,3,c4-val-def-256|c4-val-def-256b|c4-val-def-512,1.5666989036012806,2.263009527424072,3.2863353450309964,0.9919695854187012,0.982421875,0.96484375,0.9111328125,0.03515625,5.9476033876616485,5.952526750015017,0.0049233623533678,,,,,,,,,,,,,,,,,,,,,,,,,,,,,,,,,,,,6.8371598916169125,1.006100815899024,0.0,1.0,0.0,1.0,0.0014791121263453,0.0019894544226325,0.0,88.2841796875,2.0737334655495867,98.0,0.434589071826168,0.0120566464714149,0.4615567335344912,0.0012367566962453,0.0019359321819112,0.0,0.0,0.0,0.0,0.0259786248417055,0.0009123355371809,0.0227272727272727,0.0,0.0,0.0,,,,,,,,,,0.8826191260347265,0.0108095755274931,0.9512734729117204,,,,,,,,,,,,,,,,,,,,,,,,,,,,,,,,,,,,,,,,,,,,,,1.0,0.0,1.0,0.977457705997346,0.0007416503912801,0.9794238683127572,0.708657915505859,0.0060405143095321,0.7041666666666667,8.264939858436984,1.2456412539403918,0.0,,0.0,,,,,0.9661957339254716,,,,,,,
SemStamp,lsh,fixed_diverse,best-of-n,sentence-nltk,,,sentence,nltk,,,64.0,attack,direct,controlled_reorder-ratio=0.75,other,controlled_reorder-ratio=0.75,,,,,,,,,,1024,3,c4-val-def-256|c4-val-def-256b|c4-val-def-512,1.5666989036012806,2.263009527424072,3.2863353450309964,0.9916796684265136,0.9814453125,0.962890625,0.9111328125,0.037109375,5.943387300930885,5.952526750015017,0.0091394490841325,,,,,,,,,,,,,,,,,,,,,,,,,,,,,,,,,,,,6.895223725596735,1.0097532168781995,0.0,1.0,0.0,1.0,0.0018084928905087,0.0020909289138206,0.0,88.2841796875,2.0737334655495867,98.0,0.6571351326944632,0.0137707957633369,0.7131347576552973,0.0014326430821415,0.001973260541528,0.0,0.0,0.0,0.0,0.0386213517147174,0.0011215640615946,0.0351758793969849,0.0,0.0,0.0,,,,,,,,,,0.8825798783311998,0.0108099730306193,0.9513274336283186,,,,,,,,,,,,,,,,,,,,,,,,,,,,,,,,,,,,,,,,,,,,,,1.0,0.0,1.0,0.9656293027538476,0.0010481813899746,0.9678709677419356,0.5378459329873292,0.0076663718820258,0.5220913586673608,8.26082132211305,1.2447701458428837,0.0,,0.0,,,,,0.9475194207503884,,,,,,,
SemStamp,lsh,fixed_diverse,best-of-n,sentence-nltk,,,sentence,nltk,,,64.0,attack,direct,controlled_reorder-ratio=1.0,other,controlled_reorder-ratio=1.0,,,,,,,,,,1024,3,c4-val-def-256|c4-val-def-256b|c4-val-def-512,1.5666989036012806,2.263009527424072,3.2863353450309964,0.991647720336914,0.98046875,0.9638671875,0.9111328125,0.0361328125,5.939876371724031,5.952526750015017,0.0126503782909864,,,,,,,,,,,,,,,,,,,,,,,,,,,,,,,,,,,,7.21902436464404,1.0564784607217967,0.0,1.0,0.0,1.0,0.003282371218454,0.0022483047009785,0.0,88.2841796875,2.0737334655495867,98.0,1.0,0.0,1.0,0.0022130456953637,0.0020215603670762,0.0,0.0,0.0,0.0,0.0610134544645657,0.0017065360701288,0.0554159687325516,0.0,0.0,0.0,,,,,,,,,,0.8812944311665762,0.0109691317223348,0.9515091274421786,,,,,,,,,,,,,,,,,,,,,,,,,,,,,,,,,,,,,,,,,,,,,,1.0,0.0,1.0,0.9456181541692475,0.0015639285496196,0.9495798319327732,0.3305062875302786,0.0087426615501413,0.2786259541984733,8.242302421912983,1.2453399713685542,0.0,,0.0,,,,,0.9148560872330648,,,,,,,
SemStamp,lsh,fixed_diverse,best-of-n,sentence-nltk,,,sentence,nltk,,,64.0,attack,direct,dipper-lex20-order20,dipper,lex20-order20,,,,,,,,20.0,20.0,1024,3,c4-val-def-256|c4-val-def-256b|c4-val-def-512,1.5666989036012806,2.263009527424072,3.2863353450309964,0.9755640029907228,0.9384765625,0.9033203125,0.7646484375,0.0966796875,4.781761205345983,5.952526750015017,1.1707655446690337,,,,,,,,,,0.0966796875,0.095703125,0.0947265625,0.09375,0.08984375,0.0869140625,0.0810546875,0.0732421875,0.0537109375,0.03515625,0.015625,0.0810546875,0.234375,0.232421875,0.23046875,0.2294921875,0.2236328125,0.216796875,0.197265625,0.1728515625,0.142578125,0.087890625,0.041015625,0.197265625,0.2353515625,0.8310546875,5.897006872595228,0.9331913575618752,0.4065309360126917,0.6613882158132055,0.007333835089115,0.6666666666666666,0.0801123282192995,0.0075133829214043,0.0,58.083984375,1.4548192566762232,62.0,0.050900338856368,0.0052384160909645,0.0323741007194244,0.0665365811528558,0.0067897980336498,0.0399999999999999,0.2068822375349064,0.0053654243629652,0.1938775510204081,0.3723610488738197,0.0072100122098256,0.3665794066317626,0.0420855272507112,0.0068197600672598,0.0,0.945083746977616,0.0016064675265708,0.9505282342433928,0.9502814331790432,0.0017768703155411,0.9560905396938324,0.9401559443213046,0.0016043151930851,0.9452602863311768,0.8827669708175967,0.0100987139719429,0.9393397813288478,0.9676038479083218,0.0018406888814134,0.9751282334327698,7.50107629348776,0.6663025983514763,8.262480735778809,0.8946940104166666,0.0061507809758152,0.9166666666666666,0.8919921875000001,0.0073704452374033,0.9333333333333332,0.0125651041666666,0.0033443308434173,0.0,0.8313802083333334,0.0105887330076682,0.8666666666666667,0.13203125,0.0105798488810528,0.0666666666666666,,,,,,,,,,,,,,,,0.1523884041229362,0.0105875094867468,0.0952380952380952,0.0963103966021833,0.0104988767145395,0.0310680783036226,0.0757197845001983,0.0101043124779796,0.0116505293638584,0.7931177624650936,0.0053654243629652,0.806122448979592,0.598671427210318,0.0070751103611247,0.605799887255219,0.6678192511034794,0.0062903208167571,0.6746999612853272,6.425132011372361,1.1186176695640988,0.0,483955.73680496216,240171.0,10.024895769584726,10.859149433116771,2.422160433252627,0.9918234469398404,0.4295627719534994,,,,,,,
SemStamp,lsh,fixed_diverse,best-of-n,sentence-nltk,,,sentence,nltk,,,64.0,attack,direct,dipper-lex20-order40,dipper,lex20-order40,,,,,,,,20.0,40.0,1024,3,c4-val-def-256|c4-val-def-256b|c4-val-def-512,1.5666989036012806,2.263009527424072,3.2863353450309964,0.9716215133666992,0.935546875,0.884765625,0.77734375,0.115234375,4.659115916598836,5.952526750015017,1.2934108334161805,,,,,,,,,,0.1142578125,0.11328125,0.1123046875,0.1103515625,0.1044921875,0.09765625,0.087890625,0.0791015625,0.06640625,0.0400390625,0.021484375,0.087890625,0.2216796875,0.2197265625,0.2177734375,0.2099609375,0.203125,0.19140625,0.17578125,0.15625,0.12890625,0.080078125,0.04296875,0.17578125,0.22265625,0.802734375,5.79042152155049,0.9097306552491068,0.0,0.6593414346979771,0.0076203720108336,0.6639344262295082,0.0847279198603677,0.0079488389793851,0.0,57.91015625,1.4522005311984905,61.0,0.118515701536872,0.0084887963434927,0.087857847976308,0.0654766556345875,0.0063655607033227,0.0399999999999999,0.2066550495287251,0.0053106406587292,0.1939141501793358,0.3781969908351957,0.0068375488151367,0.3725952645209027,0.0347551868987628,0.0051543279344349,0.0,0.9421203944366424,0.0013699490575451,0.945852279663086,0.9476326575968416,0.0013945475770241,0.9515344798564912,0.93680119299097,0.0014795220415675,0.940759003162384,0.8833551782653064,0.0099363011219429,0.9408380865957998,0.9619984132004902,0.002195917358093,0.970165491104126,7.752767514499176,0.309329438813025,8.525627136230469,0.8873372395833333,0.0065224139736961,0.9166666666666666,0.8888671875,0.0077636088806736,0.9333333333333332,0.0134114583333333,0.0043655246583425,0.0,0.8243489583333334,0.0108691211563576,0.8666666666666667,0.1504557291666666,0.0106903287790648,0.0666666666666666,,,,,,,,,,,,,,,,0.1527561973951668,0.0105800860546708,0.0933592736705577,0.0968019670547593,0.0104699872457718,0.0305732980214987,0.0761409422418012,0.0100574776764155,0.0118112066961171,0.7933449504712748,0.0053106406587292,0.8060858498206642,0.5948973969856148,0.0069785915600475,0.598845324197437,0.5902480837180055,0.0062967528766666,0.58548115672468,6.256328397365624,1.1018784196000142,0.0,494616.33390045166,241506.0,10.02709753755786,10.859094154149425,2.4394158400647354,0.9873174028768736,0.4251949664072115,,,,,,,
SemStamp,lsh,fixed_diverse,best-of-n,sentence-nltk,,,sentence,nltk,,,64.0,attack,direct,dipper-lex20-order80,dipper,lex20-order80,,,,,,,,20.0,80.0,1024,3,c4-val-def-256|c4-val-def-256b|c4-val-def-512,1.5666989036012806,2.263009527424072,3.2863353450309964,0.9685268402099608,0.9189453125,0.8701171875,0.7333984375,0.1298828125,4.614903852712866,5.952526750015017,1.3376228973021511,,,,,,,,,,0.1259765625,0.1240234375,0.1240234375,0.1201171875,0.1142578125,0.107421875,0.09375,0.0751953125,0.0537109375,0.03125,0.015625,0.09375,0.2626953125,0.2607421875,0.259765625,0.2548828125,0.2470703125,0.2333984375,0.2060546875,0.1640625,0.115234375,0.0654296875,0.029296875,0.2060546875,0.2666015625,0.7626953125,5.930036106872242,0.9234076736609432,0.4347826086956521,0.6078696549660856,0.0074206068751676,0.6103896103896104,0.0877259889900836,0.0083454274988086,0.0588235294117647,53.4736328125,1.3573849925668158,57.0,0.2145369457473674,0.011699969013711,0.1542159763313609,0.0767163705100154,0.0077565425431318,0.0476190476190476,0.238451508731956,0.0057218791660808,0.2241076233183856,0.4517622205926705,0.0073339099037217,0.4494897433254303,0.0501355277090184,0.0069415712820771,0.0,0.9311093230498956,0.0014411986537762,0.9351771473884584,0.9364023533998987,0.0014894949442191,0.9407621324062349,0.9260375360609032,0.0015491993051202,0.9296133518218994,0.8797569461623498,0.0101031043025952,0.9361083621969322,0.950792009010911,0.0024562262487072,0.9609745740890504,8.543386197650236,0.4172734073283077,9.48767614364624,0.8672688802083333,0.0063942568144876,0.8833333333333333,0.8711588541666668,0.0078649067684892,0.8666666666666667,0.0162109375,0.0040909955373136,0.0,0.796875,0.0110910699805351,0.8000000000000002,0.1827473958333333,0.0107017601593745,0.1333333333333333,,,,,,,,,,,,,,,,0.1574784811450522,0.0106794198265083,0.0999999999999999,0.099023966519953,0.0105792790978085,0.0347578777811335,0.0772798999678658,0.0101595311265034,0.0136520361569285,0.7615484912680439,0.0057218791660808,0.7758923766816144,0.5264700988588991,0.007328297853785,0.5326798936776154,0.459415049085806,0.0056675405872571,0.4516129032258064,6.244452494531501,1.1023022672629212,0.0,520316.5175743103,242554.0,10.006874675676883,10.85680298624671,2.3323347127514724,0.9791141514754336,0.3589406656268701,,,,,,,
SemStamp,lsh,fixed_diverse,best-of-n,sentence-nltk,,,sentence,nltk,,,64.0,attack,direct,dipper-lex40-order20,dipper,lex40-order20,,,,,,,,40.0,20.0,1024,3,c4-val-def-256|c4-val-def-256b|c4-val-def-512,1.5666989036012806,2.263009527424072,3.2863353450309964,0.965261936187744,0.9033203125,0.8486328125,0.6767578125,0.1513671875,4.365921394078184,5.952526750015017,1.5866053559368327,,,,,,,,,,0.150390625,0.1494140625,0.1474609375,0.14453125,0.1357421875,0.1298828125,0.11328125,0.1005859375,0.0791015625,0.0400390625,0.017578125,0.11328125,0.322265625,0.3203125,0.3173828125,0.3115234375,0.29296875,0.279296875,0.2294921875,0.1962890625,0.1455078125,0.076171875,0.0302734375,0.2294921875,0.3232421875,0.7451171875,5.53174296523248,0.9198431249694932,0.425531914893617,0.5508342008449808,0.007391160982856,0.5495495495495496,0.1007882077327597,0.0084245668000345,0.0714285714285714,48.1904296875,1.2128177147966774,51.0,0.05573331845799,0.0045691873642858,0.0392156862745098,0.08447915851919,0.0074628454553444,0.0526315789473683,0.2752588001191981,0.0054264232803051,0.2668079857137131,0.5067581949919717,0.0067489727750437,0.5081930715112655,0.0477569714115906,0.0063550647669472,0.0,0.9324668041663244,0.0014898128767925,0.9365404546260834,0.937899990589358,0.001580721107672,0.9424163103103638,0.9272668528719804,0.0015630356487576,0.9314534962177276,0.8837037829923536,0.0099241872448567,0.9364021571648692,0.9548563027638012,0.0023490930011145,0.9638805389404296,7.923700615785961,0.3162806373088123,8.954576015472412,0.8628255208333333,0.0064457819358943,0.8833333333333333,0.8751953125,0.0078460760694781,0.9333333333333332,0.0178385416666666,0.0046834944305044,0.0,0.7821614583333334,0.0111812419615553,0.8000000000000002,0.1882161458333333,0.0108387205139727,0.1333333333333333,,,,,,,,,,,,,,,,0.1528278120627947,0.0103866155708923,0.0981164980816184,0.0929788836168661,0.0103214401123451,0.0311288759689922,0.0715633120812304,0.0099375213152749,0.0119523809523809,0.7247411998808019,0.0054264232803051,0.7331920142862869,0.4747260563100649,0.006765595818526,0.4712708840497549,0.5914665610652275,0.0061945842404909,0.5896660779562164,5.785355008143363,1.093643184771389,0.0,503412.3182296753,243211.0,9.924398108072914,10.786461943319308,2.377791921268269,0.9863539571455072,0.3071585050299209,,,,,,,
SemStamp,lsh,fixed_diverse,best-of-n,sentence-nltk,,,sentence,nltk,,,64.0,attack,direct,dipper-lex80-order20,dipper,lex80-order20,,,,,,,,80.0,20.0,1024,3,c4-val-def-256|c4-val-def-256b|c4-val-def-512,1.5666989036012806,2.263009527424072,3.2863353450309964,0.8920269012451172,0.69921875,0.568359375,0.3544921875,0.431640625,2.826189214475684,5.952526750015017,3.1263375355393324,,,,,,,,,,0.3828125,0.3564453125,0.330078125,0.28515625,0.2265625,0.1708984375,0.1064453125,0.0517578125,0.0244140625,0.0126953125,0.0029296875,0.1064453125,0.5849609375,0.5498046875,0.51171875,0.447265625,0.3525390625,0.26171875,0.154296875,0.08203125,0.0400390625,0.0234375,0.00390625,0.154296875,0.6455078125,0.2421875,4.074480919613587,0.7515410463633788,0.3629776021080368,0.3033672299509731,0.0070207850461019,0.2954545454545454,0.156038654632982,0.0118708970867498,0.1111111111111111,26.3173828125,0.7881098340006452,26.0,0.1304246394164978,0.0077287007053698,0.1064382426084553,0.1487181503937304,0.0115975661451634,0.1055900621118012,0.4686491868277331,0.0068883353290549,0.4545454545454546,0.769375213121739,0.0061838780718166,0.777027027027027,0.0961679108404044,0.0103547102440426,0.0,0.8861721917055547,0.0019332889405553,0.8913120031356812,0.891226741950959,0.0020066997251747,0.8970722556114197,0.8814415439264849,0.0020524511051016,0.8875761032104492,0.8881413173255568,0.0085732800543554,0.9267241379310344,0.8704135243024211,0.0057408054562037,0.8970980048179626,10.628063120918,0.4870153858869193,12.188360214233398,0.6994140625,0.0088536229589278,0.7166666666666667,0.7166015625,0.0116980759865912,0.7333333333333334,0.0598958333333333,0.0086589034458695,0.0,0.5552083333333333,0.0130557967428534,0.5333333333333333,0.4142578125,0.0120581907380375,0.4000000000000001,,,,,,,,,,,,,,,,0.1476972429969226,0.0093065227162359,0.1048607631183334,0.0793350164952007,0.009018331882312,0.0306751352622912,0.0567048381443269,0.0084993613766728,0.0098522167487684,0.5313508131722668,0.0068883353290549,0.5454545454545454,0.2256544647837838,0.0059979996076454,0.2159357661118224,0.3675407436624707,0.0064122309722046,0.3648415041566312,4.882370685578536,0.9853271468080674,0.0,573542.9611568451,242667.0,9.655269168461423,10.63309583179053,2.154367147666499,0.8876614874741928,0.1140102191312331,,,,,,,
SemStamp,lsh,fixed_diverse,best-of-n,sentence-nltk,,,sentence,nltk,,,64.0,attack,direct,merge_adjacent-ratio=0.2,other,merge_adjacent-ratio=0.2,,,,,,,,,,1024,3,c4-val-def-256|c4-val-def-256b|c4-val-def-512,1.5666989036012806,2.263009527424072,3.2863353450309964,0.987889289855957,0.97265625,0.94140625,0.8876953125,0.05859375,5.34979060215634,5.952526750015017,0.6027361478586768,,,,,,,,,,,,,,,,,,,,,,,,,,,,,,,,,,,,6.725851624123916,0.9867043173052732,0.0,1.0,0.0,1.0,0.1528939994966034,0.0072714084939876,0.1428571428571428,88.2841796875,2.0737334655495867,98.0,0.0,0.0,0.0,0.086999522238487,0.0049441190541929,0.0769230769230768,0.0,0.0,0.0,0.0,0.0,0.0,0.0,0.0,0.0,,,,,,,,,,0.8842274246336135,0.0106251885126235,0.9517490250858508,,,,,,,,,,,,,,,,,,,,,,,,,,,,,,,,,,,,,,,,,,,,,,1.0,0.0,1.0,1.0,0.0,1.0,1.0,0.0,1.0,6.337507659011344,1.0721763260301571,0.0,,0.0,,,,,0.958005708488899,,,,,,,
SemStamp,lsh,fixed_diverse,best-of-n,sentence-nltk,,,sentence,nltk,,,64.0,attack,direct,merge_adjacent-ratio=0.5,other,merge_adjacent-ratio=0.5,,,,,,,,,,1024,3,c4-val-def-256|c4-val-def-256b|c4-val-def-512,1.5666989036012806,2.263009527424072,3.2863353450309964,0.9831032752990724,0.96484375,0.9326171875,0.837890625,0.0673828125,4.696076145506254,5.952526750015017,1.2564506045087636,,,,,,,,,,,,,,,,,,,,,,,,,,,,,,,,,,,,6.609398640389759,0.9728994781907542,0.0,1.0,0.0,1.0,0.3122211933657396,0.0083985244189719,0.3333333333333333,88.2841796875,2.0737334655495867,98.0,0.0,0.0,0.0,0.1918999183633996,0.0068557254829847,0.1999999999999999,0.0,0.0,0.0,0.0,0.0,0.0,0.0,0.0,0.0,,,,,,,,,,0.8850909806619757,0.0105476092364701,0.9519825327510916,,,,,,,,,,,,,,,,,,,,,,,,,,,,,,,,,,,,,,,,,,,,,,1.0,0.0,1.0,1.0,0.0,1.0,1.0,0.0,1.0,4.917173176876751,0.9643459828194572,0.0,,0.0,,,,,0.915425341294537,,,,,,,
SemStamp,lsh,fixed_diverse,best-of-n,sentence-nltk,,,sentence,nltk,,,64.0,attack,direct,merge_adjacent-ratio=1.0,other,merge_adjacent-ratio=1.0,,,,,,,,,,1024,3,c4-val-def-256|c4-val-def-256b|c4-val-def-512,1.5666989036012806,2.263009527424072,3.2863353450309964,0.9676198959350586,0.931640625,0.8974609375,0.7548828125,0.1025390625,3.927689893121429,5.952526750015017,2.024836856893588,,,,,,,,,,,,,,,,,,,,,,,,,,,,,,,,,,,,7.141413946521965,1.0490201003468116,0.0,1.0,0.0,1.0,0.4875541082572615,0.0074007944809314,0.5,88.2841796875,2.0737334655495867,98.0,0.0,0.0,0.0,0.32790095081239,0.0070170065924286,0.3333333333333333,0.0,0.0,0.0,0.0,0.0,0.0,0.0,0.0,0.0,,,,,,,,,,0.8823621731174751,0.0108817522005287,0.9516163357381516,,,,,,,,,,,,,,,,,,,,,,,,,,,,,,,,,,,,,,,,,,,,,,1.0,0.0,1.0,1.0,0.0,1.0,1.0,0.0,1.0,5.391991065045577,1.0447643667163171,0.0,,0.0,,,,,0.8718335860843152,,,,,,,
SemStamp,lsh,fixed_diverse,best-of-n,sentence-nltk,,,sentence,nltk,,,64.0,attack,direct,parrot,parrot,default,,,,,,,,,,1024,3,c4-val-def-256|c4-val-def-256b|c4-val-def-512,1.5666989036012806,2.263009527424072,3.2863353450309964,0.984483242034912,0.962890625,0.9287109375,0.8369140625,0.0712890625,5.208975748052383,5.952526750015017,0.7435510019626337,,,,,,,,,,0.0712890625,0.0712890625,0.0712890625,0.0703125,0.0693359375,0.068359375,0.064453125,0.05859375,0.0478515625,0.0322265625,0.0107421875,0.064453125,0.1630859375,0.1630859375,0.1630859375,0.16015625,0.158203125,0.1533203125,0.140625,0.1298828125,0.103515625,0.0625,0.0205078125,0.140625,0.1630859375,0.8447265625,6.806696786073426,1.0459808680670948,0.0,0.7236556304540043,0.0054524548483053,0.7251908396946565,0.008592548234339,0.00234370124965,0.0,63.8876953125,1.5895984473742206,69.0,0.0096111403464895,0.0011350492724165,0.0,0.0100215796148933,0.0021974187653124,0.0,0.1727256721503945,0.0039469342044913,0.1611620598986724,0.356177908534997,0.0063908847504213,0.3365660076081341,0.0101593982899126,0.0027226879909044,0.0,0.9218005948350764,0.0015041754466157,0.9260220527648926,0.9261605681385844,0.0015152317656482,0.9298923015594482,0.9175987734925002,0.0016077249533177,0.922261118888855,0.8840430865864825,0.0107542901020976,0.9494897433254303,0.968426203879062,0.0011657262392892,0.973843514919281,11.760838758769909,0.6678906687767303,13.451493263244627,0.8882975260416666,0.0052363530891198,0.9,0.8902343750000001,0.0061351753720882,0.9333333333333332,0.0157552083333333,0.0046063373809572,0.0,0.7634765625,0.0104384222507957,0.7999999999999999,0.084765625,0.008134651485545,0.0,,,,,,,,,,,,,,,,0.1463667519970894,0.0112541351743308,0.0775193798449612,0.0974452461476192,0.0113343729431003,0.0218184703268803,0.0808004031603947,0.0111345489710374,0.0069565427797135,0.8272743278496055,0.0039469342044913,0.8388379401013275,0.6244630859446537,0.0061766443783849,0.6419589170710862,0.7284463372114156,0.004448996071287,0.7366071428571428,8.359227658545162,1.252650696613531,0.0,584898.5642242432,237303.0,10.04561663601062,10.854070291247876,2.03625916128651,0.3295739651263228,0.344270493564755,,,,,,,
SemStamp,lsh,fixed_diverse,best-of-n,sentence-nltk,,,sentence,nltk,,,64.0,attack,direct,parrot-bigram-threshold=0.03,parrot,bigram-0.03,,,,,,,,,,1024,3,c4-val-def-256|c4-val-def-256b|c4-val-def-512,1.5666989036012806,2.263009527424072,3.2863353450309964,0.9884343147277832,0.970703125,0.94140625,0.857421875,0.05859375,5.424099853649537,5.952526750015017,0.5284268963654806,,,,,,,,,,0.05859375,0.05859375,0.05859375,0.05859375,0.0576171875,0.0576171875,0.0556640625,0.05078125,0.0390625,0.03125,0.015625,0.0556640625,0.142578125,0.142578125,0.142578125,0.142578125,0.1416015625,0.1396484375,0.1337890625,0.1240234375,0.09765625,0.0703125,0.03125,0.1337890625,0.142578125,0.9228515625,6.810205151789212,1.0408678556469246,0.0,0.761505671003505,0.0048254928198612,0.768595041322314,0.0064966861942773,0.0019279295859173,0.0,67.232421875,1.6365569930768138,73.0,0.0057666006837207,0.0006744180521665,0.0,0.006186657851593,0.0014164829324666,0.0,0.1430629889154746,0.0032397447708269,0.1336678868982683,0.3052733588723864,0.0050341640170421,0.2960174361006538,0.0052463671817341,0.0015085005377396,0.0,0.9296988407731988,0.0015035837472544,0.9345214664936066,0.9340282910852692,0.0015054987155137,0.938253492116928,0.925517632975243,0.0016052707003471,0.9307578206062316,0.8844189171445049,0.0107823053010982,0.9503197337421936,0.9746664529084228,0.0009923908709435,0.9792395532131196,11.066278716249874,0.6605464268971007,12.49720573425293,0.9139485677083332,0.0045326919868287,0.9333333333333332,0.9127604166666669,0.00599300801671,0.9333333333333332,0.0091145833333333,0.0038828528405467,0.0,0.7957031250000001,0.0099792201004392,0.8000000000000002,0.0435546874999999,0.0056901954165967,0.0,,,,,,,,,,,,,,,,0.1461050326117705,0.0112637336519401,0.077844932066084,0.0979729699475187,0.0113285683110975,0.0223051409618573,0.0815169518271611,0.011114536210383,0.0072992700729926,0.8569370110845254,0.0032397447708269,0.8663321131017316,0.679845676405126,0.0051662847858716,0.6887104835686617,0.7885267961743987,0.0039106837452614,0.7973565075621935,8.42090399507029,1.2547859223987723,0.0,569994.1369018555,237112.0,10.09348301672609,10.876088378181109,2.063134370870356,0.392192752534959,0.3676608330086269,,,,,,,
SemStamp,lsh,fixed_diverse,best-of-n,sentence-nltk,,,sentence,nltk,,,64.0,attack,direct,pegasus,pegasus,default,,,,,,,,,,1024,3,c4-val-def-256|c4-val-def-256b|c4-val-def-512,1.5666989036012806,2.263009527424072,3.2863353450309964,0.9860939979553224,0.970703125,0.9365234375,0.84765625,0.0634765625,5.326146589603811,5.952526750015017,0.6263801604112063,,,,,,,,,,0.0625,0.0615234375,0.05859375,0.0576171875,0.052734375,0.0498046875,0.0439453125,0.0361328125,0.0283203125,0.0126953125,0.0048828125,0.0439453125,0.150390625,0.1494140625,0.146484375,0.1435546875,0.1337890625,0.1240234375,0.1064453125,0.0849609375,0.064453125,0.0263671875,0.0107421875,0.1064453125,0.15234375,0.650390625,10.072813307734062,1.1800819009778616,0.5221967713787086,0.6133401589274294,0.0065972367564269,0.6159420289855072,0.0094480325027816,0.0023861607104752,0.0,54.306640625,1.3849491730883623,58.0,0.0096026604600734,0.0010931705281414,0.0006088280060882,0.0107524015898385,0.0027616003987658,0.0,0.2477828476691588,0.0066380271168732,0.2188538247917192,0.3480605312951641,0.0070641364691798,0.3303592346739554,0.0097554884409992,0.0030897802776754,0.0,0.9180146842845716,0.0024817456937242,0.9300031661987304,0.9258905632887036,0.0036316699008727,0.9460787773132324,0.911685689119622,0.0017184771241029,0.9164478480815887,0.846134656295019,0.0120042633206682,0.9301075268817204,0.9440214583883062,0.0023991416563544,0.953409343957901,6.305188031850277,0.4947515488539513,9.630959510803224,0.8284016927083333,0.0067717543531774,0.8333333333333334,0.7881510416666668,0.0075699225845769,0.8000000000000002,0.02265625,0.0052726513246371,0.0,0.6946614583333333,0.0110952550627166,0.6666666666666666,0.1465494791666666,0.0123728714611787,0.0666666666666666,,,,,,,,,,,,,,,,0.2124338947827508,0.0145650037494789,0.104602510460251,0.1617754688666734,0.015054066419754,0.0352422907488987,0.144596269117191,0.0150378989646746,0.0136055121349238,0.7522171523308412,0.0066380271168732,0.7811461752082807,0.5649606735098525,0.0073432164213026,0.5800232018561485,0.6427296294985183,0.0066707723191544,0.6571409131115193,8.864718333433581,1.2835266453299283,0.0,451025.8515815735,244940.0,9.130378934342293,9.89397768134689,2.245704606672284,0.8882025413069632,0.3820125773490244,,,,,,,
SemStamp,lsh,fixed_diverse,best-of-n,sentence-nltk,,,sentence,nltk,,,64.0,attack,direct,pegasus-bigram-threshold=0.03,pegasus,bigram-0.03,,,,,,,,,,1024,3,c4-val-def-256|c4-val-def-256b|c4-val-def-512,1.5666989036012806,2.263009527424072,3.2863353450309964,0.9855837821960448,0.96875,0.9423828125,0.8486328125,0.0576171875,5.2989388423100285,5.952526750015017,0.6535879077049885,,,,,,,,,,0.056640625,0.056640625,0.056640625,0.0546875,0.0537109375,0.0517578125,0.046875,0.0390625,0.033203125,0.01171875,0.001953125,0.046875,0.1494140625,0.1494140625,0.1494140625,0.146484375,0.142578125,0.13671875,0.1181640625,0.095703125,0.0703125,0.0302734375,0.013671875,0.1181640625,0.1513671875,0.7236328125,8.00211747209207,1.093634601048179,0.0,0.5728261018081783,0.0059321651261458,0.5769230769230769,0.0103109078382013,0.0026476352721938,0.0,50.404296875,1.2415467325766842,54.0,0.0166388035257266,0.0014979874046669,0.0085501858736059,0.0107291801534626,0.0020139968820922,0.0,0.2496830629880174,0.0048293281989615,0.2354262008689654,0.4585449441574866,0.0058611079622691,0.4538967611336032,0.00970395954624,0.0021987030847259,0.0,0.9250927136745304,0.0016482294879626,0.9306201338768004,0.9361829326371662,0.0022696413109622,0.944286286830902,0.9148563819471748,0.0014075329486017,0.9175451397895812,0.868788139730643,0.011276587463908,0.943966747538176,0.9521246830699964,0.0018428703525066,0.9589764177799224,8.482154689812203,0.4841128916773782,10.98601770401001,0.8494303385416666,0.0060759219393325,0.8500000000000001,0.8136067708333334,0.007221674761257,0.8000000000000002,0.0229166666666666,0.0057687096607718,0.0,0.7045572916666667,0.0105517123287721,0.6666666666666666,0.0975260416666666,0.0098447644374484,0.0,,,,,,,,,,,,,,,,0.1726456975617279,0.0125565522563633,0.0893237082066869,0.1214305862614024,0.0127995413857936,0.0270270270270269,0.1046098573503001,0.012661897690348,0.0085836909871244,0.7503169370119825,0.0048293281989615,0.7645737991310345,0.4918309133208256,0.00582859373719,0.4925373134328358,0.6073426973249344,0.0053382270165361,0.609734122127023,8.518606093221923,1.2676426943112142,0.0,467305.5924034119,218575.0,9.60190349222922,10.4181280399375,2.2689501381000907,0.933708929383266,0.2700351617026414,,,,,,,
SemStamp,lsh,fixed_diverse,best-of-n,sentence-nltk,,,sentence,nltk,,,64.0,attack,direct,split_midpoint-ratio=0.2,other,split_midpoint-ratio=0.2,,,,,,,,,,1024,3,c4-val-def-256|c4-val-def-256b|c4-val-def-512,1.5666989036012806,2.263009527424072,3.2863353450309964,0.9905791282653807,0.974609375,0.95703125,0.890625,0.04296875,5.757406990990718,5.952526750015017,0.1951197590242983,,,,,,,,,,,,,,,,,,,,,,,,,,,,,,,,,,,,7.077507913124859,1.0464007334197885,0.0,1.0,0.0,1.0,0.0,0.0,0.0,88.2841796875,2.0737334655495867,98.0,0.0,0.0,0.0,0.0679252871553867,0.0039556653132185,0.0625,0.0,0.0,0.0,0.0,0.0,0.0,0.1221949875952768,0.0062345332326597,0.1176470588235294,,,,,,,,,,0.8831600876190144,0.0109175280013962,0.952873679251632,,,,,,,,,,,,,,,,,,,,,,,,,,,,,,,,,,,,,,,,,,,,,,1.0,0.0,1.0,1.0,0.0,1.0,1.0,0.0,1.0,7.701367291975775,1.1971608510548335,0.0,,0.0,,,,,0.9702856906792664,,,,,,,
SemStamp,lsh,fixed_diverse,best-of-n,sentence-nltk,,,sentence,nltk,,,64.0,attack,direct,split_midpoint-ratio=0.5,other,split_midpoint-ratio=0.5,,,,,,,,,,1024,3,c4-val-def-256|c4-val-def-256b|c4-val-def-512,1.5666989036012806,2.263009527424072,3.2863353450309964,0.9877867698669434,0.9677734375,0.94140625,0.8486328125,0.05859375,5.533825713115932,5.952526750015017,0.418701036899085,,,,,,,,,,,,,,,,,,,,,,,,,,,,,,,,,,,,6.895595365777358,1.0327647229229708,0.0,1.0,0.0,1.0,0.0,0.0,0.0,88.2841796875,2.0737334655495867,98.0,0.0,0.0,0.0,0.1517593275662094,0.0051296544748136,0.1538461538461538,0.0,0.0,0.0,0.0,0.0,0.0,0.2567742212975774,0.0073064739835233,0.2709790209790209,,,,,,,,,,0.8858292205672924,0.0108583558919907,0.9545446783805476,,,,,,,,,,,,,,,,,,,,,,,,,,,,,,,,,,,,,,,,,,,,,,1.0,0.0,1.0,1.0,0.0,1.0,1.0,0.0,1.0,7.392493304946141,1.1704659249006804,0.0,,0.0,,,,,0.9274536239087394,,,,,,,
SemStamp,lsh,fixed_diverse,best-of-n,sentence-nltk,,,sentence,nltk,,,64.0,attack,direct,split_midpoint-ratio=1.0,other,split_midpoint-ratio=1.0,,,,,,,,,,1024,3,c4-val-def-256|c4-val-def-256b|c4-val-def-512,1.5666989036012806,2.263009527424072,3.2863353450309964,0.9829893112182616,0.9521484375,0.90625,0.8115234375,0.09375,5.281638204589026,5.952526750015017,0.670888545425991,,,,,,,,,,,,,,,,,,,,,,,,,,,,,,,,,,,,6.960035061792761,1.0498847958178157,0.0,1.0,0.0,1.0,0.0,0.0,0.0,88.2841796875,2.0737334655495867,98.0,0.0,0.0,0.0,0.2708474841848947,0.0062144613853949,0.282051282051282,0.0,0.0,0.0,0.0,0.0,0.0,0.4177097370487242,0.0073790795022366,0.44,,,,,,,,,,0.8884999186503743,0.0109438982872416,0.9587419956229228,,,,,,,,,,,,,,,,,,,,,,,,,,,,,,,,,,,,,,,,,,,,,,1.0,0.0,1.0,1.0,0.0,1.0,1.0,0.0,1.0,7.947385579085742,1.2096480045928557,0.0,,0.0,,,,,0.8517900954643909,,,,,,,
SemStamp,lsh,fixed_diverse,best-of-n,sentence-nltk,,,sentence,nltk,,,64.0,attack,direct,synonym_substitution-ratio=0.1,other,synonym_substitution-ratio=0.1,,,,,,,,,,1024,3,c4-val-def-256|c4-val-def-256b|c4-val-def-512,1.5666989036012806,2.263009527424072,3.2863353450309964,0.9892044067382812,0.974609375,0.94921875,0.875,0.05078125,5.587452885278595,5.952526750015017,0.3650738647364211,,,,,,,,,,,,,,,,,,,,,,,,,,,,,,,,,,,,5.879406457510372,0.9118061565435418,0.0,0.9318706537862284,0.002098964960767,0.9333333333333332,0.0014733413819382,0.0007606916772917,0.0,82.0888671875,1.9198202328080392,91.0,0.0002836886167993,0.0001342967818289,0.0,0.0013071507537771,0.00050901119514,0.0,0.0417293055284763,0.0011676827639406,0.0404332340748526,0.1180661960358154,0.00321138686254,0.1132113322782694,0.0010305080895071,0.0006074342663398,0.0,,,,,,,,,,0.8924313103007084,0.0101704941652787,0.9566002197457228,,,,,,,,,,,,,,,,,,,,,,,,,,,,,,,,,,,,,,,,,,,,,,0.9582706944715236,0.0011676827639406,0.9595667659251472,0.918894985175796,0.0021718965812818,0.9203913590200984,0.9579828643011707,0.0011744496539248,0.9591617292078122,6.184038633111223,1.0624695981196888,0.0,,0.0,,,,,0.8682180943743343,,,,,,,
SemStamp,lsh,fixed_diverse,best-of-n,sentence-nltk,,,sentence,nltk,,,64.0,attack,direct,synonym_substitution-ratio=0.25,other,synonym_substitution-ratio=0.25,,,,,,,,,,1024,3,c4-val-def-256|c4-val-def-256b|c4-val-def-512,1.5666989036012806,2.263009527424072,3.2863353450309964,0.9808225631713868,0.9521484375,0.9091796875,0.8076171875,0.0908203125,5.0535759136710645,5.952526750015017,0.8989508363439527,,,,,,,,,,,,,,,,,,,,,,,,,,,,,,,,,,,,4.915689579784043,0.8204564252898489,0.0,0.8361098797044673,0.0030702355159853,0.8349514563106796,0.0040838844718603,0.001195602587961,0.0,73.3994140625,1.7020040215432315,81.0,0.0015537681618284,0.0003113055229302,0.0,0.0055259331544175,0.0021940275088569,0.0,0.1017859049397853,0.0017432468801182,0.1011449218579948,0.2622424844357536,0.0039059901745699,0.2593764650726676,0.0055770199495806,0.0024513767065134,0.0,,,,,,,,,,0.9004502146537078,0.0096788742830394,0.9592666334826614,,,,,,,,,,,,,,,,,,,,,,,,,,,,,,,,,,,,,,,,,,,,,,0.8982140950602147,0.0017432468801182,0.8988550781420052,0.8057105003865257,0.0030681712202729,0.8054082991669496,0.896713857884297,0.0017591485840607,0.8971578016230144,5.170182284570441,0.9822721345638504,0.0,,0.0,,,,,0.6946304039606508,,,,,,,
SemStamp,lsh,fixed_diverse,best-of-n,sentence-nltk,,,sentence,nltk,,,64.0,attack,direct,synonym_substitution-ratio=0.5,other,synonym_substitution-ratio=0.5,,,,,,,,,,1024,3,c4-val-def-256|c4-val-def-256b|c4-val-def-512,1.5666989036012806,2.263009527424072,3.2863353450309964,0.961489200592041,0.8916015625,0.7978515625,0.625,0.2021484375,4.082289838942043,5.952526750015017,1.8702369110729733,,,,,,,,,,,,,,,,,,,,,,,,,,,,,,,,,,,,4.499413867906386,0.7747214682973209,0.0,0.6823372519646606,0.0042096887836561,0.6771653543307087,0.0068781757732709,0.0018125159244957,0.0,59.6142578125,1.376017127904322,64.0,0.0063622963946327,0.0007192125348054,0.0,0.0105188185834759,0.0026049650213806,0.0,0.1979889408691291,0.0025342051706096,0.1950718685831621,0.4628790312840211,0.0040275462790894,0.4625859442546008,0.0118909672182166,0.0031650868887715,0.0,,,,,,,,,,0.9002779955824265,0.0094389877158808,0.9543436721931636,,,,,,,,,,,,,,,,,,,,,,,,,,,,,,,,,,,,,,,,,,,,,,0.8020110591308709,0.0025342051706096,0.8049281314168378,0.6337701780752145,0.0040290124511955,0.6359267379797577,0.7971889559908993,0.0025570727466174,0.7999999999999999,4.746301146722896,0.944498115871017,0.0,,0.0,,,,,0.452734133436907,,,,,,,
SemStamp,lsh,fixed_diverse,best-of-n,sentence-nltk,,,sentence,nltk,,,64.0,attack,direct,synonym_substitution-ratio=0.75,other,synonym_substitution-ratio=0.75,,,,,,,,,,1024,3,c4-val-def-256|c4-val-def-256b|c4-val-def-512,1.5666989036012806,2.263009527424072,3.2863353450309964,0.9200820922851562,0.75390625,0.623046875,0.4111328125,0.376953125,3.167657816262049,5.952526750015017,2.784868933752968,,,,,,,,,,,,,,,,,,,,,,,,,,,,,,,,,,,,5.4267968353906175,0.837054107031793,0.3944788521988111,0.5388239484551842,0.0048501848401618,0.5307692307692308,0.0120281503148778,0.0027042380536665,0.0,46.67578125,1.0757568198898433,50.0,0.0156885043673267,0.0012798107764079,0.0066050198150594,0.016534648441737,0.0030887480475748,0.0,0.288754410445487,0.0031084682695221,0.2857142857142857,0.6258946507782658,0.0039778089221241,0.6296296296296297,0.0178177461581425,0.0037270866874879,0.0,,,,,,,,,,0.8866583008307226,0.0096902708347561,0.9430749645574747,,,,,,,,,,,,,,,,,,,,,,,,,,,,,,,,,,,,,,,,,,,,,,0.7112455895545131,0.0031084682695221,0.7142857142857143,0.4852583051830285,0.0044509913163275,0.4849054454317612,0.7020475559670762,0.0031287160849853,0.7055411255411256,5.151350277841512,0.9810434122476346,0.0,,0.0,,,,,0.2710503837457974,,,,,,,
SemStamp,lsh,fixed_diverse,best-of-n,sentence-nltk,,,sentence,nltk,,,64.0,attack,direct,synonym_substitution-ratio=1.0,other,synonym_substitution-ratio=1.0,,,,,,,,,,1024,3,c4-val-def-256|c4-val-def-256b|c4-val-def-512,1.5666989036012806,2.263009527424072,3.2863353450309964,0.8523478507995605,0.5732421875,0.4306640625,0.2412109375,0.5693359375,2.344484914499532,5.952526750015017,3.608041835515485,,,,,,,,,,,,,,,,,,,,,,,,,,,,,,,,,,,,8.000033151949093,1.063144459047824,0.8584323477940499,0.3994518733518055,0.0053614488829681,0.3868613138686131,0.0213808453606156,0.0035873711881593,0.0,34.078125,0.7920362668154308,35.0,0.032371514646432,0.0021885385715355,0.0244988864142538,0.0245639805782547,0.0034728868763165,0.0,0.376053841908018,0.0036189950359442,0.3722439864494029,0.7661011088327908,0.0038098360565252,0.7716535433070866,0.0234399725312578,0.0040651868873883,0.0,,,,,,,,,,0.8585627154355138,0.010774265598941,0.9226445739360868,,,,,,,,,,,,,,,,,,,,,,,,,,,,,,,,,,,,,,,,,,,,,,0.623946158091982,0.0036189950359442,0.6277560135505971,0.3564107045398238,0.0046502480978377,0.3547786085352236,0.6100217710157623,0.0036264166134273,0.6114194029698214,8.263289911065094,1.24206056408891,0.0,,0.0,,,,,0.1363504826614011,,,,,,,
SemStamp,lsh,fixed_diverse,best-of-n,sentence-nltk,,,sentence,nltk,,,64.0,watermark,direct,none,none,none,,,,,,,,,,1024,3,c4-val-def-256|c4-val-def-256b|c4-val-def-512,1.5666989036012806,2.263009527424072,3.2863353450309964,0.992422580718994,0.982421875,0.96484375,0.9111328125,0.03515625,5.952526750015017,5.952526750015017,0.0,64.0,64.0,64.0,15718.0,15666.0,1.0,64.0,64.0,64.0,,,,,,,,,,,,,,,,,,,,,,,,,,,7.266115231395698,1.0623930325078186,0.0,,,,,,,,,,,,,,,,,,,,,,,,,,,,,,,,,,0.8810011247440379,0.0109912181876083,0.9509333679025148,,,,5.912360981473064,0.2095784346469662,6.455807685852051,,,,,,,,,,,,,,,,0.7554687499999999,0.0175670552141043,0.8833333333333334,0.7486979166666667,0.0193282951778692,0.9333333333333332,0.8410807291666667,0.0150019401259851,1.0,0.6787109375,0.0197686982146185,0.8,0.7533854166666667,0.0205442561116616,1.0,0.1530643188314383,0.0113629547235525,0.0838416335031799,0.1056804477714971,0.0114710220743761,0.026360931969687,0.0884226001323145,0.0112740403583217,0.0099009900990099,,,,,,,,,,8.298979971412837,1.2472288986215547,0.0,472182.24504852295,265712.0,10.264289054868753,11.035423722631217,2.4412723450880303,0.1999606337768674,,,,,,,,
SemStamp,lsh,fixed_diverse,best-of-n,sentence-nltk,,,sentence,nltk,,,,human,direct,none,none,none,,,,,,,,,,1024,1,c4-human-def,1.5666989036012806,2.263009527424072,3.2863353450309964,,,,,,-0.1336945497532508,,,,,,,,,,,,,,,,,,,,,,,,,,,,,,,,,,,,,,,,,,,,,,,,,,,,,,,,,,,,,,,,,,,,,,,,,,,,,,,,,,,,,,,,,,,,,,,,,,,,,,,,,,,,,,,,,,,,,,,,,,,,,,,,,,,,,,,,,,,,,0.095703125,0.048828125,0.009765625,1.2230716573431106,1.5666989036012806,2.263009527424072,3.2863353450309964
k-SemStamp,kmeans,context,best-of-n,sentence-nltk,,,sentence,nltk,,,64.0,attack,direct,adaptive-Qwen2.5-3B-Instruct-standard-K1-min-surr=bge,adaptive,K1-min-positional-bge,1.0,bge,positional,Qwen2.5-3B-Instruct,sentence-nltk,min,,,,1024,3,c4-val-def-256|c4-val-def-256b|c4-val-def-512,1.1547005383792517,1.7614096918559583,2.840187787218772,0.938697338104248,0.861328125,0.802734375,0.6181640625,0.1962890625,3.690520985132729,5.950402992407336,2.259882007274607,,,,,,,,,,0.1962890625,0.1953125,0.1953125,0.19140625,0.189453125,0.185546875,0.171875,0.154296875,0.12890625,0.1015625,0.0576171875,0.171875,0.380859375,0.3798828125,0.37890625,0.373046875,0.369140625,0.3642578125,0.341796875,0.314453125,0.26953125,0.2041015625,0.107421875,0.341796875,0.380859375,0.9287109375,4.722660951545302,0.9251976433033224,0.0,0.5661442167646954,0.008305934897654,0.5688073394495413,0.1144177351850717,0.0077829191169121,0.0909090909090909,53.9150390625,1.3710461509872456,55.0,0.0434891061245067,0.0033110849456893,0.0286813023428131,0.1081491038600793,0.0074710842611213,0.0871369294605809,0.2903228080552392,0.0060894919054879,0.2802452526221978,0.5282973021262799,0.0082214495527385,0.5331955922865014,0.0821973832582427,0.00799646630997,0.0,0.9358698204741812,0.0014337970953039,0.938389927148819,0.9395990021293984,0.0014898597675719,0.9425370693206788,0.9323085851501672,0.0015202704904133,0.9342646896839142,0.909078377548986,0.0098863247706348,0.9628335301062574,0.9678763441042976,0.001171898278423,0.9726102352142334,7.725130973110325,0.2807542673437841,9.043676853179932,0.9359212239583332,0.0048384829223505,0.9666666666666668,0.9597656250000002,0.0042257001832503,1.0,0.0140624999999999,0.0043727765049399,0.0,0.9225260416666669,0.0074122899880415,1.0,0.1245442708333333,0.0103831441393393,0.0666666666666666,,,,,,,,,,,,,,,,0.1255211188495098,0.0099975507826656,0.0725447332199821,0.0755369620874136,0.0098449406229565,0.0211566006206732,0.0585371155890631,0.0095861781854839,0.0064516800382938,0.7096771919447608,0.0060894919054879,0.7197547473778022,0.4613699942235497,0.0082935676355442,0.4525862068965517,0.5960551149787225,0.0076489458065258,0.5981632968050625,5.019091479511584,1.0266318423903604,0.0,540384.3634872437,264314.0,10.194112839309716,10.966598209123903,2.3798549792696715,0.8626441139220323,0.3184535814739547,,,,,,,
k-SemStamp,kmeans,context,best-of-n,sentence-nltk,,,sentence,nltk,,,64.0,attack,direct,adaptive-Qwen2.5-3B-Instruct-standard-K16-min-surr=bge,adaptive,K16-min-positional-bge,16.0,bge,positional,Qwen2.5-3B-Instruct,sentence-nltk,min,,,,1024,3,c4-val-def-256|c4-val-def-256b|c4-val-def-512,1.1547005383792517,1.7614096918559583,2.840187787218772,0.8818888664245605,0.7294921875,0.6328125,0.431640625,0.3662109375,2.506161932892258,5.950402992407336,3.4442410595150776,,,,,,,,,,0.365234375,0.361328125,0.3583984375,0.3525390625,0.33984375,0.32421875,0.2900390625,0.2568359375,0.197265625,0.123046875,0.0537109375,0.2900390625,0.56640625,0.5615234375,0.55859375,0.548828125,0.533203125,0.509765625,0.453125,0.408203125,0.318359375,0.1943359375,0.0888671875,0.453125,0.5673828125,0.8125,2.840970949028167,0.6685733926760072,0.0,0.4777475215243538,0.0080203120575763,0.4786324786324786,0.1596129383336371,0.009444156050153,0.1291666666666666,45.4775390625,1.2091777764725484,46.0,0.0817686247033213,0.005412166580976,0.0570654440164502,0.1551430587559355,0.0086717564274593,0.125,0.3690930455334188,0.0069245630632092,0.3531389545573942,0.6249523750690807,0.0075487061980328,0.6303215579710145,0.1187586561926031,0.009961756351353,0.0833333333333333,0.914276969677303,0.0017299762495361,0.9178145229816436,0.9185769779724068,0.0019786598716994,0.924628347158432,0.9103482764912768,0.0017332084837144,0.9126547276973724,0.9325225236062596,0.0074959583719617,0.968679932735426,0.9492455695872196,0.0017084209384079,0.9547005891799928,9.302663455767751,0.3534442471916995,10.565762519836426,0.8875325520833334,0.0060291244765827,0.9166666666666666,0.9147135416666669,0.0061512559466954,0.9333333333333332,0.0259114583333333,0.0050633429439273,0.0,0.8661458333333334,0.0095185468636534,0.9333333333333332,0.2048177083333333,0.0118038415942866,0.2,,,,,,,,,,,,,,,,0.1027525885234158,0.0080910642417842,0.0656816220880068,0.0551732485490989,0.0076434154522007,0.0183486856280974,0.0395686303163407,0.0073000902267645,0.0042284999106025,0.6309069544665812,0.0069245630632092,0.6468610454426058,0.3536494514074069,0.007387985045324,0.3503391300918806,0.4810476717080187,0.0076007615222994,0.4822061803444782,2.901081011265036,0.7933635846303279,0.0,557318.7034759521,249885.0,10.226065389367044,10.984875964503006,2.3338903827994857,0.620003519888802,0.2123878256275752,,,,,,,
k-SemStamp,kmeans,context,best-of-n,sentence-nltk,,,sentence,nltk,,,64.0,attack,direct,adaptive-Qwen2.5-3B-Instruct-standard-K2-min-surr=bge,adaptive,K2-min-positional-bge,2.0,bge,positional,Qwen2.5-3B-Instruct,sentence-nltk,min,,,,1024,3,c4-val-def-256|c4-val-def-256b|c4-val-def-512,1.1547005383792517,1.7614096918559583,2.840187787218772,0.9234342575073242,0.8349609375,0.7578125,0.5751953125,0.2421875,3.361870168781768,5.950402992407336,2.584682168260982,,,,,,,,,,0.2421875,0.2412109375,0.23828125,0.2373046875,0.236328125,0.23046875,0.2119140625,0.203125,0.1796875,0.1142578125,0.060546875,0.2119140625,0.4248046875,0.4228515625,0.4189453125,0.416015625,0.4140625,0.4033203125,0.375,0.359375,0.3134765625,0.2080078125,0.1123046875,0.375,0.4248046875,0.904296875,4.146249445490752,0.8497630351938794,0.0,0.5373250520802623,0.0082354899234662,0.5333333333333333,0.1436533900747654,0.0088283521811986,0.125,51.025390625,1.3024072135937093,52.0,0.0523277299352605,0.0038741077015287,0.0361732180961711,0.129239673497804,0.0077989016614368,0.111111111111111,0.3147104775782254,0.0062885963593985,0.3088084927222423,0.562980765509463,0.007997915115401,0.5718984962406015,0.0929399491479766,0.0082889771720783,0.0,0.9290686411550269,0.0014847801035177,0.931097686290741,0.9330814954009838,0.0015479356672387,0.9361514747142792,0.9252490897779352,0.0015825962439765,0.927288055419922,0.9162881736172912,0.0091866978387362,0.9652913717813584,0.9626417048275472,0.0013280560141937,0.9669405817985536,8.120475949985112,0.2857843043568977,9.491425037384031,0.923779296875,0.0052319006496191,0.9499999999999998,0.946875,0.0049067629349819,1.0,0.015234375,0.0041229675403733,0.0,0.9104166666666668,0.0080604810714331,1.0,0.1469401041666666,0.0106527386423998,0.0666666666666666,,,,,,,,,,,,,,,,0.1187230375757205,0.0093736003019871,0.0707243170450173,0.0689871383953967,0.0091182664811752,0.0200401606425703,0.052337213330447,0.0088296843019956,0.0054200940070505,0.6852895224217745,0.0062885963593985,0.6911915072777577,0.424605528292458,0.0080667582553366,0.4122141035886897,0.5602823876336737,0.0075867292018932,0.560474557289844,4.154682313263776,0.9374081078295547,0.0,544193.4108810425,259834.0,10.21350298966068,10.983825928305556,2.379379674692041,0.8468718723393003,0.2792926010933481,,,,,,,
k-SemStamp,kmeans,context,best-of-n,sentence-nltk,,,sentence,nltk,,,64.0,attack,direct,adaptive-Qwen2.5-3B-Instruct-standard-K32-min-surr=bge,adaptive,K32-min-positional-bge,32.0,bge,positional,Qwen2.5-3B-Instruct,sentence-nltk,min,,,,1024,3,c4-val-def-256|c4-val-def-256b|c4-val-def-512,1.1547005383792517,1.7614096918559583,2.840187787218772,0.870842456817627,0.693359375,0.5830078125,0.361328125,0.416015625,2.321452479283048,5.950402992407336,3.631178500966453,,,,,,,,,,0.4140625,0.412109375,0.4072265625,0.4013671875,0.38671875,0.3740234375,0.3173828125,0.2734375,0.19921875,0.1337890625,0.0595703125,0.3173828125,0.6357421875,0.6328125,0.623046875,0.6142578125,0.5927734375,0.5693359375,0.48828125,0.4287109375,0.3251953125,0.2021484375,0.0869140625,0.48828125,0.6376953125,0.7685546875,2.440933620598445,0.6204472760005606,0.0,0.4618255499158135,0.0082114594783298,0.46,0.1741808511375198,0.0099736896219107,0.1538461538461538,44.2021484375,1.2061213595452145,44.0,0.0936042292114208,0.0056880706093621,0.0709969788519637,0.1669831794858877,0.0094955334206399,0.1428571428571429,0.3857090473411813,0.0075396557550213,0.369349911466542,0.6421429121638753,0.0077047298664515,0.6438690277313732,0.1241433936083002,0.0101992921018486,0.0909090909090909,0.910452242475003,0.0017259618717201,0.9136268794536592,0.9150454323389569,0.0018515437574162,0.9205416738986968,0.906213179579936,0.0018552394824839,0.9101458787918092,0.9377812789189248,0.0071000648680805,0.9703556154432011,0.9449068123940378,0.0019732047087665,0.951703280210495,9.632939675556562,0.3430877191808572,10.862106323242188,0.8709147135416666,0.0067343428516815,0.8833333333333334,0.8992838541666668,0.0068424606245837,0.9333333333333332,0.0318359374999999,0.0062922097519049,0.0,0.8510416666666667,0.0104962435175511,0.9333333333333332,0.2348307291666667,0.0127888761833257,0.2,,,,,,,,,,,,,,,,0.0983981176730384,0.0076513321691827,0.0636450852109954,0.0506945938010944,0.007121209215991,0.0167480891049765,0.0353440614015253,0.0067529841330703,0.0041580221300138,0.6142909526588187,0.0075396557550213,0.6306500885334579,0.3364725620919039,0.0075149315418875,0.3333333333333333,0.4575897249440206,0.007936507924837,0.4640185614849187,2.3400446724432387,0.6917692788569164,0.0,567135.2300949097,250370.0,10.247443544774876,11.01628847362496,2.350707215538697,0.5394203978124198,0.1979773895844052,,,,,,,
k-SemStamp,kmeans,context,best-of-n,sentence-nltk,,,sentence,nltk,,,64.0,attack,direct,adaptive-Qwen2.5-3B-Instruct-standard-K4-min-surr=bge,adaptive,K4-min-positional-bge,4.0,bge,positional,Qwen2.5-3B-Instruct,sentence-nltk,min,,,,1024,3,c4-val-def-256|c4-val-def-256b|c4-val-def-512,1.1547005383792517,1.7614096918559583,2.840187787218772,0.9163970947265624,0.8125,0.7265625,0.5322265625,0.271484375,3.102510972836168,5.950402992407336,2.8520195657402865,,,,,,,,,,0.271484375,0.271484375,0.267578125,0.2646484375,0.259765625,0.2509765625,0.2255859375,0.208984375,0.1650390625,0.109375,0.0478515625,0.2255859375,0.46484375,0.46484375,0.4609375,0.4560546875,0.4482421875,0.431640625,0.396484375,0.365234375,0.296875,0.2001953125,0.0859375,0.396484375,0.4658203125,0.8818359375,3.3491878999040665,0.7252316116933827,0.0,0.5194727987424453,0.0081965773267766,0.5151515151515151,0.1467945206931009,0.008583001726138,0.125,49.380859375,1.2814382913084077,49.5,0.0619375430796651,0.0040581120015845,0.0441105972590378,0.1395491858961112,0.0082905851317577,0.111111111111111,0.3316177560283117,0.0065679560179849,0.3224129837033063,0.5872480299792285,0.0078044098066053,0.5924170616113744,0.103156786097481,0.0091946459382285,0.0666666666666666,0.9247153564356267,0.0015634214853942,0.9277290999889374,0.9292749068699776,0.0015733034171154,0.93327796459198,0.9203550644451752,0.0016966332975211,0.922892928123474,0.924922673178014,0.0082211000103657,0.9654518329070758,0.9589910990907812,0.0014487769666832,0.9632342159748076,8.549645245656938,0.3189372992661156,9.7369704246521,0.9118001302083334,0.0057040702902622,0.9333333333333332,0.9389973958333332,0.0053125841260612,1.0,0.0247395833333333,0.0059554079431584,0.0,0.8981119791666667,0.0086170507133171,0.9333333333333332,0.1651692708333333,0.010975378853002,0.1333333333333333,,,,,,,,,,,,,,,,0.1100215858071885,0.0086300313703919,0.0689655172413793,0.0611144418504131,0.0081781992901598,0.0181818181818181,0.0445491344236249,0.007768987867661,0.004576874738165,0.6683822439716882,0.0065679560179849,0.6775870162966937,0.3988729162314421,0.0079564163091217,0.3887587822014051,0.5341629180993492,0.0077307893828812,0.5331911869225301,3.090934237289577,0.7861635591406541,0.0,542425.145866394,252774.0,10.244016797713591,11.014894280443514,2.4411661511677867,0.8165214876477029,0.2528045104340024,,,,,,,
k-SemStamp,kmeans,context,best-of-n,sentence-nltk,,,sentence,nltk,,,64.0,attack,direct,adaptive-Qwen2.5-3B-Instruct-standard-K64-min-surr=bge,adaptive,K64-min-positional-bge,64.0,bge,positional,Qwen2.5-3B-Instruct,sentence-nltk,min,,,,1024,3,c4-val-def-256|c4-val-def-256b|c4-val-def-512,1.1547005383792517,1.7614096918559583,2.840187787218772,0.8536391258239746,0.650390625,0.5439453125,0.3154296875,0.455078125,2.043634681276457,5.950402992407336,3.906768311130879,,,,,,,,,,0.4521484375,0.4462890625,0.44140625,0.427734375,0.4091796875,0.3828125,0.32421875,0.2646484375,0.1982421875,0.0986328125,0.0361328125,0.32421875,0.6787109375,0.6669921875,0.6572265625,0.640625,0.6181640625,0.5830078125,0.494140625,0.4072265625,0.2998046875,0.1630859375,0.0595703125,0.494140625,0.68359375,0.734375,2.833489175641846,0.6500101001056104,0.0,0.4399882921299569,0.0080381006946694,0.4363636363636363,0.168134295439077,0.0101882247684928,0.1428571428571428,42.072265625,1.1375735089069547,43.0,0.1104087577760173,0.0067823383891826,0.0817822899041173,0.1683611128186961,0.0096000046548837,0.1428571428571429,0.4034898604209042,0.0075384870073816,0.3860255131502966,0.6577711859358002,0.0076866797765207,0.6606601731601731,0.1313613192041977,0.010615415348498,0.1,0.9055956858210266,0.0018572218931555,0.9089826047420502,0.9092738676117732,0.0021612460289842,0.915614902973175,0.9023249035817572,0.0018211181088138,0.9036659002304076,0.9316408985410338,0.0075571754271084,0.9698795180722892,0.9402953388344032,0.0023599964877066,0.9472909271717072,9.466409812974566,0.3583275403283767,10.750448226928713,0.8569498697916667,0.0071470227421382,0.8833333333333333,0.8918619791666668,0.0073209788800263,0.9333333333333332,0.0363932291666666,0.0068805091418559,0.0,0.8345703125000001,0.01068283447539,0.8666666666666667,0.2622395833333333,0.013314588284371,0.2666666666666666,,,,,,,,,,,,,,,,0.1079833010186641,0.0083250153239434,0.0653010033444815,0.0582316357712231,0.0077427054416712,0.0176133895886331,0.0413878927691481,0.007307967411402,0.0041237288712036,0.5965101395790958,0.0075384870073816,0.6139744868497035,0.3181364067009971,0.0071486897311832,0.3157894736842105,0.4313233939060172,0.0076350984980319,0.4274648509168686,2.622227330611842,0.7401805304707368,0.0,580377.969657898,258204.0,10.227027794829336,11.003367221995376,2.3332346029491178,0.497560675206619,0.1855715872743307,,,,,,,
k-SemStamp,kmeans,context,best-of-n,sentence-nltk,,,sentence,nltk,,,64.0,attack,direct,adaptive-Qwen2.5-3B-Instruct-standard-K8-min-surr=bge,adaptive,K8-min-positional-bge,8.0,bge,positional,Qwen2.5-3B-Instruct,sentence-nltk,min,,,,1024,3,c4-val-def-256|c4-val-def-256b|c4-val-def-512,1.1547005383792517,1.7614096918559583,2.840187787218772,0.8970427513122559,0.7763671875,0.6806640625,0.4775390625,0.3173828125,2.7925360257363683,5.950402992407336,3.1612925177958444,,,,,,,,,,0.3154296875,0.314453125,0.3125,0.3095703125,0.3017578125,0.2958984375,0.265625,0.23828125,0.1953125,0.1240234375,0.05859375,0.265625,0.5185546875,0.517578125,0.515625,0.5107421875,0.4990234375,0.4873046875,0.4423828125,0.3984375,0.322265625,0.2080078125,0.0947265625,0.4423828125,0.5205078125,0.86328125,3.0173404426634822,0.7091757475032462,0.0,0.4999839717285849,0.008313788607704,0.5,0.1579296140174611,0.0093763746138753,0.1428571428571428,47.962890625,1.2916596765138886,49.0,0.0713214100928607,0.005386701538466,0.0494791666666666,0.1495701829909865,0.0083125935233423,0.1190551181102362,0.3469813722370168,0.0069561268812072,0.3375308886033409,0.5979842982744754,0.0079167624109932,0.6010645828024577,0.1111886550886787,0.0089674837513919,0.0833333333333333,0.9204842275939882,0.001631761792729,0.9235783517360688,0.9254761082702316,0.0016515011399822,0.9293143153190612,0.9157153905835004,0.0017657295797401,0.9179655015468596,0.9307809934768988,0.0079545977193153,0.9692307692307692,0.9541969790006988,0.0015728738391658,0.9592684507369996,9.040225025636376,0.3658632128952392,10.087584972381592,0.9030924479166668,0.0059697064310116,0.9333333333333332,0.9265625,0.0057494733355482,0.9333333333333332,0.0255208333333333,0.0058431874169152,0.0,0.8848307291666667,0.0093094748185272,0.9333333333333332,0.1735026041666666,0.0111874862252569,0.1333333333333333,,,,,,,,,,,,,,,,0.103011568037034,0.0082566573552746,0.0642386057993441,0.0551978530775616,0.0078518979405528,0.0164949154848144,0.0397908091196252,0.0074805515462088,0.0038910505836575,0.6530186277629833,0.0069561268812072,0.6624691113966591,0.3821407491500719,0.0079720514469699,0.3747246696035242,0.5133874866824676,0.008005640518255,0.5149364721879914,3.134149823726412,0.8215985089745912,0.0,542664.4836120605,246477.0,10.226798296847168,10.991960797320198,2.387240356185175,0.6724006186830258,0.2350088545269235,,,,,,,
k-SemStamp,kmeans,context,best-of-n,sentence-nltk,,,sentence,nltk,,,64.0,attack,direct,controlled_reorder-ratio=0.1,other,controlled_reorder-ratio=0.1,,,,,,,,,,1024,3,c4-val-def-256|c4-val-def-256b|c4-val-def-512,1.1547005383792517,1.7614096918559583,2.840187787218772,0.9896197319030762,0.9697265625,0.9541015625,0.8994140625,0.044921875,5.141210991177205,5.950402992407336,0.8091920012301302,,,,,,,,,,,,,,,,,,,,,,,,,,,,,,,,,,,,6.235252835222573,0.8929429828100878,0.0,1.0,0.0,1.0,0.0,0.0,0.0,95.1728515625,2.0355489187686207,104.0,0.0988180992796313,0.0049676291203605,0.0868824531516184,0.0,0.0,0.0,0.0,0.0,0.0,0.0111576001080761,0.0004854792852272,0.0089285714285714,0.0,0.0,0.0,,,,,,,,,,0.8830624871799417,0.0098184484369951,0.9461581434675606,,,,,,,,,,,,,,,,,,,,,,,,,,,,,,,,,,,,,,,,,,,,,,1.0,0.0,1.0,0.9905248469116668,0.0004007019513262,0.9917355371900828,0.9133575982576688,0.003528363112473,0.9235591012699448,5.940054295338447,0.9285534873506152,0.0,,0.0,,,,,0.9861611958985032,,,,,,,
k-SemStamp,kmeans,context,best-of-n,sentence-nltk,,,sentence,nltk,,,64.0,attack,direct,controlled_reorder-ratio=0.25,other,controlled_reorder-ratio=0.25,,,,,,,,,,1024,3,c4-val-def-256|c4-val-def-256b|c4-val-def-512,1.1547005383792517,1.7614096918559583,2.840187787218772,0.9876532554626464,0.96875,0.951171875,0.88671875,0.0478515625,4.849765331858211,5.950402992407336,1.1006376605491248,,,,,,,,,,,,,,,,,,,,,,,,,,,,,,,,,,,,6.187756742619549,0.8875635097313037,0.0,1.0,0.0,1.0,7.065140596297866e-05,0.0001386403516534,0.0,95.1728515625,2.0355489187686207,104.0,0.243089052969924,0.0083293717141995,0.2443153526970954,3.623976226715947e-05,7.111292935845409e-05,0.0,0.0,0.0,0.0,0.015697657000822,0.0005360273449758,0.0136674968866749,0.0,0.0,0.0,,,,,,,,,,0.8832486145341836,0.0098025102201463,0.9461883408071748,,,,,,,,,,,,,,,,,,,,,,,,,,,,,,,,,,,,,,,,,,,,,,1.0,0.0,1.0,0.986183430285594,0.0004668302473664,0.9875,0.8326121612591382,0.0039854740458492,0.838022753488793,5.941592536894889,0.927799318817862,0.0,,0.0,,,,,0.9796223326047854,,,,,,,
k-SemStamp,kmeans,context,best-of-n,sentence-nltk,,,sentence,nltk,,,64.0,attack,direct,controlled_reorder-ratio=0.5,other,controlled_reorder-ratio=0.5,,,,,,,,,,1024,3,c4-val-def-256|c4-val-def-256b|c4-val-def-512,1.1547005383792517,1.7614096918559583,2.840187787218772,0.983147144317627,0.95703125,0.9375,0.8134765625,0.0615234375,4.4591427233734855,5.950402992407336,1.4912602690338497,,,,,,,,,,,,,,,,,,,,,,,,,,,,,,,,,,,,6.207817191047075,0.888340533758918,0.0,1.0,0.0,1.0,0.0008512039669309,0.0005683881307942,0.0,95.1728515625,2.0355489187686207,104.0,0.4473643725581038,0.0113811341771699,0.4763978645686991,0.0004433289612491,0.0002967606424044,0.0,0.0,0.0,0.0,0.0232713793421425,0.0006404114733312,0.021551724137931,0.0,0.0,0.0,,,,,,,,,,0.8831935693224677,0.0098029425765208,0.9461883408071748,,,,,,,,,,,,,,,,,,,,,,,,,,,,,,,,,,,,,,,,,,,,,,1.0,0.0,1.0,0.9793679343702064,0.0005737628399705,0.9803921568627452,0.6968693418655731,0.0054163637446559,0.6956521739130435,5.948069692743024,0.9305225482739264,0.0,,0.0,,,,,0.968029128043395,,,,,,,
k-SemStamp,kmeans,context,best-of-n,sentence-nltk,,,sentence,nltk,,,64.0,attack,direct,controlled_reorder-ratio=0.75,other,controlled_reorder-ratio=0.75,,,,,,,,,,1024,3,c4-val-def-256|c4-val-def-256b|c4-val-def-512,1.1547005383792517,1.7614096918559583,2.840187787218772,0.9551224708557128,0.8837890625,0.8056640625,0.6181640625,0.193359375,3.778525538030316,5.950402992407336,2.17187745437702,,,,,,,,,,,,,,,,,,,,,,,,,,,,,,,,,,,,6.232158541139768,0.888878028747266,0.0,1.0,0.0,1.0,0.001232268665503,0.0007179519473351,0.0,95.1728515625,2.0355489187686207,104.0,0.6744893516503809,0.0125375298320457,0.7243865243310689,0.0006454534816254,0.0003776606445633,0.0,0.0,0.0,0.0,0.0350280245885929,0.0009124117068982,0.0323886639676113,0.0,0.0,0.0,,,,,,,,,,0.8831212720992858,0.0098062586871221,0.9461883408071748,,,,,,,,,,,,,,,,,,,,,,,,,,,,,,,,,,,,,,,,,,,,,,1.0,0.0,1.0,0.9685578370548924,0.0008499951845429,0.9703765921171396,0.5178452367097595,0.0066481020541561,0.5040983606557377,5.9503205970292905,0.9303878772980132,0.0,,0.0,,,,,0.950299290616172,,,,,,,
k-SemStamp,kmeans,context,best-of-n,sentence-nltk,,,sentence,nltk,,,64.0,attack,direct,controlled_reorder-ratio=1.0,other,controlled_reorder-ratio=1.0,,,,,,,,,,1024,3,c4-val-def-256|c4-val-def-256b|c4-val-def-512,1.1547005383792517,1.7614096918559583,2.840187787218772,0.8256959915161133,0.6494140625,0.5673828125,0.4375,0.431640625,2.633609547832332,5.950402992407336,3.316793444575004,,,,,,,,,,,,,,,,,,,,,,,,,,,,,,,,,,,,6.410436510430583,0.9156953353723422,0.0,1.0,0.0,1.0,0.0025342280535158,0.0013514398823668,0.0,95.1728515625,2.0355489187686207,104.0,1.0,0.0,1.0,0.0013982174950463,0.0008115406200814,0.0,0.0,0.0,0.0,0.0570655382751182,0.0016155648750016,0.0517241379310344,0.0,0.0,0.0,,,,,,,,,,0.8823766413571601,0.0098988735449814,0.9461883408071748,,,,,,,,,,,,,,,,,,,,,,,,,,,,,,,,,,,,,,,,,,,,,,1.0,0.0,1.0,0.9496906183941954,0.0013452708713578,0.953397882544566,0.3147436438552974,0.0077270118753719,0.2792728749873058,5.940708175639701,0.9298026104658552,0.0,,0.0,,,,,0.9183875227011348,,,,,,,
k-SemStamp,kmeans,context,best-of-n,sentence-nltk,,,sentence,nltk,,,64.0,attack,direct,dipper-lex20-order20,dipper,lex20-order20,,,,,,,,20.0,20.0,1024,3,c4-val-def-256|c4-val-def-256b|c4-val-def-512,1.1547005383792517,1.7614096918559583,2.840187787218772,0.9068055152893066,0.7900390625,0.693359375,0.5029296875,0.302734375,3.0483185281372887,5.950402992407336,2.9160979831248164,,,,,,,,,,0.302734375,0.3017578125,0.30078125,0.2978515625,0.2880859375,0.2763671875,0.25390625,0.228515625,0.1875,0.08984375,0.041015625,0.25390625,0.4921875,0.490234375,0.4892578125,0.484375,0.4677734375,0.4482421875,0.412109375,0.3603515625,0.28125,0.150390625,0.064453125,0.412109375,0.4931640625,0.8603515625,5.0899352221813965,0.7758358363719693,0.4524886877828054,0.6690927559921611,0.0066416925751884,0.6752136752136753,0.0856251592492745,0.0078534232024037,0.0476190476190476,63.412109375,1.4438646761370373,67.0,0.0484950876880924,0.005562200580274,0.0329218106995884,0.0695573198033315,0.0072194662324237,0.0434782608695651,0.1950979805364994,0.0042172220061203,0.1874999999999999,0.3520302098057067,0.0060944539234198,0.346373346086402,0.037256290988128,0.0061408860360704,0.0,0.9476211359724402,0.0012017698166074,0.9506134390830994,0.953636414546054,0.0012242616249509,0.9565215408802032,0.941825652960688,0.0013404345061256,0.9455873370170592,0.8870313458352507,0.0086031411812564,0.9364357864357864,0.9681775753269904,0.0016806727982085,0.9748707115650176,7.468141608499592,0.275856929941611,7.867980003356934,0.9011393229166668,0.0057236840366109,0.9333333333333332,0.8924479166666668,0.0071243289712732,0.9333333333333332,0.0143880208333333,0.003733661866231,0.0,0.837890625,0.01008301850296,0.8666666666666667,0.1113932291666666,0.0090035878585458,0.0666666666666666,,,,,,,,,,,,,,,,0.1422924412531225,0.0086634646527604,0.0933727594195829,0.082764310330663,0.0083759327886179,0.0310748102250476,0.0616214224211904,0.0079670027936578,0.0126052645516656,0.8049020194635005,0.0042172220061203,0.8125,0.6122384230168244,0.0060868820447022,0.6150329349891952,0.6770495574054258,0.0055805180841368,0.6796286962365592,4.314577170023695,0.8311113615649308,0.0,372629.03664398193,185328.0,10.082320813083651,10.98442296258851,2.3288660648044117,0.9944979633438642,0.4446985512185663,,,,,,,
k-SemStamp,kmeans,context,best-of-n,sentence-nltk,,,sentence,nltk,,,64.0,attack,direct,dipper-lex20-order40,dipper,lex20-order40,,,,,,,,20.0,40.0,1024,3,c4-val-def-256|c4-val-def-256b|c4-val-def-512,1.1547005383792517,1.7614096918559583,2.840187787218772,0.8860993385314941,0.71875,0.6201171875,0.421875,0.3759765625,2.761059433236692,5.950402992407336,3.203315999680622,,,,,,,,,,0.373046875,0.373046875,0.37109375,0.3642578125,0.357421875,0.3408203125,0.3046875,0.2646484375,0.203125,0.1201171875,0.0615234375,0.3046875,0.5712890625,0.5712890625,0.5693359375,0.5625,0.5498046875,0.5263671875,0.4677734375,0.408203125,0.30859375,0.18359375,0.08203125,0.4677734375,0.57421875,0.8212890625,5.195523105580948,0.7660887548698535,0.4784688995215311,0.661619500359261,0.0070692409251656,0.6692307692307692,0.0797667183802066,0.0070867708384763,0.0,62.765625,1.4334603052996626,66.0,0.1095709328073148,0.0071544003205586,0.0874103065883887,0.0648151134559145,0.0060418802871701,0.0434782608695651,0.1944986979311371,0.0040434364811456,0.188235294117647,0.3578985490135838,0.006064005897487,0.3552777777777778,0.0378235028717908,0.0056111593354294,0.0,0.9440205739811064,0.0009998132053879,0.9458837509155272,0.9500420651165769,0.0009296652715201,0.9517691433429718,0.9381601504283026,0.0011855298705508,0.9402111768722534,0.8840573480254936,0.0086405946027835,0.9321211123909824,0.9632761522079818,0.0016891951802245,0.970237910747528,7.806325834481498,0.2753221170997368,8.162179946899414,0.8914713541666666,0.0060418855230735,0.9166666666666666,0.8845052083333335,0.0073963971769109,0.9333333333333332,0.01796875,0.0047440167283322,0.0,0.829296875,0.0104294903941542,0.8666666666666667,0.1299479166666666,0.009258775873616,0.0666666666666666,,,,,,,,,,,,,,,,0.146814241742301,0.0087561687159754,0.0991388388364963,0.085910789219119,0.0084560970999852,0.0333333333333333,0.0639197049858314,0.007984034373881,0.0133038348082595,0.8055013020688628,0.0040434364811456,0.8117647058823529,0.6078162660610089,0.0060749732648525,0.6086956521739131,0.5936927032208852,0.0054957635104863,0.5901992300670715,4.229519565523006,0.8173302496673983,0.0,382881.5439682007,186323.0,10.088894465309378,10.999105855787215,2.3211729871641205,0.9958398393498556,0.4411686279928469,,,,,,,
k-SemStamp,kmeans,context,best-of-n,sentence-nltk,,,sentence,nltk,,,64.0,attack,direct,dipper-lex20-order80,dipper,lex20-order80,,,,,,,,20.0,80.0,1024,3,c4-val-def-256|c4-val-def-256b|c4-val-def-512,1.1547005383792517,1.7614096918559583,2.840187787218772,0.8391661643981934,0.6318359375,0.5166015625,0.349609375,0.4794921875,2.344439143073403,5.950402992407336,3.619503678730276,,,,,,,,,,0.4775390625,0.4765625,0.4736328125,0.46484375,0.453125,0.4248046875,0.3623046875,0.3046875,0.216796875,0.1044921875,0.0361328125,0.3623046875,0.6435546875,0.640625,0.6376953125,0.6240234375,0.6083984375,0.568359375,0.490234375,0.4111328125,0.2958984375,0.146484375,0.052734375,0.490234375,0.646484375,0.7685546875,5.09558262860607,0.7447490346760075,0.4618962280252603,0.616296384973898,0.0066504952306637,0.6190476190476191,0.0818771477420627,0.0071376545102465,0.0,58.4775390625,1.365651924380552,61.0,0.1880304650361318,0.0088522983013166,0.1540587815211202,0.0698326567832286,0.0064564932438897,0.0476190476190476,0.2227915165811377,0.0044240840135335,0.2154509283819628,0.428070747156421,0.0063228457858179,0.4289321789321789,0.0448848376402786,0.0061922489605461,0.0,0.9339431463158688,0.0010107259347252,0.9357494711875916,0.9397600979427808,0.0009753166635604,0.9418206512928008,0.9282957112882286,0.0011756653798798,0.9302720427513124,0.8820145858699817,0.0084955381615546,0.9295774647887324,0.9537548328517004,0.0018002353032078,0.96040940284729,8.478925729312593,0.3277462701223239,9.098099708557127,0.87119140625,0.0061683780657424,0.8833333333333334,0.8770833333333334,0.0072201557995336,0.9333333333333332,0.0211588541666666,0.0052697321518931,0.0,0.8034505208333333,0.0107913265975097,0.8666666666666667,0.174609375,0.0096307563071363,0.1333333333333333,,,,,,,,,,,,,,,,0.1490759445150959,0.0086520646475169,0.1031075371405206,0.0861845641652529,0.0083163271383478,0.0357142857142857,0.0633746994369064,0.0078137345030679,0.0144509877626028,0.7772084834188623,0.0044240840135335,0.7845490716180372,0.5448640840612347,0.0062985610795482,0.5442607422715922,0.4671825304129084,0.0053020194970326,0.4564487890283046,4.399653548614637,0.8102622646293054,0.0,401361.2769088745,187764.0,10.06598086795801,10.994297788466175,2.2163175543678872,0.9944585572183462,0.3777908317451892,,,,,,,
k-SemStamp,kmeans,context,best-of-n,sentence-nltk,,,sentence,nltk,,,64.0,attack,direct,dipper-lex40-order20,dipper,lex40-order20,,,,,,,,40.0,20.0,1024,3,c4-val-def-256|c4-val-def-256b|c4-val-def-512,1.1547005383792517,1.7614096918559583,2.840187787218772,0.8924479484558105,0.74609375,0.6572265625,0.4443359375,0.337890625,2.8674257523010622,5.950402992407336,3.1024757278189843,,,,,,,,,,0.337890625,0.3359375,0.333984375,0.328125,0.3056640625,0.279296875,0.2353515625,0.193359375,0.125,0.0615234375,0.0244140625,0.2353515625,0.55078125,0.5478515625,0.5439453125,0.53515625,0.5029296875,0.46484375,0.3935546875,0.328125,0.21875,0.10546875,0.041015625,0.3935546875,0.55078125,0.732421875,4.939127080575411,0.7580366231886264,0.4694835680751174,0.5559842655960412,0.0066829176822633,0.5555555555555556,0.0977658271756543,0.0077931700284318,0.0714285714285714,52.58203125,1.219683051601932,55.0,0.052834678889443,0.0037137277819797,0.0417024935511607,0.0827957450433025,0.0070847160913778,0.0526315789473683,0.2620981878004643,0.0045150271863145,0.2557656046028139,0.4890970699590502,0.0064895426810057,0.4914892075909025,0.0513234103943248,0.0066178075107692,0.0,0.9345023169880732,0.001260662990517,0.9369493126869202,0.9402205983060412,0.0013021560937135,0.942842423915863,0.92897115717642,0.0013411897074396,0.9314110279083252,0.8844672791486855,0.0084904547187653,0.9292408421773366,0.9555752910673618,0.0018234222275885,0.9631998240947724,7.988334667572891,0.283520954772913,8.66855239868164,0.8620930989583333,0.0064893766791126,0.8833333333333333,0.8748697916666668,0.0071513782624326,0.8666666666666667,0.0270182291666666,0.0059688715587322,0.0,0.7814453125,0.0109933713822893,0.8000000000000002,0.1809244791666667,0.0100635149907815,0.1333333333333333,,,,,,,,,,,,,,,,0.1462909098142977,0.0086132057396747,0.1001672240802675,0.0831919044109275,0.0083587133353411,0.0333333333333333,0.0609426147935284,0.0079200053579186,0.0127118644067796,0.7379018121995357,0.0045150271863145,0.744234395397186,0.4883425957681737,0.0064690322008956,0.4822234706366244,0.5980581174737722,0.0057784857039433,0.5999999999999999,3.642760505143429,0.738686924798118,0.0,387921.89377594,186682.0,10.017808246239127,10.957365775882128,2.267064817484597,0.9942342082500284,0.3222376986696653,,,,,,,
k-SemStamp,kmeans,context,best-of-n,sentence-nltk,,,sentence,nltk,,,64.0,attack,direct,dipper-lex80-order20,dipper,lex80-order20,,,,,,,,80.0,20.0,1024,3,c4-val-def-256|c4-val-def-256b|c4-val-def-512,1.1547005383792517,1.7614096918559583,2.840187787218772,0.8124499320983887,0.57421875,0.47265625,0.3017578125,0.5224609375,1.9852269185444544,5.950402992407336,3.979964194152527,,,,,,,,,,0.4736328125,0.44921875,0.408203125,0.341796875,0.2607421875,0.177734375,0.0908203125,0.052734375,0.0283203125,0.0068359375,0.0029296875,0.0908203125,0.6240234375,0.58984375,0.5400390625,0.4521484375,0.3486328125,0.240234375,0.130859375,0.078125,0.0419921875,0.009765625,0.0029296875,0.130859375,0.693359375,0.234375,3.783748224003828,0.6653187127336805,0.3883861236802413,0.3030771404439061,0.0069950753265668,0.3009708737864077,0.1569239353666567,0.0105868002188059,0.125,28.57421875,0.8306287865363344,29.0,0.1297746681753654,0.0067629965918457,0.1052749459375965,0.1378467898993599,0.0096236247131074,0.111111111111111,0.4535289857945312,0.0063416496915004,0.4367233415354634,0.7519566307319496,0.0062862419237187,0.7528750826173165,0.0852631019297685,0.0091094769136514,0.0,0.8876927843666635,0.0017348197070295,0.892570972442627,0.8930956575204618,0.0017865110831704,0.8988531231880188,0.8825339013128541,0.0018296632556039,0.8867935240268707,0.8879945955705308,0.0075443810803804,0.9223300970873788,0.8690898896020371,0.0054018038418278,0.8948341608047485,10.989155852891544,0.6418839313712645,11.899727821350098,0.6971354166666668,0.0091583181252171,0.7166666666666667,0.7161458333333334,0.0114834414978675,0.7333333333333334,0.0735026041666666,0.0092648383716987,0.0,0.5588541666666667,0.0131270439975135,0.5333333333333333,0.4129557291666667,0.0118712412035621,0.4000000000000001,,,,,,,,,,,,,,,,0.1429951480380948,0.0077944902778372,0.1111111111111111,0.0704563369617109,0.0074505939063202,0.0303030303030302,0.0482522391293235,0.0069892530024541,0.0102828443034628,0.5464710142054687,0.0063416496915004,0.5632766584645366,0.2363827324680112,0.0061500315956967,0.2334509634372918,0.3736987412689733,0.0063701733810381,0.3737845747191541,3.311348667385912,0.7112872655184463,0.0,434034.6704788208,181081.0,9.864480920470132,10.929919273123437,2.1064549502817504,0.8203483492478488,0.1239441461785487,,,,,,,
k-SemStamp,kmeans,context,best-of-n,sentence-nltk,,,sentence,nltk,,,64.0,attack,direct,merge_adjacent-ratio=0.2,other,merge_adjacent-ratio=0.2,,,,,,,,,,1024,3,c4-val-def-256|c4-val-def-256b|c4-val-def-512,1.1547005383792517,1.7614096918559583,2.840187787218772,0.9894075393676758,0.9716796875,0.9609375,0.8935546875,0.0380859375,4.756229416182758,5.950402992407336,1.194173576224578,,,,,,,,,,,,,,,,,,,,,,,,,,,,,,,,,,,,6.108952242241582,0.8789073707016276,0.0,1.0,0.0,1.0,0.1484326016321557,0.0061027874449573,0.1428571428571428,95.1728515625,2.0355489187686207,104.0,0.0,0.0,0.0,0.0824564475207367,0.0037027044889961,0.0769230769230768,0.0,0.0,0.0,0.0,0.0,0.0,0.0,0.0,0.0,,,,,,,,,,0.8845090213538943,0.009688543622422,0.9461581434675606,,,,,,,,,,,,,,,,,,,,,,,,,,,,,,,,,,,,,,,,,,,,,,1.0,0.0,1.0,1.0,0.0,1.0,1.0,0.0,1.0,4.310967664121516,0.7609493382529139,0.0,,0.0,,,,,0.9642950329372728,,,,,,,
k-SemStamp,kmeans,context,best-of-n,sentence-nltk,,,sentence,nltk,,,64.0,attack,direct,merge_adjacent-ratio=0.5,other,merge_adjacent-ratio=0.5,,,,,,,,,,1024,3,c4-val-def-256|c4-val-def-256b|c4-val-def-512,1.1547005383792517,1.7614096918559583,2.840187787218772,0.9565486907958984,0.8837890625,0.822265625,0.6123046875,0.17578125,3.4273218304318687,5.950402992407336,2.527208708144585,,,,,,,,,,,,,,,,,,,,,,,,,,,,,,,,,,,,5.99576834643084,0.8675294886039343,0.0,1.0,0.0,1.0,0.3139037597327561,0.0072941729546056,0.3333333333333333,95.1728515625,2.0355489187686207,104.0,0.0,0.0,0.0,0.1901348387606933,0.0054949118790182,0.1999999999999999,0.0,0.0,0.0,0.0,0.0,0.0,0.0,0.0,0.0,,,,,,,,,,0.8851669614298703,0.0096250388633849,0.9463084561178732,,,,,,,,,,,,,,,,,,,,,,,,,,,,,,,,,,,,,,,,,,,,,,1.0,0.0,1.0,1.0,0.0,1.0,1.0,0.0,1.0,2.898159045625196,0.6329500304573793,0.0,,0.0,,,,,0.927238009813066,,,,,,,
k-SemStamp,kmeans,context,best-of-n,sentence-nltk,,,sentence,nltk,,,64.0,attack,direct,merge_adjacent-ratio=1.0,other,merge_adjacent-ratio=1.0,,,,,,,,,,1024,3,c4-val-def-256|c4-val-def-256b|c4-val-def-512,1.1547005383792517,1.7614096918559583,2.840187787218772,0.8387460708618164,0.61328125,0.529296875,0.330078125,0.46875,2.0774679822685,5.950402992407336,3.877062556307954,,,,,,,,,,,,,,,,,,,,,,,,,,,,,,,,,,,,6.05994037086204,0.8777749275723575,0.0,1.0,0.0,1.0,0.4847679461813625,0.0061999683149977,0.5,95.1728515625,2.0355489187686207,104.0,0.0,0.0,0.0,0.3219513683488562,0.0056129081583096,0.3333333333333333,0.0,0.0,0.0,0.0,0.0,0.0,0.0,0.0,0.0,,,,,,,,,,0.8848025454597953,0.0096647318347404,0.9461581434675606,,,,,,,,,,,,,,,,,,,,,,,,,,,,,,,,,,,,,,,,,,,,,,1.0,0.0,1.0,1.0,0.0,1.0,1.0,0.0,1.0,2.74799792527482,0.6622283648680961,0.0,,0.0,,,,,0.8883792047391357,,,,,,,
k-SemStamp,kmeans,context,best-of-n,sentence-nltk,,,sentence,nltk,,,64.0,attack,direct,parrot,parrot,default,,,,,,,,,,1024,3,c4-val-def-256|c4-val-def-256b|c4-val-def-512,1.1547005383792517,1.7614096918559583,2.840187787218772,0.9920620918273926,0.978515625,0.9658203125,0.9091796875,0.033203125,5.255458462982182,5.950402992407336,0.6949445294251544,,,,,,,,,,0.033203125,0.033203125,0.033203125,0.033203125,0.033203125,0.033203125,0.029296875,0.0283203125,0.021484375,0.0087890625,0.00390625,0.029296875,0.08984375,0.08984375,0.08984375,0.08984375,0.08984375,0.087890625,0.0791015625,0.068359375,0.048828125,0.0244140625,0.0078125,0.0791015625,0.08984375,0.8310546875,5.6060926315772175,0.8644051425098486,0.0,0.7220398498589885,0.0061273106668279,0.7333333333333333,0.0080396726220918,0.0019207776351543,0.0,69.6376953125,1.6664901468618094,75.0,0.0107275703690726,0.0013470527551339,0.0021574973031283,0.0087046480996749,0.0016573014723076,0.0,0.1709043138787594,0.0043073594346403,0.1554583029418915,0.3414534063972228,0.0066739339592642,0.3232323232323232,0.0084791053044266,0.0022246653006858,0.0,0.922843461507,0.0012077192685663,0.9252452254295348,0.9269110761233604,0.0011868502276405,0.929175615310669,0.918893390276935,0.0013308371209779,0.9221852123737336,0.8891171768026096,0.0092533621588208,0.9464763177998472,0.967168978007976,0.0011689251664944,0.9720785915851592,11.555527222996762,0.5365537501480592,12.723517417907717,0.8804850260416667,0.0050891049029524,0.8833333333333333,0.8773437500000001,0.006124124139809,0.8666666666666667,0.0160807291666666,0.0042264608661613,0.0,0.7572916666666667,0.0100834520308476,0.7333333333333334,0.0966145833333333,0.0081395021100637,0.0666666666666666,,,,,,,,,,,,,,,,0.1375923133735363,0.0094353684492657,0.0819636218799788,0.0836374001394745,0.0092170150970668,0.025039184952978,0.0649898702885092,0.0089307182744833,0.0075901601567,0.8290956861212405,0.0043073594346403,0.8445416970581086,0.6353273596666751,0.006431340424833,0.6528814755035834,0.7279088913848435,0.0047255818206394,0.7371619337390127,6.190264250777513,0.9551135104661416,0.0,607736.0169540239,248343.0,10.072536399389431,10.948190518460017,1.859937905123103,0.2244750568389283,0.3435647802976421,,,,,,,
k-SemStamp,kmeans,context,best-of-n,sentence-nltk,,,sentence,nltk,,,64.0,attack,direct,parrot-bigram-threshold=0.03,parrot,bigram-0.03,,,,,,,,,,1024,3,c4-val-def-256|c4-val-def-256b|c4-val-def-512,1.1547005383792517,1.7614096918559583,2.840187787218772,0.9927973747253418,0.9814453125,0.9736328125,0.9306640625,0.025390625,5.439378500708311,5.950402992407336,0.5110244916990253,,,,,,,,,,0.025390625,0.025390625,0.025390625,0.025390625,0.025390625,0.025390625,0.0224609375,0.0205078125,0.01953125,0.0107421875,0.0048828125,0.0224609375,0.068359375,0.068359375,0.068359375,0.068359375,0.068359375,0.068359375,0.0625,0.0576171875,0.048828125,0.0263671875,0.01171875,0.0625,0.068359375,0.9150390625,5.666391067186441,0.8590738238556808,0.0,0.7646169835309143,0.0051458559985536,0.7755102040816326,0.0060566895186007,0.0018995936651329,0.0,73.3046875,1.6847550864170922,78.0,0.0068474097439508,0.0007871114668928,0.0,0.0060992823018944,0.001476677232837,0.0,0.1373269409337922,0.0030136711921237,0.1291347556528082,0.2892384575397827,0.004807370905318,0.2818181818181818,0.0054787024938883,0.001673313126205,0.0,0.931806197448168,0.0012153548019953,0.9344788193702698,0.936010308272671,0.0011850785709036,0.9381746649742126,0.9277099618921056,0.0013319336152821,0.9307458400726318,0.8888029990795354,0.0093306031731122,0.9471259742460184,0.9742626262595876,0.0009313615383883,0.9777778089046478,10.793533811806675,0.514163343895947,11.933595180511476,0.9152018229166666,0.0043224109373164,0.9333333333333332,0.9117838541666669,0.0056412897312308,0.9333333333333332,0.0086588541666666,0.0027165675704099,0.0,0.802734375,0.0097779005705684,0.8000000000000002,0.0450520833333333,0.0053687933970478,0.0,,,,,,,,,,,,,,,,0.1382991180777382,0.0095295243512173,0.0833333333333333,0.0854379202801865,0.0092995025020238,0.0238808098089535,0.0666048654646016,0.0089643520595847,0.0077220077220077,0.8626730590662077,0.0030136711921237,0.8708652443471918,0.6937868632402546,0.0047857538841213,0.7007021030511347,0.7931561973647816,0.0035797325176155,0.799149816591677,6.190907154869499,0.9524109138849456,0.0,590754.4507548164,248326.0,10.12273626998686,10.975514621781764,1.9178064993261403,0.2771885493444658,0.3724043322668964,,,,,,,
k-SemStamp,kmeans,context,best-of-n,sentence-nltk,,,sentence,nltk,,,64.0,attack,direct,pegasus,pegasus,default,,,,,,,,,,1024,3,c4-val-def-256|c4-val-def-256b|c4-val-def-512,1.1547005383792517,1.7614096918559583,2.840187787218772,0.9864168167114258,0.96875,0.953125,0.8798828125,0.0458984375,5.167664206597426,5.950402992407336,0.7827387858099097,,,,,,,,,,0.0458984375,0.0458984375,0.044921875,0.0439453125,0.0390625,0.0380859375,0.0302734375,0.0234375,0.0126953125,0.0078125,0.00390625,0.0302734375,0.119140625,0.119140625,0.1162109375,0.115234375,0.109375,0.103515625,0.08203125,0.0615234375,0.03515625,0.013671875,0.0068359375,0.08203125,0.119140625,0.6943359375,8.908553050448912,1.021685888171682,0.5347593582887701,0.6170973107524197,0.0061295052443105,0.6198347107438017,0.0095202040999867,0.0022538406311502,0.0,59.185546875,1.418627486208142,62.0,0.0097823570277261,0.0010091752251391,0.0007670103808049,0.0093491960022614,0.0018653711803452,0.0,0.2335203155769789,0.0059058138733584,0.2106438499284501,0.3170607083572734,0.0056080240843011,0.3136674788258499,0.0080245807981607,0.0022908802822274,0.0,0.920706719509326,0.0022948031664979,0.9315272271633148,0.9292543950723484,0.0034559997957654,0.9465986490249634,0.9136535440920852,0.0014955461549856,0.9175010323524476,0.8514123075818723,0.0106954693604645,0.9299777828851604,0.9447357295430264,0.0021694604919417,0.9536485373973846,6.543694213895206,0.4219439515852419,9.06369400024414,0.8408854166666667,0.0062284395819756,0.85,0.7994140625000001,0.0071860458005841,0.8000000000000002,0.0239583333333333,0.005404264050116,0.0,0.7089192708333333,0.010818099708973,0.7333333333333334,0.1208333333333333,0.0105383773910475,0.0666666666666666,,,,,,,,,,,,,,,,0.2035668255562152,0.0133569309208481,0.103048537675324,0.1488179352822345,0.013728259094233,0.0344645550527903,0.1297627665226006,0.0136694278517437,0.0133038348082595,0.7664796844230211,0.0059058138733584,0.7893561500715499,0.5902595346076972,0.0064155526164433,0.603211431517696,0.6585923967268579,0.0060788893951876,0.6706202992127825,6.881364069334598,0.9898167381888578,0.0,466612.350625506,248396.0,9.275468478403102,10.114112029927815,2.147373728664574,0.9014767097130284,0.3976753493352347,,,,,,,
k-SemStamp,kmeans,context,best-of-n,sentence-nltk,,,sentence,nltk,,,64.0,attack,direct,pegasus-bigram-threshold=0.03,pegasus,bigram-0.03,,,,,,,,,,1024,3,c4-val-def-256|c4-val-def-256b|c4-val-def-512,1.1547005383792517,1.7614096918559583,2.840187787218772,0.9874510765075684,0.970703125,0.9423828125,0.8798828125,0.056640625,5.163664941623622,5.950402992407336,0.7867380507837133,,,,,,,,,,0.056640625,0.056640625,0.0556640625,0.0537109375,0.0517578125,0.0498046875,0.0390625,0.029296875,0.01953125,0.009765625,0.0029296875,0.0390625,0.119140625,0.119140625,0.1181640625,0.115234375,0.111328125,0.1064453125,0.080078125,0.0634765625,0.0341796875,0.017578125,0.0048828125,0.080078125,0.119140625,0.7314453125,6.812897494899096,0.9277216925090558,0.0,0.5739988182941708,0.005750029921263,0.5775862068965517,0.0121908240818978,0.0031494926264235,0.0,54.556640625,1.2611484921630294,57.0,0.0170927810475197,0.0015795577841152,0.0092327186958893,0.0131607325252896,0.0028604586555641,0.0,0.2470091628318502,0.0042014730878316,0.2338308457711442,0.4400983777396188,0.0056709270438817,0.4444444444444444,0.011718991788268,0.0026341281595489,0.0,0.9249898645211942,0.0015022589972723,0.9298960566520692,0.93634565488901,0.0021476595884529,0.9432688355445862,0.9144864559057168,0.0012530924819867,0.9170162975788116,0.8737930092221744,0.0098824841550585,0.9390862944162436,0.9515245156944728,0.0015669818099116,0.9580675363540648,8.619169394391395,0.4241620907807882,10.422460556030272,0.8552897135416667,0.0058205012740407,0.8666666666666667,0.8218098958333335,0.0071683874734742,0.8000000000000002,0.0236979166666666,0.0052863825884429,0.0,0.7149088541666667,0.0103244368565571,0.7333333333333334,0.0918619791666666,0.0085500199643264,0.0,,,,,,,,,,,,,,,,0.1645886996687209,0.0111565913285783,0.0902771436398502,0.1083972283137715,0.0112413179564104,0.0285714285714285,0.089918625000452,0.0110344383401678,0.0094786729857819,0.7529908371681497,0.0042014730878316,0.7661691542288558,0.5007260878231307,0.0052743443749531,0.5012225231203333,0.6084871328447395,0.0048216739566242,0.6111623483298267,6.292930524906995,0.9520017383832178,0.0,483826.79276345903,224619.0,9.699079718761748,10.593617574020346,2.16219893427537,0.911001338128123,0.2785720387995351,,,,,,,
k-SemStamp,kmeans,context,best-of-n,sentence-nltk,,,sentence,nltk,,,64.0,attack,direct,split_midpoint-ratio=0.2,other,split_midpoint-ratio=0.2,,,,,,,,,,1024,3,c4-val-def-256|c4-val-def-256b|c4-val-def-512,1.1547005383792517,1.7614096918559583,2.840187787218772,0.9928183555603028,0.9853515625,0.9716796875,0.9150390625,0.02734375,5.288893357989381,5.950402992407336,0.6615096344179555,,,,,,,,,,,,,,,,,,,,,,,,,,,,,,,,,,,,6.171106097102809,0.8899412769771289,0.0,1.0,0.0,1.0,0.0,0.0,0.0,95.1728515625,2.0355489187686207,104.0,0.0,0.0,0.0,0.0668961571636985,0.0041741329371025,0.0588235294117647,0.0,0.0,0.0,0.0,0.0,0.0,0.1203166596398186,0.0061481945566757,0.1111111111111111,,,,,,,,,,0.8847856092771295,0.0097642293664234,0.9472614462986736,,,,,,,,,,,,,,,,,,,,,,,,,,,,,,,,,,,,,,,,,,,,,,1.0,0.0,1.0,1.0,0.0,1.0,1.0,0.0,1.0,5.197808683989346,0.8446497034916504,0.0,,0.0,,,,,0.972026552960388,,,,,,,
k-SemStamp,kmeans,context,best-of-n,sentence-nltk,,,sentence,nltk,,,64.0,attack,direct,split_midpoint-ratio=0.5,other,split_midpoint-ratio=0.5,,,,,,,,,,1024,3,c4-val-def-256|c4-val-def-256b|c4-val-def-512,1.1547005383792517,1.7614096918559583,2.840187787218772,0.9810609817504884,0.9619140625,0.916015625,0.7666015625,0.0830078125,4.537611719858933,5.950402992407336,1.4127912725484038,,,,,,,,,,,,,,,,,,,,,,,,,,,,,,,,,,,,6.013119253068568,0.8772974901009446,0.0,1.0,0.0,1.0,0.0,0.0,0.0,95.1728515625,2.0355489187686207,104.0,0.0,0.0,0.0,0.1509470951218224,0.0052195818103735,0.1538461538461538,0.0,0.0,0.0,0.0,0.0,0.0,0.2558438273436266,0.0071555922352144,0.2666666666666666,,,,,,,,,,0.8871602832032169,0.0096978696392464,0.9495768437522224,,,,,,,,,,,,,,,,,,,,,,,,,,,,,,,,,,,,,,,,,,,,,,1.0,0.0,1.0,1.0,0.0,1.0,1.0,0.0,1.0,5.110096605502451,0.8389349797866029,0.0,,0.0,,,,,0.9305700272553368,,,,,,,
k-SemStamp,kmeans,context,best-of-n,sentence-nltk,,,sentence,nltk,,,64.0,attack,direct,split_midpoint-ratio=1.0,other,split_midpoint-ratio=1.0,,,,,,,,,,1024,3,c4-val-def-256|c4-val-def-256b|c4-val-def-512,1.1547005383792517,1.7614096918559583,2.840187787218772,0.9320478439331056,0.8173828125,0.71484375,0.5244140625,0.28515625,3.5634757968768493,5.950402992407336,2.382879467215661,,,,,,,,,,,,,,,,,,,,,,,,,,,,,,,,,,,,6.042652066090904,0.89142032237659,0.0,1.0,0.0,1.0,0.0,0.0,0.0,95.1728515625,2.0355489187686207,104.0,0.0,0.0,0.0,0.2756257701909248,0.0064210494017721,0.2857142857142857,0.0,0.0,0.0,0.0,0.0,0.0,0.4234293656934029,0.0073112900067718,0.4444444444444444,,,,,,,,,,0.8900605249710496,0.0097342428675638,0.9532144497168222,,,,,,,,,,,,,,,,,,,,,,,,,,,,,,,,,,,,,,,,,,,,,,1.0,0.0,1.0,1.0,0.0,1.0,1.0,0.0,1.0,5.796762585867003,0.909691942362942,0.0,,0.0,,,,,0.8567258237938902,,,,,,,
k-SemStamp,kmeans,context,best-of-n,sentence-nltk,,,sentence,nltk,,,64.0,attack,direct,synonym_substitution-ratio=0.1,other,synonym_substitution-ratio=0.1,,,,,,,,,,1024,3,c4-val-def-256|c4-val-def-256b|c4-val-def-512,1.1547005383792517,1.7614096918559583,2.840187787218772,0.9945192337036132,0.984375,0.9736328125,0.9375,0.025390625,5.633903088364345,5.950402992407336,0.3164999040429913,,,,,,,,,,,,,,,,,,,,,,,,,,,,,,,,,,,,5.17795585309704,0.7830271752589522,0.0,0.9324737694638568,0.0018502702394633,0.9333333333333332,0.0015239760788722,0.0007420841254097,0.0,88.59375,1.888061722272584,96.0,0.0002389560318726,9.873325006029386e-05,0.0,0.0031054992227938,0.0020576994888327,0.0,0.0404048917752141,0.0009642847613441,0.0393848517528179,0.1125878401026804,0.0025050487324727,0.1082362654527603,0.0034790271406755,0.0022636719987236,0.0,,,,,,,,,,0.8931003107956731,0.0091578512818965,0.9507886239443616,,,,,,,,,,,,,,,,,,,,,,,,,,,,,,,,,,,,,,,,,,,,,,0.959595108224786,0.0009642847613441,0.960615148247182,0.9212627091479596,0.0018067454910791,0.9233791748526524,0.9592844292938306,0.0009712596007683,0.9603960396039604,3.932840202300001,0.7154774903472285,0.0,,0.0,,,,,0.8733313770085165,,,,,,,
k-SemStamp,kmeans,context,best-of-n,sentence-nltk,,,sentence,nltk,,,64.0,attack,direct,synonym_substitution-ratio=0.25,other,synonym_substitution-ratio=0.25,,,,,,,,,,1024,3,c4-val-def-256|c4-val-def-256b|c4-val-def-512,1.1547005383792517,1.7614096918559583,2.840187787218772,0.9885811805725098,0.966796875,0.9482421875,0.8876953125,0.05078125,5.144408704466234,5.950402992407336,0.8059942879411028,,,,,,,,,,,,,,,,,,,,,,,,,,,,,,,,,,,,4.262240736860897,0.689142514584017,0.0,0.8334174229112771,0.0028976433208257,0.8333333333333334,0.0033050382135369,0.0014952236575223,0.0,78.974609375,1.6778469196417602,85.0,0.0016219146303293,0.0003238818940689,0.0,0.0067447966432243,0.0024060119722526,0.0,0.0995073424478938,0.0015546764489976,0.0988123738440595,0.2553078379327305,0.0033288513755267,0.2532791110601982,0.0084061155566099,0.0028174985952893,0.0,,,,,,,,,,0.9014591706759004,0.0086378209426993,0.9555484931809703,,,,,,,,,,,,,,,,,,,,,,,,,,,,,,,,,,,,,,,,,,,,,,0.9004926575521062,0.0015546764489976,0.9011876261559404,0.8092818005721442,0.0027705789177026,0.8089388264669164,0.8987449666950308,0.0015811721358446,0.8990506053479662,3.068526902784114,0.624849165092905,0.0,,0.0,,,,,0.7029580212610286,,,,,,,
k-SemStamp,kmeans,context,best-of-n,sentence-nltk,,,sentence,nltk,,,64.0,attack,direct,synonym_substitution-ratio=0.5,other,synonym_substitution-ratio=0.5,,,,,,,,,,1024,3,c4-val-def-256|c4-val-def-256b|c4-val-def-512,1.1547005383792517,1.7614096918559583,2.840187787218772,0.971059799194336,0.9248046875,0.8798828125,0.7705078125,0.119140625,4.392613783877611,5.950402992407336,1.557789208529726,,,,,,,,,,,,,,,,,,,,,,,,,,,,,,,,,,,,4.0034622881209385,0.6593679618978536,0.0,0.6785638913740684,0.0038593334613448,0.6756756756756757,0.007283098461753,0.0018519531942733,0.0,63.9931640625,1.3588731122093003,69.0,0.0062628713834525,0.0007356122602259,0.0,0.0114197308711116,0.0026804778753494,0.0,0.194200931004864,0.0021858726559475,0.1936121382124186,0.4535611646452231,0.0035596064510519,0.4529457065845206,0.0133471800756667,0.0033505485781669,0.0,,,,,,,,,,0.9010313404199556,0.0084488358428304,0.9512651868091716,,,,,,,,,,,,,,,,,,,,,,,,,,,,,,,,,,,,,,,,,,,,,,0.8057990689951359,0.0021858726559475,0.8063878617875814,0.639287225589958,0.0035676759306178,0.6407758204633205,0.800426697662633,0.002254194925108,0.8014321582291454,2.812548415550114,0.5982886738042702,0.0,,0.0,,,,,0.4655414332696821,,,,,,,
k-SemStamp,kmeans,context,best-of-n,sentence-nltk,,,sentence,nltk,,,64.0,attack,direct,synonym_substitution-ratio=0.75,other,synonym_substitution-ratio=0.75,,,,,,,,,,1024,3,c4-val-def-256|c4-val-def-256b|c4-val-def-512,1.1547005383792517,1.7614096918559583,2.840187787218772,0.935549259185791,0.8447265625,0.7705078125,0.607421875,0.228515625,3.5360046999844257,5.950402992407336,2.4143982924229106,,,,,,,,,,,,,,,,,,,,,,,,,,,,,,,,,,,,4.787217244004572,0.7110366447826433,0.3944911297852474,0.5300461811752797,0.0045429647274729,0.5208333333333334,0.0131093181018846,0.0025466006843831,0.0,49.6806640625,1.0643871050118483,53.0,0.0167048011113528,0.0014759448205666,0.0072560830376954,0.0189712688612297,0.0032594886931563,0.0,0.2840740116161677,0.0025751259009434,0.2823978446340368,0.6177373374477547,0.0035623922300458,0.6176470588235294,0.0217909218520145,0.0041492497492068,0.0,,,,,,,,,,0.8880220031953934,0.008658457074235,0.9392712550607288,,,,,,,,,,,,,,,,,,,,,,,,,,,,,,,,,,,,,,,,,,,,,,0.7159259883838323,0.0025751259009434,0.7176021553659633,0.4902893062704193,0.0037968699890339,0.4907862268806737,0.7056565978207592,0.0026612528469176,0.7072467449035237,3.182722933960031,0.6275407600893248,0.0,,0.0,,,,,0.2821184239444824,,,,,,,
k-SemStamp,kmeans,context,best-of-n,sentence-nltk,,,sentence,nltk,,,64.0,attack,direct,synonym_substitution-ratio=1.0,other,synonym_substitution-ratio=1.0,,,,,,,,,,1024,3,c4-val-def-256|c4-val-def-256b|c4-val-def-512,1.1547005383792517,1.7614096918559583,2.840187787218772,0.8692164421081543,0.6826171875,0.5703125,0.3984375,0.4287109375,2.666891875631031,5.950402992407336,3.2835111167763054,,,,,,,,,,,,,,,,,,,,,,,,,,,,,,,,,,,,7.172272322285947,0.9222554560062668,1.071442237783645,0.3867574951697374,0.0048272715431214,0.3777777777777777,0.0222188101971153,0.0036097810544006,0.0,35.890625,0.7835067432026296,37.0,0.0360430524283605,0.0024496970222155,0.026743469553927,0.0285176971561074,0.0037688883824886,0.0,0.3699905891900686,0.0030035114918319,0.369047619047619,0.759471815585727,0.0034281956553869,0.7633758178844057,0.0306266853657323,0.0045975232604708,0.0,,,,,,,,,,0.8607889902908974,0.0097209564370668,0.9198392759364834,,,,,,,,,,,,,,,,,,,,,,,,,,,,,,,,,,,,,,,,,,,,,,0.6300094108099313,0.0030035114918319,0.6309523809523809,0.3606406069502376,0.0039851148773196,0.3578341626324913,0.6142153745844834,0.0030976500363284,0.6140350877192983,6.02342557679607,0.9290031290984284,0.0,,0.0,,,,,0.1422511776617751,,,,,,,
k-SemStamp,kmeans,context,best-of-n,sentence-nltk,,,sentence,nltk,,,64.0,watermark,direct,none,none,none,,,,,,,,,,1024,3,c4-val-def-256|c4-val-def-256b|c4-val-def-512,1.1547005383792517,1.7614096918559583,2.840187787218772,0.9957313537597656,0.990234375,0.9853515625,0.962890625,0.013671875,5.950402992407336,5.950402992407336,0.0,64.0,64.0,64.0,14172.0,14133.0,1.0,64.0,64.0,64.0,,,,,,,,,,,,,,,,,,,,,,,,,,,6.429199376870891,0.9174359596562162,0.0,,,,,,,,,,,,,,,,,,,,,,,,,,,,,,,,,,0.8822977454167876,0.0099028157526389,0.9461883408071748,,,,5.859590024789511,0.1957022575568335,6.193905115127564,,,,,,,,,,,,,,,,0.7516438802083334,0.0162562842681593,0.8666666666666666,0.740234375,0.0181628452890846,0.8666666666666667,0.8557942708333334,0.0131057624699061,1.0,0.6635416666666667,0.0193055200908771,0.7333333333333334,0.7470052083333334,0.0197063542850366,0.9333333333333332,0.1465020258889204,0.0099133903725281,0.0867553789338471,0.0936361622866952,0.0097576545286611,0.028081191588785,0.0747375261179712,0.0094256388853801,0.010204081632653,,,,,,,,,,5.942198312915108,0.9287923491320662,0.0,495769.530916214,280400.0,10.256631886823772,11.10577314927054,2.419343249770645,0.1758771860406897,,,,,,,,
k-SemStamp,kmeans,context,best-of-n,sentence-nltk,,,sentence,nltk,,,,human,direct,none,none,none,,,,,,,,,,1024,1,c4-human-def,1.1547005383792517,1.7614096918559583,2.840187787218772,,,,,,-0.1450235868085192,,,,,,,,,,,,,,,,,,,,,,,,,,,,,,,,,,,,,,,,,,,,,,,,,,,,,,,,,,,,,,,,,,,,,,,,,,,,,,,,,,,,,,,,,,,,,,,,,,,,,,,,,,,,,,,,,,,,,,,,,,,,,,,,,,,,,,,,,,,,,0.0986328125,0.048828125,0.0087890625,1.0639914702941775,1.1547005383792517,1.747198238077556,2.8394160879640715
k-SemStamp,kmeans,context,rejection,sentence-nltk,,,sentence,nltk,,,64.0,attack,direct,adaptive-Qwen2.5-3B-Instruct-standard-K1-min-surr=bge,adaptive,K1-min-positional-bge,1.0,bge,positional,Qwen2.5-3B-Instruct,sentence-nltk,min,,,,1024,3,c4-val-def-256|c4-val-def-256b|c4-val-def-512,1.1547005383792517,1.7614096918559583,2.840187787218772,0.90543794631958,0.771484375,0.6806640625,0.443359375,0.318359375,2.6408255026031537,5.3791118565319325,2.7382863539287774,,,,,,,,,,0.3173828125,0.31640625,0.31640625,0.3134765625,0.3134765625,0.310546875,0.2978515625,0.2861328125,0.259765625,0.189453125,0.0947265625,0.2978515625,0.5546875,0.552734375,0.552734375,0.5478515625,0.544921875,0.5380859375,0.5166015625,0.4921875,0.4423828125,0.3310546875,0.16796875,0.5166015625,0.5556640625,0.9375,1.933805292346944,0.6165071676203393,0.0,0.5717514745045933,0.0078002721906383,0.5693376068376068,0.1193687402115117,0.0072388106460623,0.1,58.86328125,1.2846861582761873,60.0,0.0413021699694411,0.0027537866469035,0.0305010893246187,0.1042950878197157,0.0056140669412882,0.0909090909090909,0.2779435667545514,0.0051987956848652,0.2741644417593982,0.5241640229286109,0.0077507475694538,0.5325971463266546,0.0748771123871829,0.0063137700091492,0.0,0.938541866664309,0.0013142576225317,0.9410430490970612,0.9429932198836468,0.001254755210025,0.9444470703601836,0.9342516783508472,0.0014961374102835,0.9375765323638916,0.9458214524793288,0.0063975050060337,0.9689280082386638,0.9700168551062234,0.0010921066382919,0.9735544621944427,8.620190469860459,0.2659003034511464,9.218501567840576,0.9409342447916668,0.0047239875002403,0.9666666666666668,0.9574869791666668,0.0045774777142525,1.0,0.0155598958333333,0.0043854238296113,0.0,0.9306640625,0.0069154606630837,1.0,0.1088541666666666,0.0087587941776959,0.0666666666666666,,,,,,,,,,,,,,,,0.087761945157914,0.0068386977585245,0.0629370629370629,0.0414685365383704,0.0066314877079261,0.0150187969924812,0.0280946402629157,0.0064796030453155,0.00364299933643,0.7220564332454484,0.0051987956848652,0.7258355582406018,0.4649086949498071,0.0078142855520636,0.4569664902998236,0.6065471555798347,0.006971291319956,0.6079275440567741,2.0754167251185045,0.7391521580855163,0.0,549799.2380523682,255233.0,10.34010185872194,11.10193310957407,2.399015490799396,0.9577218480127996,0.3139734599815525,,,,,,,
k-SemStamp,kmeans,context,rejection,sentence-nltk,,,sentence,nltk,,,64.0,attack,direct,adaptive-Qwen2.5-3B-Instruct-standard-K16-min-surr=bge,adaptive,K16-min-positional-bge,16.0,bge,positional,Qwen2.5-3B-Instruct,sentence-nltk,min,,,,1024,3,c4-val-def-256|c4-val-def-256b|c4-val-def-512,1.1547005383792517,1.7614096918559583,2.840187787218772,0.8243460655212402,0.58984375,0.4521484375,0.2177734375,0.5478515625,1.609920866634464,5.3791118565319325,3.7670528949455377,,,,,,,,,,0.54296875,0.5400390625,0.5390625,0.53125,0.517578125,0.5009765625,0.4609375,0.419921875,0.3330078125,0.2119140625,0.0869140625,0.4609375,0.77734375,0.7734375,0.7705078125,0.7587890625,0.740234375,0.7177734375,0.66015625,0.5966796875,0.462890625,0.30078125,0.119140625,0.66015625,0.7822265625,0.8486328125,1.5687042524564565,0.4964621480083647,0.0,0.4843514964818416,0.0075097531693868,0.4830620199472658,0.1696312240437926,0.0092947428312992,0.1428571428571428,49.8134765625,1.138695362400017,50.0,0.0777481430681513,0.0046768196597116,0.0576036866359447,0.1557282178296485,0.0074391616084431,0.1346153846153847,0.3494215933696994,0.0057226930546742,0.3389012749947747,0.6142175289365072,0.0071153241242402,0.6153846153846154,0.1126320620851619,0.008119643071282,0.1,0.9188333960482852,0.001468291880917,0.9207793772220612,0.9237203589291312,0.0015421470034283,0.927342802286148,0.914225343905855,0.0016241470834204,0.9165835976600648,0.9534358590424548,0.0055792242659411,0.974210176255404,0.953029095486272,0.0015639222503188,0.9590071439743042,9.900728181627995,0.335289785927191,10.73716163635254,0.8956380208333334,0.0062818259281165,0.9166666666666666,0.915625,0.0065069837260415,0.9333333333333332,0.0263671875,0.0052959693737253,0.0,0.8750651041666668,0.0096606364573093,0.9333333333333332,0.1817708333333333,0.0109126487167354,0.1333333333333333,,,,,,,,,,,,,,,,0.0802603738061478,0.0060470654528207,0.0562770562770562,0.0365953450567353,0.0055997742022853,0.0123966942148759,0.0239898749780522,0.0053199965493095,0.0,0.6505784066303005,0.0057226930546742,0.6610987250052254,0.3665749551676177,0.0069837634417534,0.3602469135802469,0.4992475885680528,0.0070719017528,0.5023705201662735,1.6042568714864336,0.6359726372187785,0.0,559490.4241256714,244041.0,10.31969676001644,11.067355366803532,2.414664893083924,0.6764980264225128,0.219220257992317,,,,,,,
k-SemStamp,kmeans,context,rejection,sentence-nltk,,,sentence,nltk,,,64.0,attack,direct,adaptive-Qwen2.5-3B-Instruct-standard-K2-min-surr=bge,adaptive,K2-min-positional-bge,2.0,bge,positional,Qwen2.5-3B-Instruct,sentence-nltk,min,,,,1024,3,c4-val-def-256|c4-val-def-256b|c4-val-def-512,1.1547005383792517,1.7614096918559583,2.840187787218772,0.8760542869567871,0.6884765625,0.580078125,0.3603515625,0.419921875,2.2568231358060267,5.3791118565319325,3.1195182677395943,,,,,,,,,,0.419921875,0.4189453125,0.41796875,0.4169921875,0.4111328125,0.3955078125,0.373046875,0.3486328125,0.298828125,0.205078125,0.095703125,0.373046875,0.6396484375,0.6376953125,0.63671875,0.634765625,0.6240234375,0.6015625,0.5673828125,0.53125,0.4501953125,0.3212890625,0.146484375,0.5673828125,0.6396484375,0.90234375,2.0536468562340806,0.6526965928216769,0.0,0.5401954721404849,0.0075815640337826,0.5365853658536586,0.1423241216741469,0.0079836723594934,0.125,55.5078125,1.2118475876666788,56.0,0.0480189149429127,0.0036564080796609,0.0355781448538754,0.1275836172718762,0.0066164016746689,0.111111111111111,0.300512199734332,0.0052522762921912,0.29608310996111,0.5542940076186114,0.0072997572078456,0.5600117862755369,0.0908618778575224,0.0075622914575491,0.0714285714285714,0.9332217330811544,0.0012952746075119,0.9354364573955536,0.9382460053893736,0.0011983303530689,0.9410232305526732,0.9283566489466466,0.0015017943830558,0.9308791160583496,0.9460635578470116,0.0067056526704684,0.9701492537313432,0.9652931182063184,0.0011950996056294,0.9690837860107422,8.830668801755326,0.3002665866569982,9.564021110534668,0.9257975260416668,0.0052130483997477,0.95,0.945703125,0.0050333080948368,1.0,0.0203125,0.004964994741048,0.0,0.9069010416666669,0.008161218005602,1.0,0.1291015625,0.0093216548646293,0.0666666666666666,,,,,,,,,,,,,,,,0.0882508953010896,0.0069707260394818,0.0638297872340425,0.0424034271008442,0.0068263997401002,0.0154440154440154,0.0290734628655248,0.0067127110706246,0.00365631934975,0.699487800265668,0.0052522762921912,0.70391689003889,0.4323812522953182,0.0072843919347921,0.4262618737195008,0.5739877164992883,0.0067635249921113,0.5748890062391206,2.0002536535132185,0.7125480444220865,0.0,548785.6343269348,251941.0,10.339602331995344,11.092888915972122,2.426730916626955,0.9004378532608851,0.2835247318115664,,,,,,,
k-SemStamp,kmeans,context,rejection,sentence-nltk,,,sentence,nltk,,,64.0,attack,direct,adaptive-Qwen2.5-3B-Instruct-standard-K32-min-surr=bge,adaptive,K32-min-positional-bge,32.0,bge,positional,Qwen2.5-3B-Instruct,sentence-nltk,min,,,,1024,3,c4-val-def-256|c4-val-def-256b|c4-val-def-512,1.1547005383792517,1.7614096918559583,2.840187787218772,0.7995867729187012,0.5419921875,0.4296875,0.197265625,0.568359375,1.4870138327555409,5.3791118565319325,3.8956665766618728,,,,,,,,,,0.5654296875,0.5634765625,0.5595703125,0.548828125,0.5322265625,0.5087890625,0.4521484375,0.3974609375,0.298828125,0.1611328125,0.0595703125,0.4521484375,0.796875,0.794921875,0.7900390625,0.77734375,0.751953125,0.7216796875,0.642578125,0.5673828125,0.4267578125,0.2451171875,0.09375,0.642578125,0.80078125,0.8017578125,1.838178683253759,0.5491185768955741,0.0,0.4644589491205682,0.0072809371971001,0.4618037135278514,0.1739792774936841,0.009527045575619,0.1558704453441295,47.69140625,1.0842555107087246,48.0,0.0904193199258226,0.0054027897034327,0.0704893176442878,0.164468264533055,0.008251827442995,0.1428571428571429,0.3679046246442302,0.0060170427157965,0.3609985368948506,0.6308180872535828,0.0069683457448892,0.633827097433278,0.1240946766590968,0.0087883573308845,0.1,0.913735308102332,0.0015979488549343,0.9162115156650544,0.9181786367553286,0.0017974643512183,0.9231930375099182,0.9096536554279736,0.001678851656653,0.9110312759876252,0.9504203634866224,0.0060220274940272,0.9736842105263158,0.948493123636581,0.0016845560732377,0.954300820827484,9.92283653480166,0.3824124587795793,10.82896327972412,0.88291015625,0.0063422827725304,0.9,0.9061848958333334,0.0066404821772381,0.9333333333333332,0.0251953125,0.0053602387872809,0.0,0.8602864583333334,0.0098944481335279,0.9333333333333332,0.2096354166666666,0.0115576567491023,0.2,,,,,,,,,,,,,,,,0.0843168464763467,0.0066370901962824,0.0583333333333333,0.040355587102974,0.0062353226734625,0.0133111849390918,0.0275691236218188,0.0059925424689759,0.0032520411184906,0.6320953753557699,0.0060170427157965,0.6390014631051494,0.3479168914940617,0.0067238724382093,0.3421057150216066,0.4700290555591196,0.006912659073538,0.4657011398096832,1.7355245061708482,0.6434519385136529,0.0,571059.166519165,248845.0,10.30399885149814,11.04666838891954,2.3965499729523483,0.5491100715091332,0.2054590407539896,,,,,,,
k-SemStamp,kmeans,context,rejection,sentence-nltk,,,sentence,nltk,,,64.0,attack,direct,adaptive-Qwen2.5-3B-Instruct-standard-K4-min-surr=bge,adaptive,K4-min-positional-bge,4.0,bge,positional,Qwen2.5-3B-Instruct,sentence-nltk,min,,,,1024,3,c4-val-def-256|c4-val-def-256b|c4-val-def-512,1.1547005383792517,1.7614096918559583,2.840187787218772,0.8535919189453125,0.6474609375,0.546875,0.318359375,0.4521484375,2.0448802917606894,5.3791118565319325,3.334231564771242,,,,,,,,,,0.4501953125,0.44921875,0.4482421875,0.4453125,0.4375,0.4287109375,0.400390625,0.37109375,0.3125,0.197265625,0.09765625,0.400390625,0.6787109375,0.677734375,0.67578125,0.6728515625,0.65625,0.6435546875,0.5986328125,0.5517578125,0.4599609375,0.2958984375,0.1484375,0.5986328125,0.6806640625,0.8828125,2.030507070109375,0.6439471710141593,0.0,0.5180303674857633,0.0074721812432153,0.5163978494623656,0.1493175181198308,0.0082549124169293,0.125,53.3291015625,1.1984213067298106,54.0,0.0608140910828424,0.0041005722981037,0.0433734939759036,0.1340845307548401,0.0067174551886329,0.1181102362204725,0.3201331893376115,0.0055970290709438,0.3139013452914798,0.5780594695520638,0.0073117120631677,0.5816067653276955,0.0970468586723606,0.0076006067876605,0.0833333333333333,0.9275501454249024,0.0014359594538001,0.929462105035782,0.9328751760767772,0.001437169406731,0.935507506132126,0.922425205237232,0.0015754554740304,0.9244032204151154,0.9484310356728574,0.0066689204443128,0.9732142857142856,0.9606424464727752,0.0014554841147548,0.965803861618042,9.168052435483869,0.3435756219288983,9.874109268188477,0.9152669270833332,0.005583680429746,0.9499999999999998,0.9328776041666668,0.0058053411240105,1.0,0.0227864583333333,0.004970640464565,0.0,0.8994140625,0.0085530571861984,0.9333333333333332,0.1484375,0.0100295898445921,0.0666666666666666,,,,,,,,,,,,,,,,0.0851548474471956,0.0069267805199408,0.0586009043040293,0.0405786988388263,0.0067294298713125,0.0140845070422535,0.0277432784661315,0.0066135694386148,0.0035211704172091,0.6798668106623886,0.0055970290709438,0.6860986547085202,0.4042635713258985,0.0073058075577903,0.4010104060498535,0.5443526243528473,0.00700851860128,0.5472732852235718,2.162447297780196,0.7840485388399921,0.0,547069.1198883057,246903.0,10.311611472861706,11.057951872501295,2.430042719243491,0.8509090734964683,0.2554753845983581,,,,,,,
k-SemStamp,kmeans,context,rejection,sentence-nltk,,,sentence,nltk,,,64.0,attack,direct,adaptive-Qwen2.5-3B-Instruct-standard-K64-min-surr=bge,adaptive,K64-min-positional-bge,64.0,bge,positional,Qwen2.5-3B-Instruct,sentence-nltk,min,,,,1024,3,c4-val-def-256|c4-val-def-256b|c4-val-def-512,1.1547005383792517,1.7614096918559583,2.840187787218772,0.792543888092041,0.53125,0.3916015625,0.1630859375,0.6083984375,1.3404398389948202,5.3791118565319325,4.03679734489959,,,,,,,,,,0.5986328125,0.5966796875,0.59375,0.5791015625,0.556640625,0.5224609375,0.46484375,0.3984375,0.2802734375,0.17578125,0.064453125,0.46484375,0.8271484375,0.82421875,0.8212890625,0.7998046875,0.7666015625,0.71875,0.6376953125,0.544921875,0.3984375,0.2490234375,0.0908203125,0.6376953125,0.8369140625,0.7529296875,1.8009695282852651,0.5029434381148262,0.0,0.450886376052618,0.0074222112007496,0.4517679900744417,0.1693352644117739,0.0090275492094884,0.1428571428571428,46.2236328125,1.0691821009098026,46.5,0.1018819053920763,0.0055145699526843,0.0779461800185586,0.1621686927869276,0.007530360088415,0.1428571428571429,0.3830890182955748,0.0064560532041509,0.3707265917602996,0.6465637255234133,0.0068317467571931,0.649075414949315,0.125163030664479,0.0088555943064439,0.1,0.9094699825509452,0.0016991530358564,0.9132080972194672,0.9133523599011824,0.0019863084512858,0.9194084107875824,0.906051641853992,0.0017565364401711,0.908247709274292,0.9486191538532788,0.0058073121909132,0.9743589743589745,0.9433653416926971,0.0022785421050782,0.9511601626873016,10.058256237224862,0.3917953949432753,11.141352653503418,0.86455078125,0.0071826890280829,0.8833333333333333,0.8921223958333335,0.0072548069490333,0.9333333333333332,0.0362630208333333,0.0064061178825712,0.0,0.8415364583333333,0.0105728104455956,0.8666666666666667,0.2391927083333333,0.0127547275757108,0.2,,,,,,,,,,,,,,,,0.0884973555170729,0.0066772140653311,0.0598684469652211,0.0425878934615388,0.0061198965779681,0.0138888888888888,0.0285050978360781,0.0058010046259441,0.0032949018586069,0.616910981704425,0.0064560532041509,0.6292734082397003,0.3314362366453995,0.0065752453562138,0.3269366467249578,0.4486026513707533,0.0071253007878983,0.4494845360824742,1.6134361817556728,0.6087838061158909,0.0,589554.5463638306,255396.0,10.31915257760676,11.0732827704142,2.350064394860797,0.5004834093920162,0.19119894113142,,,,,,,
k-SemStamp,kmeans,context,rejection,sentence-nltk,,,sentence,nltk,,,64.0,attack,direct,adaptive-Qwen2.5-3B-Instruct-standard-K8-min-surr=bge,adaptive,K8-min-positional-bge,8.0,bge,positional,Qwen2.5-3B-Instruct,sentence-nltk,min,,,,1024,3,c4-val-def-256|c4-val-def-256b|c4-val-def-512,1.1547005383792517,1.7614096918559583,2.840187787218772,0.8421931266784668,0.66015625,0.52734375,0.279296875,0.4716796875,1.8800879455092143,5.3791118565319325,3.499023911022716,,,,,,,,,,0.4716796875,0.4716796875,0.4716796875,0.4677734375,0.458984375,0.443359375,0.41015625,0.369140625,0.3046875,0.21484375,0.0888671875,0.41015625,0.7197265625,0.7197265625,0.7197265625,0.7158203125,0.7041015625,0.6826171875,0.6318359375,0.5751953125,0.4833984375,0.3330078125,0.1357421875,0.6318359375,0.7197265625,0.884765625,1.706682860132604,0.574337731013946,0.0,0.5007077367658919,0.0075426546593016,0.5,0.165103456062747,0.0089043850454114,0.1428571428571428,51.4912109375,1.1574422046419628,52.0,0.0680008555581968,0.0049471248895732,0.0483333333333333,0.1496512497239122,0.007388411244964,0.125,0.3353418136824477,0.0058357801721466,0.3258413346196001,0.5955800226603163,0.006993648724343,0.6,0.1063155946612326,0.0082720879167411,0.0833333333333333,0.923510637076106,0.0014968856576731,0.9259075820446014,0.9290466294623912,0.001490227200641,0.9326110184192656,0.9182335408986546,0.0016778585226424,0.9211812019348145,0.951643350942972,0.0061068363948173,0.9729118258530024,0.9569617180968636,0.001575237836681,0.9619024395942688,9.536681858536326,0.3439486803912585,10.28187370300293,0.9153157552083334,0.0051804937709028,0.9499999999999998,0.9311197916666668,0.0056829304697357,1.0,0.0166015625,0.0037991479261487,0.0,0.8988281250000001,0.0084161207425932,0.9333333333333332,0.1520833333333333,0.0102052409139836,0.1333333333333333,,,,,,,,,,,,,,,,0.0815986891314654,0.0063602417171343,0.0590478542580701,0.0373752974809196,0.0060506018078356,0.0141426095073005,0.0244416811837921,0.0058486929426323,0.0034542417372628,0.6646581863175522,0.0058357801721466,0.6741586653803999,0.3850360638950058,0.0070221370305203,0.3797444645126764,0.5219315340621506,0.0069395902518468,0.5230063514467185,1.6404248455109622,0.6618430136451974,0.0,549883.4301528931,243835.0,10.317348997847834,11.061710334179043,2.40557830011305,0.7993654654486647,0.2371204588807277,,,,,,,
k-SemStamp,kmeans,context,rejection,sentence-nltk,,,sentence,nltk,,,64.0,attack,direct,controlled_reorder-ratio=0.1,other,controlled_reorder-ratio=0.1,,,,,,,,,,1024,3,c4-val-def-256|c4-val-def-256b|c4-val-def-512,1.1547005383792517,1.7614096918559583,2.840187787218772,0.9810094833374025,0.955078125,0.9248046875,0.8330078125,0.07421875,4.51468153834863,5.3791118565319325,0.8644303181833012,,,,,,,,,,,,,,,,,,,,,,,,,,,,,,,,,,,,2.839608734225234,0.68235045187145,0.0,1.0,0.0,1.0,0.0,0.0,0.0,103.34375,1.8415469630804195,110.0,0.1089795451306852,0.0045936916988526,0.0975609756097561,0.0,0.0,0.0,0.0,0.0,0.0,0.0106974237382517,0.0005778976265465,0.0087719298245614,0.0,0.0,0.0,,,,,,,,,,0.9292414391215388,0.0072097667124665,0.9580491882616922,,,,,,,,,,,,,,,,,,,,,,,,,,,,,,,,,,,,,,,,,,,,,,1.0,0.0,1.0,0.9904473386456724,0.0004469308148891,0.9918032786885246,0.9089749342165068,0.0036820838532495,0.9201680672268908,2.8714474216374297,0.80017684055001,0.0,,0.0,,,,,0.98628355089734,,,,,,,
k-SemStamp,kmeans,context,rejection,sentence-nltk,,,sentence,nltk,,,64.0,attack,direct,controlled_reorder-ratio=0.25,other,controlled_reorder-ratio=0.25,,,,,,,,,,1024,3,c4-val-def-256|c4-val-def-256b|c4-val-def-512,1.1547005383792517,1.7614096918559583,2.840187787218772,0.9785518646240234,0.9462890625,0.923828125,0.82421875,0.0751953125,4.255470877062783,5.3791118565319325,1.1236409794691484,,,,,,,,,,,,,,,,,,,,,,,,,,,,,,,,,,,,2.8151449437156497,0.6790521314177401,0.0,1.0,0.0,1.0,7.051191651389084e-05,0.000138366301262,0.0,103.34375,1.8415469630804195,110.0,0.2691430981843419,0.0076023534529304,0.2634408602150537,3.641793218981021e-05,7.146296783960757e-05,0.0,0.0,0.0,0.0,0.015813516713807,0.0007246355356662,0.0135746606334841,0.0,0.0,0.0,,,,,,,,,,0.9293631430717252,0.0072002061419266,0.9580491882616922,,,,,,,,,,,,,,,,,,,,,,,,,,,,,,,,,,,,,,,,,,,,,,1.0,0.0,1.0,0.9856893371293932,0.0005952171729675,0.98744769874477,0.8294834240097829,0.0043065191019768,0.833984464419247,2.876097719256477,0.8001660601469974,0.0,,0.0,,,,,0.979155437783073,,,,,,,
k-SemStamp,kmeans,context,rejection,sentence-nltk,,,sentence,nltk,,,64.0,attack,direct,controlled_reorder-ratio=0.5,other,controlled_reorder-ratio=0.5,,,,,,,,,,1024,3,c4-val-def-256|c4-val-def-256b|c4-val-def-512,1.1547005383792517,1.7614096918559583,2.840187787218772,0.9682912826538086,0.9267578125,0.87890625,0.7001953125,0.119140625,3.754808989237629,5.3791118565319325,1.6278714201797848,,,,,,,,,,,,,,,,,,,,,,,,,,,,,,,,,,,,2.7912782752700496,0.675257899177401,0.0,1.0,0.0,1.0,0.0015105575569543,0.0019926381936491,0.0,103.34375,1.8415469630804195,110.0,0.4924848724413961,0.0095840057818063,0.4987827581268795,0.0012594664770827,0.0019450250944336,0.0,0.0,0.0,0.0,0.0235878926672867,0.0007937539668748,0.0213675213675213,0.0,0.0,0.0,,,,,,,,,,0.9294690830325082,0.0071882531214215,0.9583150504607284,,,,,,,,,,,,,,,,,,,,,,,,,,,,,,,,,,,,,,,,,,,,,,1.0,0.0,1.0,0.978415813793588,0.0006680313978999,0.9799196787148594,0.6963977991761034,0.0057756160644818,0.6940825269845005,2.8714474216374297,0.80017684055001,0.0,,0.0,,,,,0.966987219705415,,,,,,,
k-SemStamp,kmeans,context,rejection,sentence-nltk,,,sentence,nltk,,,64.0,attack,direct,controlled_reorder-ratio=0.75,other,controlled_reorder-ratio=0.75,,,,,,,,,,1024,3,c4-val-def-256|c4-val-def-256b|c4-val-def-512,1.1547005383792517,1.7614096918559583,2.840187787218772,0.9366774559020996,0.8330078125,0.728515625,0.5078125,0.26953125,3.004464779312037,5.3791118565319325,2.3782156301053767,,,,,,,,,,,,,,,,,,,,,,,,,,,,,,,,,,,,2.795643341419926,0.6729436032105288,0.0,1.0,0.0,1.0,0.0015105575569543,0.0019926381936491,0.0,103.34375,1.8415469630804195,110.0,0.7289821239824769,0.0089431539251862,0.7517156189953336,0.0012594664770827,0.0019450250944336,0.0,0.0,0.0,0.0,0.035756808133681,0.0011623448633468,0.0327868852459016,0.0,0.0,0.0,,,,,,,,,,0.9294472546654228,0.0071778766922716,0.9579187997037896,,,,,,,,,,,,,,,,,,,,,,,,,,,,,,,,,,,,,,,,,,,,,,1.0,0.0,1.0,0.9670080363009448,0.0010377323795948,0.9691629955947136,0.510763395215418,0.0065202986761035,0.5021460808694851,2.8714474216374297,0.80017684055001,0.0,,0.0,,,,,0.9488606332467656,,,,,,,
k-SemStamp,kmeans,context,rejection,sentence-nltk,,,sentence,nltk,,,64.0,attack,direct,controlled_reorder-ratio=1.0,other,controlled_reorder-ratio=1.0,,,,,,,,,,1024,3,c4-val-def-256|c4-val-def-256b|c4-val-def-512,1.1547005383792517,1.7614096918559583,2.840187787218772,0.806544303894043,0.5908203125,0.4794921875,0.298828125,0.5185546875,1.945229210803726,5.3791118565319325,3.437451198613687,,,,,,,,,,,,,,,,,,,,,,,,,,,,,,,,,,,,2.8959722149871894,0.7007595174753333,0.0,1.0,0.0,1.0,0.0022723996416,0.0020645447332246,0.0,103.34375,1.8415469630804195,110.0,1.0,0.0,1.0,0.0016598578031848,0.0019654061203046,0.0,0.0,0.0,0.0,0.0542694667958873,0.0020117223454654,0.0497737556561085,0.0,0.0,0.0,,,,,,,,,,0.9290638864622252,0.0072673351215143,0.9579187997037896,,,,,,,,,,,,,,,,,,,,,,,,,,,,,,,,,,,,,,,,,,,,,,1.0,0.0,1.0,0.9495942005399772,0.0018763932724777,0.953125,0.2958253116240531,0.006678340112003,0.2688411332912611,2.8795854424707628,0.8002262653584319,0.0,,0.0,,,,,0.919894087069174,,,,,,,
k-SemStamp,kmeans,context,rejection,sentence-nltk,,,sentence,nltk,,,64.0,attack,direct,dipper-lex20-order20,dipper,lex20-order20,,,,,,,,20.0,20.0,1024,3,c4-val-def-256|c4-val-def-256b|c4-val-def-512,1.1547005383792517,1.7614096918559583,2.840187787218772,0.8776259422302246,0.7080078125,0.5947265625,0.3955078125,0.404296875,2.3715719459016604,5.3791118565319325,3.0075399106302703,,,,,,,,,,0.4033203125,0.4033203125,0.400390625,0.396484375,0.380859375,0.369140625,0.3427734375,0.298828125,0.2353515625,0.1474609375,0.0654296875,0.3427734375,0.6025390625,0.6025390625,0.5986328125,0.5927734375,0.572265625,0.5537109375,0.5126953125,0.4541015625,0.3544921875,0.21875,0.1015625,0.5126953125,0.603515625,0.85546875,2.5153989455089425,0.5993482728740346,0.0,0.6637422138954132,0.006731665453057,0.6693881631564915,0.0830719429254173,0.0066882961003615,0.0625,68.2880859375,1.3412342657284744,72.0,0.0492935665361916,0.003592542054575,0.0360733293908929,0.06577814774096,0.0055523887605629,0.0476190476190476,0.1956694266974467,0.0041731810884662,0.1876969077563707,0.3624434461667929,0.0061346797696291,0.3580260462393912,0.0364313194754957,0.005095350117788,0.0,0.9475583183811978,0.0011968538317407,0.9505769312381744,0.953753458103165,0.0012014459133697,0.956392228603363,0.9415650487644598,0.0013360799638588,0.9449461102485656,0.9225416264677838,0.0065912777330041,0.9463112275750856,0.9686578479595482,0.0016656351299945,0.9749902188777924,7.7405585433051325,0.3746081836031497,8.123067855834961,0.8987792968749999,0.0058109905233858,0.9166666666666666,0.8955078125000002,0.0065962534737534,0.9333333333333332,0.0158854166666666,0.0042963075605268,0.0,0.8336588541666666,0.0101240569420972,0.8666666666666667,0.1181640625,0.0091617727505558,0.0666666666666666,,,,,,,,,,,,,,,,0.1080472934979195,0.0069069104564237,0.0829302400220077,0.0520748062940523,0.0066092313449851,0.0248080417326065,0.0346004859345819,0.0062907015051522,0.0079523177132738,0.8043305733025533,0.0041731810884662,0.8123030922436292,0.6055739489224417,0.0061404450532388,0.6105046408726884,0.6674107034533642,0.0057773149620919,0.6698699830412662,2.305526834023109,0.6792062659102371,0.0,389069.4686012268,190117.0,10.15194299835607,11.030156041523632,2.341846975755713,0.9949621003682632,0.4387096234771576,,,,,,,
k-SemStamp,kmeans,context,rejection,sentence-nltk,,,sentence,nltk,,,64.0,attack,direct,dipper-lex20-order40,dipper,lex20-order40,,,,,,,,20.0,40.0,1024,3,c4-val-def-256|c4-val-def-256b|c4-val-def-512,1.1547005383792517,1.7614096918559583,2.840187787218772,0.8632168769836426,0.65625,0.52734375,0.298828125,0.470703125,2.0743583348865164,5.3791118565319325,3.308322074530897,,,,,,,,,,0.4697265625,0.4697265625,0.4638671875,0.4580078125,0.4423828125,0.41796875,0.3720703125,0.33203125,0.2607421875,0.1474609375,0.060546875,0.3720703125,0.6982421875,0.6962890625,0.6904296875,0.68359375,0.6611328125,0.626953125,0.560546875,0.498046875,0.392578125,0.2177734375,0.087890625,0.560546875,0.69921875,0.8095703125,2.78746789819643,0.6296733594064721,0.0,0.6552113720433447,0.0068328697428978,0.6608537417544924,0.0830562984200508,0.0066108738859962,0.0666666666666666,67.58984375,1.3312566460473332,71.0,0.1048415587461957,0.0052639942715243,0.0919959887045349,0.0640674811210243,0.0051597108031646,0.0434782608695651,0.1981204124721221,0.0043093059248593,0.1923076923076923,0.3676707347812864,0.0061231171434454,0.3627884782231476,0.0344209451694683,0.004929897512629,0.0,0.9430703051621094,0.0011159891192817,0.9456730484962464,0.949329719063826,0.0010985833680959,0.951164036989212,0.9370140105020256,0.0012867567206797,0.939944177865982,0.9196767534131997,0.0068041331823815,0.946513060892146,0.96425187663408,0.0015303136813966,0.9703441858291626,8.069524820482947,0.2990332468580214,8.38316011428833,0.8884602864583333,0.0060319269926478,0.9166666666666666,0.8847005208333334,0.0069586877007953,0.9333333333333332,0.0199869791666666,0.00542118110153,0.0,0.8221354166666668,0.0106318359032749,0.8666666666666667,0.1330078125,0.0092000235671874,0.0666666666666666,,,,,,,,,,,,,,,,0.1114987663198314,0.0070317073086468,0.0842298052824369,0.0545454668061134,0.0068101512463757,0.0248594802978134,0.0371661544378449,0.00651070331247,0.008,0.8018795875278779,0.0043093059248593,0.8076923076923077,0.5997687768160525,0.0060874967083788,0.601568020975225,0.5800826070112177,0.0056202747928284,0.5726061120543293,2.297525743135045,0.6913574438621046,0.0,395925.7048835754,189611.0,10.18288326833611,11.066300748709631,2.345282016443418,0.9916153750142964,0.4320533066164003,,,,,,,
k-SemStamp,kmeans,context,rejection,sentence-nltk,,,sentence,nltk,,,64.0,attack,direct,dipper-lex20-order80,dipper,lex20-order80,,,,,,,,20.0,80.0,1024,3,c4-val-def-256|c4-val-def-256b|c4-val-def-512,1.1547005383792517,1.7614096918559583,2.840187787218772,0.7844762802124023,0.50390625,0.3759765625,0.2021484375,0.6220703125,1.514099463025471,5.3791118565319325,3.869949554488064,,,,,,,,,,0.619140625,0.6162109375,0.61328125,0.6064453125,0.587890625,0.5537109375,0.48046875,0.4169921875,0.302734375,0.1796875,0.0810546875,0.48046875,0.79296875,0.7880859375,0.78125,0.7734375,0.7451171875,0.703125,0.6015625,0.51953125,0.3720703125,0.216796875,0.0927734375,0.6015625,0.7958984375,0.7587890625,2.9313152251447447,0.6416216800251737,0.0,0.6107709601594238,0.0063478331974952,0.6145205823293173,0.0822076926722565,0.0069085683646836,0.0588235294117647,63.0205078125,1.2620980902282972,66.0,0.1829280619384889,0.0072466880412218,0.1557658580913495,0.0682204007421426,0.005429804076223,0.0476190476190476,0.2259184730859827,0.0042180102298539,0.2195600191296031,0.439898560400953,0.0060918932091007,0.4368592730661696,0.0439704587810872,0.0049675202628583,0.0,0.9339361096499488,0.000952839360517,0.9360338449478148,0.9400030961842276,0.0009543376448164,0.941871464252472,0.9280530805117452,0.0011095150265738,0.9310106933116912,0.915392932864762,0.0069682684405807,0.9415780141843972,0.9560546080465429,0.0014096825263029,0.961094081401825,8.865527995728344,0.3759965318623431,9.472238540649414,0.8708821614583333,0.0063617449685894,0.8833333333333333,0.8793619791666667,0.006849600921825,0.8666666666666667,0.0225911458333333,0.0055144797761285,0.0,0.8037760416666667,0.0108324696153466,0.8000000000000002,0.1770182291666666,0.0097821051839551,0.1333333333333333,,,,,,,,,,,,,,,,0.1163443259292237,0.0071871052836599,0.0912870945479641,0.0571372395199074,0.0069837651923692,0.0275545713381841,0.0387396347199772,0.0067054848526618,0.0090703414232825,0.7740815269140171,0.0042180102298539,0.7804399808703969,0.533612605250882,0.0059953068066314,0.5358983741962465,0.4478317646775117,0.0044741905197673,0.441640127388535,2.46543620900312,0.7177355509512916,0.0,417584.5107116699,191362.0,10.15786610539628,11.061020207184834,2.2974717472144066,0.9905521896019824,0.3690797576654064,,,,,,,
k-SemStamp,kmeans,context,rejection,sentence-nltk,,,sentence,nltk,,,64.0,attack,direct,dipper-lex40-order20,dipper,lex40-order20,,,,,,,,40.0,20.0,1024,3,c4-val-def-256|c4-val-def-256b|c4-val-def-512,1.1547005383792517,1.7614096918559583,2.840187787218772,0.8646936416625977,0.6650390625,0.548828125,0.33203125,0.44921875,2.1564623656237862,5.3791118565319325,3.2284777317356608,,,,,,,,,,0.44921875,0.4482421875,0.4462890625,0.4345703125,0.412109375,0.3896484375,0.3271484375,0.2783203125,0.1904296875,0.1025390625,0.046875,0.3271484375,0.6650390625,0.662109375,0.658203125,0.6416015625,0.61328125,0.578125,0.486328125,0.4072265625,0.28125,0.142578125,0.0615234375,0.486328125,0.666015625,0.73046875,2.6335971392798805,0.6283770438596574,0.0,0.5517090376460045,0.0063542185219649,0.55,0.105453002179,0.0078101535277327,0.0833333333333333,56.546875,1.117667935500609,59.0,0.0537705027954452,0.003821193913134,0.0417239325636796,0.0828335286055676,0.0062475969430091,0.0588235294117647,0.2648231482125404,0.0042311898144672,0.2593325999266592,0.5001652510394675,0.006276179785393,0.5026723525230988,0.0456279565152648,0.0054920553032252,0.0,0.9344022539444268,0.0012147527777007,0.9369260370731354,0.940336340223439,0.0012545005127017,0.942372053861618,0.9286803025752306,0.0013340076868526,0.9317218661308287,0.9168423944962506,0.0067432693181246,0.940928270042194,0.9569305919576436,0.0017336428051978,0.9627474546432496,8.440565878191665,0.4136634350186609,8.836680889129639,0.8626139322916666,0.0063860110273667,0.8833333333333333,0.8792968750000001,0.0070068559250509,0.8666666666666667,0.0225911458333333,0.0048391473837306,0.0,0.7757812500000001,0.0110653437820409,0.8000000000000002,0.18203125,0.0103092520638107,0.1333333333333333,,,,,,,,,,,,,,,,0.1150218475463119,0.006952678584684,0.0884785568413887,0.0541908060748452,0.0067598238384968,0.0257787622871382,0.0356114248278115,0.0065012890855636,0.0081466733034677,0.7351768517874595,0.0042311898144672,0.7406674000733408,0.4775015778741777,0.0059808431710373,0.4716767210028665,0.5904728504413088,0.005527497736107,0.5874282668004642,1.9777237503525955,0.6244016199575358,0.0,406360.8331947327,190507.0,10.123227393494236,11.041088932579378,2.3433417280544653,0.9926407556729262,0.3092402630204954,,,,,,,
k-SemStamp,kmeans,context,rejection,sentence-nltk,,,sentence,nltk,,,64.0,attack,direct,dipper-lex80-order20,dipper,lex80-order20,,,,,,,,80.0,20.0,1024,3,c4-val-def-256|c4-val-def-256b|c4-val-def-512,1.1547005383792517,1.7614096918559583,2.840187787218772,0.7498373985290527,0.435546875,0.3271484375,0.1552734375,0.669921875,1.2274409873800904,5.3791118565319325,4.159711688274825,,,,,,,,,,0.6162109375,0.59375,0.5400390625,0.4560546875,0.3466796875,0.2373046875,0.1376953125,0.083984375,0.044921875,0.0107421875,0.0048828125,0.1376953125,0.779296875,0.7490234375,0.6875,0.5810546875,0.4482421875,0.306640625,0.1796875,0.1083984375,0.056640625,0.0126953125,0.0048828125,0.1796875,0.841796875,0.224609375,2.1278837712683814,0.5197495603974271,0.0,0.3042939980555131,0.006482229248332,0.3070175438596491,0.154197886787878,0.0096803938902567,0.125,31.3076171875,0.8286166946136416,32.0,0.1259828661145275,0.0067305414668849,0.1026856240126382,0.1289078453690787,0.0079263320766363,0.111111111111111,0.4523917820488161,0.006028811638793,0.4379084967320262,0.7557594472192859,0.0057163665845308,0.7575757575757576,0.0774931583857644,0.0075756744690897,0.0,0.8889452778385021,0.0016838392665861,0.8934318721294403,0.8948727424140088,0.0017852022430136,0.900161862373352,0.8833014225238003,0.001758609516587,0.8871380984783173,0.9125107485486657,0.0059411813805002,0.9317073170731708,0.8728485188621562,0.0054021134484733,0.896307647228241,11.358886504429623,0.6644781925061973,12.173048973083496,0.7007486979166666,0.0082749939931387,0.7000000000000001,0.7164713541666667,0.0106827150016955,0.7333333333333334,0.065625,0.0086705106787289,0.0,0.5574869791666668,0.0121125471297581,0.5333333333333333,0.4053385416666667,0.0111496011710735,0.4000000000000001,,,,,,,,,,,,,,,,0.1170002375733895,0.0063808899321093,0.0978823855401142,0.049161735607893,0.0060133869141794,0.0248337077661777,0.0299018461013452,0.0056740290855885,0.0079208231382144,0.5476082179511839,0.006028811638793,0.5620915032679739,0.2314259855425098,0.0054892866925402,0.2288346403575343,0.3709636394667208,0.0059091880475525,0.3713304010117628,2.1317505100115595,0.6714026089136018,0.0,447785.8917770386,184274.0,9.922767370583816,10.96386983313689,2.2135854964596744,0.8903113583641593,0.1213735785651334,,,,,,,
k-SemStamp,kmeans,context,rejection,sentence-nltk,,,sentence,nltk,,,64.0,attack,direct,merge_adjacent-ratio=0.2,other,merge_adjacent-ratio=0.2,,,,,,,,,,1024,3,c4-val-def-256|c4-val-def-256b|c4-val-def-512,1.1547005383792517,1.7614096918559583,2.840187787218772,0.9793267250061036,0.951171875,0.9267578125,0.8017578125,0.0712890625,4.21324134856891,5.3791118565319325,1.1694390608485037,,,,,,,,,,,,,,,,,,,,,,,,,,,,,,,,,,,,2.7962485970013717,0.6742882245128531,0.0,1.0,0.0,1.0,0.1582375519141758,0.006324842897561,0.1538461538461538,103.34375,1.8415469630804195,110.0,0.0,0.0,0.0,0.0892201402244903,0.0041321563589722,0.0833333333333333,0.0,0.0,0.0,0.0,0.0,0.0,0.0,0.0,0.0,,,,,,,,,,0.9298603860932196,0.0071325179282926,0.9584983950520628,,,,,,,,,,,,,,,,,,,,,,,,,,,,,,,,,,,,,,,,,,,,,,1.0,0.0,1.0,1.0,0.0,1.0,1.0,0.0,1.0,2.3530671203240594,0.7224258826376504,0.0,,0.0,,,,,0.9664586186209758,,,,,,,
k-SemStamp,kmeans,context,rejection,sentence-nltk,,,sentence,nltk,,,64.0,attack,direct,merge_adjacent-ratio=0.5,other,merge_adjacent-ratio=0.5,,,,,,,,,,1024,3,c4-val-def-256|c4-val-def-256b|c4-val-def-512,1.1547005383792517,1.7614096918559583,2.840187787218772,0.9416747093200684,0.84765625,0.771484375,0.5244140625,0.2265625,2.958207819649589,5.3791118565319325,2.4244725897678245,,,,,,,,,,,,,,,,,,,,,,,,,,,,,,,,,,,,2.754220351380144,0.6652089134218785,0.0,1.0,0.0,1.0,0.3231659873798369,0.0066854356330958,0.3333333333333333,103.34375,1.8415469630804195,110.0,0.0,0.0,0.0,0.1971164041952044,0.0050716290865986,0.1999999999999999,0.0,0.0,0.0,0.0,0.0,0.0,0.0,0.0,0.0,,,,,,,,,,0.929958752054662,0.0070982726489051,0.9585919550084016,,,,,,,,,,,,,,,,,,,,,,,,,,,,,,,,,,,,,,,,,,,,,,1.0,0.0,1.0,1.0,0.0,1.0,1.0,0.0,1.0,1.792375770924039,0.6518316197452935,0.0,,0.0,,,,,0.9315186408875392,,,,,,,
k-SemStamp,kmeans,context,rejection,sentence-nltk,,,sentence,nltk,,,64.0,attack,direct,merge_adjacent-ratio=1.0,other,merge_adjacent-ratio=1.0,,,,,,,,,,1024,3,c4-val-def-256|c4-val-def-256b|c4-val-def-512,1.1547005383792517,1.7614096918559583,2.840187787218772,0.8074407577514648,0.5400390625,0.4404296875,0.201171875,0.5556640625,1.5792163491609503,5.3791118565319325,3.8128862762176943,,,,,,,,,,,,,,,,,,,,,,,,,,,,,,,,,,,,2.7763390384252067,0.6772805934286736,0.0,1.0,0.0,1.0,0.5036554480556243,0.0047123089335035,0.5,103.34375,1.8415469630804195,110.0,0.0,0.0,0.0,0.3388728383082707,0.0046726809771452,0.3333333333333333,0.0,0.0,0.0,0.0,0.0,0.0,0.0,0.0,0.0,,,,,,,,,,0.9298922146165858,0.0071280529360826,0.9586621512458832,,,,,,,,,,,,,,,,,,,,,,,,,,,,,,,,,,,,,,,,,,,,,,1.0,0.0,1.0,1.0,0.0,1.0,1.0,0.0,1.0,1.879222496280445,0.6845350406157465,0.0,,0.0,,,,,0.8950948782805176,,,,,,,
k-SemStamp,kmeans,context,rejection,sentence-nltk,,,sentence,nltk,,,64.0,attack,direct,oracle-Qwen2.5-3B-Instruct-standard-K16,oracle,K16-detector-aware,16.0,detector,detector,Qwen2.5-3B-Instruct,detector,,,,,1024,3,c4-val-def-256|c4-val-def-256b|c4-val-def-512,1.1547005383792517,1.7614096918559583,2.840187787218772,0.4409875869750976,0.1259765625,0.0732421875,0.0244140625,0.92578125,-0.3354114982340855,5.3791118565319325,5.714523354766017,,,,,,,,,,0.9248046875,0.9228515625,0.9189453125,0.91015625,0.896484375,0.87109375,0.822265625,0.763671875,0.6533203125,0.4833984375,0.2763671875,0.822265625,0.97265625,0.970703125,0.966796875,0.9580078125,0.9443359375,0.9189453125,0.869140625,0.8056640625,0.69140625,0.5087890625,0.2880859375,0.869140625,0.974609375,0.8935546875,2.6927164329292985,0.6848509247188133,0.0,0.5754702846723725,0.007929084557504,0.576114081996435,0.1213578948490122,0.0073098429639887,0.1,58.9755859375,1.2676918633536565,60.0,0.0427377188326613,0.0031290100970224,0.0282292557741659,0.1081138276403947,0.0057773670309098,0.0909090909090909,0.2778712341091822,0.005324475678486,0.2709357501766811,0.518017000557951,0.0079544189046638,0.5242741327300151,0.0807886067849423,0.0065001687607369,0.0,0.9364538975642064,0.0014287684939526,0.9395796358585358,0.938114837219473,0.0016238295626815,0.9430766701698304,0.9350042943842708,0.0014423980401627,0.9376415610313416,0.9335434050399256,0.0073461637840352,0.9660029060167756,0.9732507116277702,0.0009516693534209,0.9761123061180116,8.477514188683868,0.3098414935878902,9.363504886627195,0.9227864583333332,0.0056376530933452,0.95,0.9506510416666668,0.0046277334563134,1.0,0.0197916666666666,0.0047854022488515,0.0,0.9149739583333334,0.0081244152954899,1.0,0.1546875,0.0118441068840207,0.0666666666666666,,,,,,,,,,,,,,,,0.1046583197154532,0.0078214959888653,0.0681223227034745,0.0540715018780387,0.007492824325509,0.0177228111503729,0.0382628693719219,0.007234797826521,0.004008032128514,0.7221287658908178,0.005324475678486,0.7290642498233189,0.4741743147232967,0.0076948523589211,0.4633116078070206,0.6021267368206744,0.0073780686919426,0.6077022367759932,2.5693093740365023,0.8081616417565499,0.0,592731.4576187134,277312.0,10.35061125699027,11.126895121057617,2.4266643544052005,0.6590358364806274,0.3362526144928639,,,,,,,
k-SemStamp,kmeans,context,rejection,sentence-nltk,,,sentence,nltk,,,64.0,attack,direct,oracle-Qwen2.5-3B-Instruct-standard-K32,oracle,K32-detector-aware,32.0,detector,detector,Qwen2.5-3B-Instruct,detector,,,,,1024,3,c4-val-def-256|c4-val-def-256b|c4-val-def-512,1.1547005383792517,1.7614096918559583,2.840187787218772,0.3524017333984375,0.0712890625,0.0419921875,0.0107421875,0.95703125,-0.7148144992065351,5.3791118565319325,6.093926355738466,,,,,,,,,,0.9560546875,0.9521484375,0.9501953125,0.947265625,0.9326171875,0.90625,0.8408203125,0.775390625,0.654296875,0.4765625,0.23828125,0.8408203125,0.9873046875,0.9833984375,0.9814453125,0.978515625,0.9638671875,0.9365234375,0.8701171875,0.802734375,0.6787109375,0.4951171875,0.248046875,0.8701171875,0.98828125,0.8798828125,2.938684109127488,0.690410904177896,0.0,0.5851599577020352,0.007620030895177,0.5821228470637061,0.1197928624330894,0.0072758401198462,0.1,60.1005859375,1.2775444072520783,61.0,0.0418438595706783,0.0030963056045188,0.0275553572397063,0.1081850806830522,0.0057053370862492,0.097892047269243,0.2730777901478312,0.0053032657492578,0.2646110056925996,0.5121276470270357,0.0079556166110336,0.5113159242191501,0.0835524603803706,0.0064176436997285,0.0666666666666666,0.937637837138027,0.0014084604965175,0.9410845339298248,0.9384138432214968,0.0015888548548686,0.9430593848228456,0.9370362833724356,0.0014094304903278,0.939500778913498,0.9281891492409292,0.0076424467312805,0.96394074486858,0.9741163515718654,0.0009306134665581,0.9770912528038024,8.399584060993886,0.2996518193194737,9.18816614151001,0.9172526041666668,0.0056226730303161,0.95,0.9513020833333334,0.0047474591382299,1.0,0.0167317708333333,0.0040347962236184,0.0,0.9094401041666668,0.0080629814933998,1.0,0.175,0.0126440374261276,0.1333333333333333,,,,,,,,,,,,,,,,0.1082863529672157,0.0081113555370092,0.0699390714837381,0.0569251864362637,0.007701789247193,0.0187972581443007,0.0405091238113681,0.007360714598529,0.0043384152079803,0.7269222098521688,0.0053032657492578,0.7353889943074003,0.4849736729782432,0.0075525009572863,0.479070337676895,0.608446771985752,0.0073416304933802,0.6204064292289173,2.3602121760867134,0.7501221723372858,0.0,610681.878868103,286950.0,10.368255324014306,11.161293581690575,2.4050017037370446,0.5960961018122712,0.3482115601441549,,,,,,,
k-SemStamp,kmeans,context,rejection,sentence-nltk,,,sentence,nltk,,,64.0,attack,direct,oracle-Qwen2.5-3B-Instruct-standard-K4,oracle,K4-detector-aware,4.0,detector,detector,Qwen2.5-3B-Instruct,detector,,,,,1024,3,c4-val-def-256|c4-val-def-256b|c4-val-def-512,1.1547005383792517,1.7614096918559583,2.840187787218772,0.7032194137573242,0.4033203125,0.2978515625,0.1484375,0.701171875,0.9787247590655648,5.3791118565319325,4.400387097466367,,,,,,,,,,0.701171875,0.7001953125,0.69921875,0.6953125,0.6884765625,0.671875,0.63671875,0.595703125,0.521484375,0.3818359375,0.2021484375,0.63671875,0.8505859375,0.849609375,0.8486328125,0.84375,0.8359375,0.8173828125,0.77734375,0.7265625,0.638671875,0.4716796875,0.25,0.77734375,0.8505859375,0.9150390625,2.211558708955748,0.6449720712690595,0.0,0.5638455843952078,0.0078288215291878,0.5644362823379112,0.1288562629010856,0.0075707484755614,0.1111111111111111,57.8056640625,1.2564583187449727,59.0,0.0415551055802856,0.0028339648295825,0.0299366703442961,0.1120423349851261,0.0060121036807421,0.0999999999999999,0.2816488075828891,0.0052502871808498,0.2800000000000001,0.5276160740542736,0.0076352580140411,0.5374415887850468,0.0804757478659814,0.006855575238633,0.0,0.9370097192004324,0.0013917620641441,0.9396362900733948,0.9408984920592048,0.0014440371656887,0.9446825683116912,0.9332883645547554,0.0014836144665581,0.9354542195796968,0.942626263779152,0.0068609386613835,0.9688194444444445,0.971816206467338,0.0010470044962737,0.975513756275177,8.675412965701584,0.2866276245948302,9.2962064743042,0.93095703125,0.0050372872204018,0.9666666666666668,0.9509114583333332,0.0048818263083129,1.0,0.019140625,0.004757737891364,0.0,0.9170572916666668,0.0079461350313876,1.0,0.125,0.0096193292344919,0.0666666666666666,,,,,,,,,,,,,,,,0.0928131139357367,0.0072573436231776,0.0627120203309529,0.0460961953632721,0.0070137663996858,0.0165292078616191,0.0320408595853953,0.0068113344337042,0.0038167938931297,0.7183511924171109,0.0052502871808498,0.72,0.4611505416205129,0.0077220735739158,0.4497837211409604,0.6010955655191456,0.0070470428618266,0.5995704385258396,2.219026499136396,0.7709059585062281,0.0,558900.076248169,258691.0,10.344367917402558,11.103274090895932,2.4261152691348244,0.871114869628533,0.3098172945582443,,,,,,,
k-SemStamp,kmeans,context,rejection,sentence-nltk,,,sentence,nltk,,,64.0,attack,direct,oracle-Qwen2.5-3B-Instruct-standard-K64,oracle,K64-detector-aware,64.0,detector,detector,Qwen2.5-3B-Instruct,detector,,,,,1024,3,c4-val-def-256|c4-val-def-256b|c4-val-def-512,1.1547005383792517,1.7614096918559583,2.840187787218772,0.2740983963012695,0.0439453125,0.02734375,0.0146484375,0.9716796875,-0.945947349308124,5.3791118565319325,6.325059205840056,,,,,,,,,,0.9697265625,0.96875,0.96484375,0.951171875,0.9365234375,0.8994140625,0.8251953125,0.763671875,0.634765625,0.443359375,0.224609375,0.8251953125,0.982421875,0.9814453125,0.9775390625,0.9638671875,0.94921875,0.9111328125,0.8369140625,0.7744140625,0.6435546875,0.4501953125,0.23046875,0.8369140625,0.984375,0.849609375,3.50394860787263,0.7288911265300907,0.0,0.5984829303896918,0.0078725676146831,0.6065573770491803,0.1164633402138,0.0078509475689981,0.0909090909090909,61.38671875,1.303647753583146,63.0,0.0405859801963974,0.003388780995339,0.0252924803375405,0.1043549457948082,0.0063760372911256,0.0839694656488548,0.2659689879927125,0.0055229638970787,0.251343472632275,0.4947280120627668,0.0082296983350739,0.4851470588235294,0.077892391251034,0.006212465010819,0.0555555555555555,0.9394684545113704,0.0014433968996088,0.9431332051753998,0.9386441702372396,0.0017049197504633,0.9449428021907806,0.9404771973495372,0.0013540693882989,0.9428621232509612,0.9181286692770068,0.0079959986126579,0.9593702282200488,0.9752738957176916,0.0009285950786776,0.9789036512374878,8.02677792214255,0.2722068698626312,8.842365264892578,0.9080403645833334,0.0059984518323719,0.9333333333333332,0.9491536458333334,0.0049226933534975,1.0,0.0212890625,0.0046200927695255,0.0,0.9057291666666668,0.0082343648545265,1.0,0.2014322916666666,0.0138498625664943,0.1333333333333333,,,,,,,,,,,,,,,,0.1217328998853784,0.008549902672584,0.0761589403973509,0.0662329453349299,0.0081022719592792,0.0221460600681956,0.0476793977611191,0.0077695097209642,0.0065468026744385,0.7340310120072875,0.0055229638970787,0.748656527367725,0.5059111297959609,0.0076381802422246,0.5116279069767442,0.6211359451596455,0.0077908955582303,0.6406915454353785,2.7956824844163464,0.7764367685267151,0.0,634161.6608581543,304478.0,10.373886693715225,11.189530854760536,2.4219199161044127,0.5159741567752569,0.3612047570955388,,,,,,,
k-SemStamp,kmeans,context,rejection,sentence-nltk,,,sentence,nltk,,,64.0,attack,direct,oracle-Qwen2.5-3B-Instruct-standard-K8,oracle,K8-detector-aware,8.0,detector,detector,Qwen2.5-3B-Instruct,detector,,,,,1024,3,c4-val-def-256|c4-val-def-256b|c4-val-def-512,1.1547005383792517,1.7614096918559583,2.840187787218772,0.5886902809143066,0.2490234375,0.16015625,0.072265625,0.8388671875,0.3367333912985544,5.3791118565319325,5.042378465233377,,,,,,,,,,0.837890625,0.837890625,0.8359375,0.8310546875,0.8125,0.791015625,0.75,0.6962890625,0.591796875,0.4462890625,0.248046875,0.75,0.9248046875,0.9248046875,0.9228515625,0.91796875,0.8994140625,0.876953125,0.8330078125,0.7763671875,0.66015625,0.498046875,0.27734375,0.8330078125,0.9267578125,0.8994140625,2.7439847979981686,0.7246293640018053,0.0,0.5718880814721474,0.0076058900120438,0.5665191740412979,0.1293722233203339,0.0077014967853703,0.1111111111111111,58.6005859375,1.2426254451492342,60.0,0.0436154964262266,0.0030879185806005,0.0311098541980894,0.1134851686445319,0.0058657646863522,0.1,0.2781176251255519,0.0050314115153238,0.2723636363636363,0.5225572338821177,0.0075910553448048,0.5252990736861705,0.0824935095042108,0.0063715161863904,0.0625,0.9373180805123412,0.0013713755800732,0.9400713443756104,0.9402493025409058,0.001485875432119,0.9445478320121764,0.934562960115727,0.0014280409767406,0.9357565641403198,0.9356397567741578,0.007626306834409,0.9673557828928672,0.972527201694902,0.0009608826538754,0.9761428833007812,8.44888880365378,0.2961275589576853,9.138839721679688,0.92509765625,0.0055084918083593,0.9583333333333334,0.9509114583333332,0.0048313688378695,1.0,0.0201822916666666,0.0049735667793702,0.0,0.9133463541666668,0.0080624670259316,1.0,0.1436848958333333,0.0108366890545736,0.0666666666666666,,,,,,,,,,,,,,,,0.0999876189419849,0.0079464677458811,0.065181985554454,0.0515507505509119,0.0077415011425974,0.0163331999466453,0.0370156274915205,0.0075315036348813,0.0039840637450199,0.7218823748744481,0.0050314115153238,0.7276363636363636,0.4680968801609365,0.0074696229686814,0.460047803248937,0.601825398695828,0.0071041638734759,0.6027520223601817,2.7868474315953105,0.8395527332433265,0.0,572040.8672485352,268056.0,10.328906986665828,11.09483255240399,2.4468838561842707,0.8032560706367255,0.321292744890509,,,,,,,
k-SemStamp,kmeans,context,rejection,sentence-nltk,,,sentence,nltk,,,64.0,attack,direct,parrot,parrot,default,,,,,,,,,,1024,3,c4-val-def-256|c4-val-def-256b|c4-val-def-512,1.1547005383792517,1.7614096918559583,2.840187787218772,0.9744534492492676,0.9462890625,0.9140625,0.806640625,0.0849609375,4.241533106385215,5.3791118565319325,1.1375787501467158,,,,,,,,,,0.0849609375,0.0849609375,0.0849609375,0.0830078125,0.0830078125,0.08203125,0.07421875,0.0615234375,0.0458984375,0.02734375,0.0087890625,0.07421875,0.1923828125,0.1923828125,0.1923828125,0.1904296875,0.1884765625,0.18359375,0.1669921875,0.1376953125,0.095703125,0.056640625,0.0185546875,0.1669921875,0.1923828125,0.85546875,2.689244071229502,0.6876140942792863,0.0,0.7332685421319828,0.0053977807966409,0.7419354838709677,0.0090067846242571,0.0022211948545129,0.0,76.1640625,1.4846628751651545,80.0,0.0082762183595972,0.000803096928173,0.0016545334215751,0.0095953046915787,0.0019378336396751,0.0,0.1578249439799962,0.0032008455332163,0.1521518652438486,0.3242278272073082,0.0055835936687166,0.3146702435495538,0.0089198829326389,0.0023392619706803,0.0,0.925724868720863,0.0012177854282444,0.9276304841041564,0.9302187578869052,0.0012054456730827,0.9326415061950684,0.92135615774896,0.0013330238082208,0.9239839613437651,0.9288798850801092,0.0070614211520301,0.9551569506726456,0.9695456771296448,0.0009793200257938,0.9731606543064116,12.44196015692636,0.4681342271364523,13.053528308868408,0.8890950520833333,0.0049233427029616,0.9,0.8832682291666668,0.0059670751350346,0.8666666666666667,0.0123046875,0.0039728105149072,0.0,0.7656901041666668,0.0103489279061269,0.7999999999999999,0.0802734375,0.0070104650141374,0.0,,,,,,,,,,,,,,,,0.0974095993803347,0.0073013181991624,0.0696086613808132,0.0485813030525477,0.0072243938026016,0.0182481751824817,0.033934099715091,0.0071083713705202,0.004008032128514,0.8421750560200038,0.0032008455332163,0.8478481347561514,0.6534214093048129,0.0051054394181405,0.6623086235134943,0.7414862325598719,0.0038241399176558,0.7448945142093033,2.988785577621253,0.815116623092179,0.0,621959.1989198698,246704.0,10.229228561061111,11.06536292484908,1.9816853959663796,0.202195435416064,0.3584281144305882,,,,,,,
k-SemStamp,kmeans,context,rejection,sentence-nltk,,,sentence,nltk,,,64.0,attack,direct,parrot-bigram-threshold=0.03,parrot,bigram-0.03,,,,,,,,,,1024,3,c4-val-def-256|c4-val-def-256b|c4-val-def-512,1.1547005383792517,1.7614096918559583,2.840187787218772,0.9777541160583496,0.9521484375,0.9208984375,0.8359375,0.078125,4.489033434607925,5.3791118565319325,0.8900784219240074,,,,,,,,,,0.078125,0.078125,0.078125,0.078125,0.078125,0.076171875,0.0732421875,0.06640625,0.0517578125,0.0263671875,0.013671875,0.0732421875,0.1630859375,0.1630859375,0.1630859375,0.1630859375,0.162109375,0.16015625,0.1533203125,0.1376953125,0.103515625,0.05859375,0.025390625,0.1533203125,0.1630859375,0.939453125,2.712581799596487,0.6919356533039577,0.0,0.768013254178745,0.0047365698896899,0.7757009345794392,0.0072971818385077,0.0024904271646934,0.0,79.658203125,1.5078218262962355,84.0,0.0069263146791588,0.0020173629517324,0.0,0.0076309745197477,0.0024030297026838,0.0,0.1322526270801827,0.0025670092391064,0.1276157954644952,0.2821465926590522,0.0045278848615904,0.2757088122605364,0.0073310953596877,0.0026681733614351,0.0,0.932993216381874,0.0012364677652329,0.9353844523429872,0.9373780213063584,0.0012356059921225,0.9399100244045258,0.9287229820038192,0.0013294444540351,0.9316229820251464,0.9301373959668252,0.0071363130538746,0.9566158479201958,0.975476093182806,0.0008295673574499,0.9785833060741423,11.640331363994685,0.6064211290620778,12.290975093841553,0.9179361979166668,0.0041404665603682,0.9333333333333332,0.9116536458333336,0.005622003359436,0.9333333333333332,0.00546875,0.0016816803947707,0.0,0.8036458333333334,0.0099342557917572,0.8000000000000002,0.0380859375,0.004944979086198,0.0,,,,,,,,,,,,,,,,0.0969994361232382,0.0074008653375335,0.0689655172413793,0.0491302722085229,0.0073302950578967,0.0185185185185184,0.0346059174403804,0.0072041161740464,0.004016129032258,0.8677473729198173,0.0025670092391064,0.8723842045355048,0.701314308777446,0.00416028411691,0.7049582719685813,0.79675908639897,0.0032270121742239,0.8,2.968789355263241,0.8121160063983234,0.0,608393.3981872798,247871.0,10.270165599081777,11.08434651624254,2.0375258400427185,0.2070953740920687,0.379751792778893,,,,,,,
k-SemStamp,kmeans,context,rejection,sentence-nltk,,,sentence,nltk,,,64.0,attack,direct,pegasus,pegasus,default,,,,,,,,,,1024,3,c4-val-def-256|c4-val-def-256b|c4-val-def-512,1.1547005383792517,1.7614096918559583,2.840187787218772,0.9703092575073242,0.9345703125,0.9052734375,0.77734375,0.09375,4.191766237406384,5.3791118565319325,1.1873456191255471,,,,,,,,,,0.09375,0.0908203125,0.08984375,0.0869140625,0.080078125,0.0703125,0.0595703125,0.048828125,0.0205078125,0.0068359375,0.001953125,0.0595703125,0.220703125,0.2158203125,0.2138671875,0.20703125,0.1982421875,0.177734375,0.1416015625,0.115234375,0.0537109375,0.0224609375,0.0078125,0.1416015625,0.2216796875,0.673828125,5.3058798553665305,0.8340551678973193,0.0,0.6186945442704205,0.0059924114073557,0.6231326644370123,0.0080001850822111,0.0020184952550524,0.0,64.23046875,1.2941090182295354,66.0,0.0090718086400827,0.0008989809605951,0.0004955519366164,0.0080363082085766,0.0024650778529126,0.0,0.2322162447326905,0.0057791067656276,0.2097017964613783,0.3154821032937519,0.0056710114123794,0.3081164863334227,0.0064564917009511,0.0025089262762475,0.0,0.9215662798960692,0.0023072996942267,0.9323170483112336,0.930399654665962,0.0035073308399084,0.9487395882606506,0.914292458386626,0.0014693986127599,0.9175590574741364,0.8984705005233076,0.0084350149439934,0.945663843492783,0.9464491539401934,0.0022530941268571,0.9566394090652466,7.223955031055881,0.4297939959910164,9.514359474182127,0.8351236979166667,0.0062650883515782,0.85,0.7916666666666667,0.0071233435881408,0.8000000000000002,0.0259765625,0.0054700364176281,0.0,0.7017578125,0.0104475213198658,0.6666666666666666,0.126953125,0.0110489153862447,0.0666666666666666,,,,,,,,,,,,,,,,0.1580202949624842,0.0120095396718374,0.0840914729964436,0.1073463185878609,0.0124503810993842,0.0233644859813083,0.0927303772707013,0.0124939867434802,0.0077220077220077,0.7677837552673095,0.0057791067656276,0.7902982035386217,0.590936990227726,0.0062960149375652,0.5974546035465147,0.6572180888090532,0.0057833235514973,0.6692020933400245,3.1930163487822902,0.8263589327987404,0.0,478606.5683588006,242038.0,9.49757853228429,10.315850632251816,2.1938652894831203,0.9589998465635342,0.3987929959735578,,,,,,,
k-SemStamp,kmeans,context,rejection,sentence-nltk,,,sentence,nltk,,,64.0,attack,direct,pegasus-bigram-threshold=0.03,pegasus,bigram-0.03,,,,,,,,,,1024,3,c4-val-def-256|c4-val-def-256b|c4-val-def-512,1.1547005383792517,1.7614096918559583,2.840187787218772,0.9716157913208008,0.9326171875,0.8984375,0.7734375,0.1005859375,4.115416655054516,5.3791118565319325,1.2636952014774143,,,,,,,,,,0.1005859375,0.0986328125,0.09765625,0.0927734375,0.0908203125,0.0859375,0.064453125,0.0517578125,0.02734375,0.0107421875,0.001953125,0.064453125,0.2255859375,0.2216796875,0.21875,0.2119140625,0.19921875,0.1865234375,0.150390625,0.1181640625,0.068359375,0.0244140625,0.0107421875,0.150390625,0.2255859375,0.7294921875,3.5522594565076107,0.7341416874974959,0.0,0.5712019861746184,0.0053109890279057,0.5740740740740741,0.0114912717984807,0.0029102594957177,0.0,58.958984375,1.1512365519651573,61.0,0.0162431523563825,0.0012599181077261,0.0105460510897586,0.0105848406976654,0.0025202410328807,0.0,0.2441549521313262,0.0041598758788576,0.2324993202698687,0.4364009977977363,0.0053436710700951,0.4380065962323215,0.0077495409357002,0.00183580149074,0.0,0.9265598552883604,0.0014983690466337,0.9303200244903564,0.9392884347471409,0.0020839562208442,0.945170760154724,0.9146837136941032,0.0012672487438719,0.916841208934784,0.917693180010942,0.007532263576203,0.9508699587649604,0.9520387983648106,0.0016336992415471,0.9583700895309448,9.520016115584468,0.426747326246688,10.70015573501587,0.8459309895833333,0.0059879982127215,0.85,0.8054687500000002,0.0069973639471636,0.8000000000000002,0.0296223958333333,0.006361082330533,0.0,0.7020182291666667,0.0102643493984899,0.6666666666666666,0.094140625,0.008631173895891,0.0,,,,,,,,,,,,,,,,0.118649493434718,0.0091176735875186,0.0757371262458471,0.0670921742138562,0.0092845050721664,0.0189843764078352,0.0529787915532162,0.009233975742482,0.0045871559633027,0.7558450478686738,0.0041598758788576,0.7675006797301314,0.5031354940942714,0.0050999366650034,0.5033265311140069,0.609232965269975,0.004706774136062,0.6099119885380422,3.066615809049547,0.8227979280423843,0.0,492894.43913368887,218734.0,9.862666079577403,10.72936898667248,2.263345477924856,0.9403254802294236,0.278941306496987,,,,,,,
k-SemStamp,kmeans,context,rejection,sentence-nltk,,,sentence,nltk,,,64.0,attack,direct,split_midpoint-ratio=0.2,other,split_midpoint-ratio=0.2,,,,,,,,,,1024,3,c4-val-def-256|c4-val-def-256b|c4-val-def-512,1.1547005383792517,1.7614096918559583,2.840187787218772,0.9845657348632812,0.9716796875,0.9326171875,0.8212890625,0.06640625,4.452621531242348,5.3791118565319325,0.926490325289584,,,,,,,,,,,,,,,,,,,,,,,,,,,,,,,,,,,,2.8349724334503232,0.6917892356629066,0.0,1.0,0.0,1.0,0.0,0.0,0.0,103.34375,1.8415469630804195,110.0,0.0,0.0,0.0,0.0718357073381524,0.0032207830878139,0.0666666666666666,0.0,0.0,0.0,0.0,0.0,0.0,0.1302442200367606,0.0054515576404703,0.125,,,,,,,,,,0.9305201298164524,0.0072181635754874,0.9595777128229336,,,,,,,,,,,,,,,,,,,,,,,,,,,,,,,,,,,,,,,,,,,,,,1.0,0.0,1.0,1.0,0.0,1.0,1.0,0.0,1.0,2.618987272751947,0.7551605260410003,0.0,,0.0,,,,,0.9709542261191604,,,,,,,
k-SemStamp,kmeans,context,rejection,sentence-nltk,,,sentence,nltk,,,64.0,attack,direct,split_midpoint-ratio=0.5,other,split_midpoint-ratio=0.5,,,,,,,,,,1024,3,c4-val-def-256|c4-val-def-256b|c4-val-def-512,1.1547005383792517,1.7614096918559583,2.840187787218772,0.952800750732422,0.8828125,0.7880859375,0.5791015625,0.2109375,3.368842123271051,5.3791118565319325,2.01026973326088,,,,,,,,,,,,,,,,,,,,,,,,,,,,,,,,,,,,2.750226652295338,0.6872228523424866,0.0,1.0,0.0,1.0,0.0,0.0,0.0,103.34375,1.8415469630804195,110.0,0.0,0.0,0.0,0.163487100940558,0.004041759045642,0.1666666666666667,0.0,0.0,0.0,0.0,0.0,0.0,0.2765219782426759,0.0060563673740293,0.2857142857142857,,,,,,,,,,0.9325343421692188,0.0071919432901755,0.9616304747883696,,,,,,,,,,,,,,,,,,,,,,,,,,,,,,,,,,,,,,,,,,,,,,1.0,0.0,1.0,1.0,0.0,1.0,1.0,0.0,1.0,2.5250796183424797,0.7471370569160738,0.0,,0.0,,,,,0.9280133763017284,,,,,,,
k-SemStamp,kmeans,context,rejection,sentence-nltk,,,sentence,nltk,,,64.0,attack,direct,split_midpoint-ratio=1.0,other,split_midpoint-ratio=1.0,,,,,,,,,,1024,3,c4-val-def-256|c4-val-def-256b|c4-val-def-512,1.1547005383792517,1.7614096918559583,2.840187787218772,0.8604602813720703,0.638671875,0.4912109375,0.275390625,0.5087890625,2.148818932466805,5.3791118565319325,3.2276280470351595,,,,,,,,,,,,,,,,,,,,,,,,,,,,,,,,,,,,2.7387902739345837,0.6960584102858187,0.0,1.0,0.0,1.0,0.0,0.0,0.0,103.34375,1.8415469630804195,110.0,0.0,0.0,0.0,0.2899136751068571,0.0046688564185327,0.2999999999999999,0.0,0.0,0.0,0.0,0.0,0.0,0.4447557828975276,0.0054993638658947,0.4615384615384615,,,,,,,,,,0.9353532155517028,0.0072260240518233,0.9642857142857144,,,,,,,,,,,,,,,,,,,,,,,,,,,,,,,,,,,,,,,,,,,,,,1.0,0.0,1.0,1.0,0.0,1.0,1.0,0.0,1.0,2.7721530665234893,0.7806796274135087,0.0,,0.0,,,,,0.8532218965866134,,,,,,,
k-SemStamp,kmeans,context,rejection,sentence-nltk,,,sentence,nltk,,,64.0,attack,direct,synonym_substitution-ratio=0.1,other,synonym_substitution-ratio=0.1,,,,,,,,,,1024,3,c4-val-def-256|c4-val-def-256b|c4-val-def-512,1.1547005383792517,1.7614096918559583,2.840187787218772,0.9862799644470216,0.9736328125,0.94921875,0.880859375,0.0498046875,4.854963118097409,5.3791118565319325,0.524148738434523,,,,,,,,,,,,,,,,,,,,,,,,,,,,,,,,,,,,2.3717840813163704,0.6059887897650954,0.0,0.9316299912173748,0.0017669459377235,0.9327731092436976,0.0015037537755363,0.00071499096529,0.0,96.1533203125,1.706291286746546,102.0,0.0002813654700414,0.0001206316795931,0.0,0.0018182804070394,0.0006234505591027,0.0,0.041392155618636,0.0010138542200132,0.0402458569187751,0.1109189017541033,0.0027580852373181,0.1078452544386,0.0019481167265848,0.0009407935304327,0.0,,,,,,,,,,0.9357089515762308,0.0067346352378515,0.9634424768905224,,,,,,,,,,,,,,,,,,,,,,,,,,,,,,,,,,,,,,,,,,,,,,0.958607844381364,0.0010138542200132,0.9597541430812248,0.9196261541875338,0.0018448278376237,0.920892494929006,0.9582498795854856,0.001020550447157,0.9593321843282672,2.107607802603857,0.6670296458416279,0.0,,0.0,,,,,0.8703483064886539,,,,,,,
k-SemStamp,kmeans,context,rejection,sentence-nltk,,,sentence,nltk,,,64.0,attack,direct,synonym_substitution-ratio=0.25,other,synonym_substitution-ratio=0.25,,,,,,,,,,1024,3,c4-val-def-256|c4-val-def-256b|c4-val-def-512,1.1547005383792517,1.7614096918559583,2.840187787218772,0.9729576110839844,0.9453125,0.90625,0.7685546875,0.0927734375,4.0745981204051,5.3791118565319325,1.304513736126831,,,,,,,,,,,,,,,,,,,,,,,,,,,,,,,,,,,,2.000039295519692,0.5487279768862225,0.0,0.8322670721661262,0.0028725610597969,0.8319663865546219,0.0036587104313854,0.0011696290491396,0.0,85.7724609375,1.5242769423086011,91.0,0.0016860503638658,0.000300122217187,0.0,0.0047234339673312,0.0010765759396117,0.0,0.1018221581974334,0.0016093329671355,0.1007025761124121,0.2553867220252546,0.0035126560269934,0.252,0.0053076597715334,0.001578905528455,0.0,,,,,,,,,,0.939980444488414,0.0064244369504293,0.9644268774703556,,,,,,,,,,,,,,,,,,,,,,,,,,,,,,,,,,,,,,,,,,,,,,0.8981778418025665,0.0016093329671355,0.8992974238875878,0.804948201082839,0.0028152670641106,0.8072841826019674,0.8963903707072025,0.0016434507327155,0.8980762116167222,1.7413822486960475,0.6152653679391785,0.0,,0.0,,,,,0.6954903762093279,,,,,,,
k-SemStamp,kmeans,context,rejection,sentence-nltk,,,sentence,nltk,,,64.0,attack,direct,synonym_substitution-ratio=0.5,other,synonym_substitution-ratio=0.5,,,,,,,,,,1024,3,c4-val-def-256|c4-val-def-256b|c4-val-def-512,1.1547005383792517,1.7614096918559583,2.840187787218772,0.9180941581726074,0.806640625,0.712890625,0.4951171875,0.2861328125,2.8285330577995693,5.3791118565319325,2.550578798732362,,,,,,,,,,,,,,,,,,,,,,,,,,,,,,,,,,,,1.9383434011710663,0.53064484852695,0.0,0.6744131243911669,0.0038265476441848,0.6725705329153605,0.0081064755058639,0.0017865166939154,0.0,69.423828125,1.2468548250863665,73.0,0.0068792771090688,0.0006732397485878,0.0,0.0105166590469879,0.0017610383449559,0.0,0.1971506992548311,0.0021530383842848,0.1962433862433862,0.4585309426741836,0.0036711128285484,0.4570782159017453,0.0116287051843853,0.0025578077824359,0.0,,,,,,,,,,0.9376710911813032,0.0063550762643172,0.9620491992164996,,,,,,,,,,,,,,,,,,,,,,,,,,,,,,,,,,,,,,,,,,,,,,0.8028493007451688,0.0021530383842848,0.8037566137566137,0.6338776029537726,0.003575304064484,0.6326530612244898,0.7972236414500367,0.0022022927973799,0.7976403869332755,1.5671190139628683,0.5942398878672301,0.0,,0.0,,,,,0.4552883219676679,,,,,,,
k-SemStamp,kmeans,context,rejection,sentence-nltk,,,sentence,nltk,,,64.0,attack,direct,synonym_substitution-ratio=0.75,other,synonym_substitution-ratio=0.75,,,,,,,,,,1024,3,c4-val-def-256|c4-val-def-256b|c4-val-def-512,1.1547005383792517,1.7614096918559583,2.840187787218772,0.8393650054931641,0.6201171875,0.5029296875,0.28125,0.49609375,1.911920130956224,5.3791118565319325,3.467191725575707,,,,,,,,,,,,,,,,,,,,,,,,,,,,,,,,,,,,2.391134454260795,0.5723377938543575,0.0,0.5261689756667114,0.004366540089909,0.5218758545255674,0.0148631834037733,0.0024674930826762,0.0,53.9287109375,0.9906126372750358,56.0,0.0177501072779261,0.0012949909175854,0.0111241217798594,0.0186464278315723,0.0029646855360373,0.0,0.2871081661423283,0.0026078439094351,0.2862824161922834,0.6255997855971527,0.0037172225196904,0.6252147766323024,0.019410852750407,0.0036786163705849,0.0,,,,,,,,,,0.9264650745745556,0.0065883552301137,0.95076194874163,,,,,,,,,,,,,,,,,,,,,,,,,,,,,,,,,,,,,,,,,,,,,,0.7128918338576716,0.0026078439094351,0.7137175838077165,0.4843730441409928,0.00393502157376,0.4830724890244311,0.7020139344186076,0.0026570649801386,0.7021696252465484,1.7820838096195697,0.6152699340510541,0.0,,0.0,,,,,0.271128626568496,,,,,,,
k-SemStamp,kmeans,context,rejection,sentence-nltk,,,sentence,nltk,,,64.0,attack,direct,synonym_substitution-ratio=1.0,other,synonym_substitution-ratio=1.0,,,,,,,,,,1024,3,c4-val-def-256|c4-val-def-256b|c4-val-def-512,1.1547005383792517,1.7614096918559583,2.840187787218772,0.7352747917175293,0.44140625,0.328125,0.154296875,0.6708984375,1.1992029007658964,5.3791118565319325,4.1799089557660345,,,,,,,,,,,,,,,,,,,,,,,,,,,,,,,,,,,,3.617324193421836,0.7155384419131265,0.668903803131991,0.3833735698534064,0.0047366485086915,0.3744918699186992,0.0279220065256666,0.004038175451576,0.0,38.947265625,0.747545898536916,40.0,0.0387105987718997,0.0022570285543067,0.032145748058166,0.0316115377794611,0.0039991564395103,0.0,0.3735505522496847,0.0029374114184026,0.3725490196078431,0.7670067470590489,0.0034615837763313,0.7713091389439288,0.02969282175992,0.0042997836000395,0.0,,,,,,,,,,0.9052737454443396,0.0073326702563411,0.9343531843531844,,,,,,,,,,,,,,,,,,,,,,,,,,,,,,,,,,,,,,,,,,,,,,0.6264494477503153,0.0029374114184026,0.6274509803921569,0.3538778025457236,0.0038982789152531,0.350674373795761,0.6096398857737997,0.0029594189166632,0.6102941176470589,2.927142582897802,0.8043896088095946,0.0,,0.0,,,,,0.1322975971957038,,,,,,,
k-SemStamp,kmeans,context,rejection,sentence-nltk,,,sentence,nltk,,,64.0,watermark,direct,none,none,none,,,,,,,,,,1024,3,c4-val-def-256|c4-val-def-256b|c4-val-def-512,1.1547005383792517,1.7614096918559583,2.840187787218772,0.9915423393249512,0.9853515625,0.970703125,0.9287109375,0.0283203125,5.3791118565319325,5.3791118565319325,0.0,4.91980061416306,4.827312685593201,5.015901777591699,13343.0,13292.0,1.0,4.91980061416306,4.827312685593201,5.015901777591699,,,,,,,,,,,,,,,,,,,,,,,,,,,2.9228820061389875,0.7040926921080065,0.0,,,,,,,,,,,,,,,,,,,,,,,,,,,,,,,,,,0.9289545864444728,0.0072793328514788,0.9578745714861868,,,,6.248361609548873,0.1848372816137163,6.504076242446899,,,,,,,,,,,,,,,,0.806005859375,0.0148204565323,0.9166666666666666,0.7985026041666667,0.0166408003826882,0.9333333333333332,0.8919270833333334,0.0115663994883275,1.0,0.7447265625,0.0171096519843257,0.8666666666666667,0.7888671875,0.018547085979453,1.0,0.1007115632944024,0.0074368561850308,0.071917808219178,0.0524492436206356,0.0073390095562988,0.0193548387096774,0.0375686580114322,0.0071872361489503,0.0062597962382445,,,,,,,,,,2.8714474216374297,0.80017684055001,0.0,512299.9817466736,279591.0,10.406362086768915,11.222515373682125,2.445066913856432,0.1951239359318481,,,,,,,,
k-SemStamp,kmeans,context,rejection,sentence-nltk,,,sentence,nltk,,,,human,direct,none,none,none,,,,,,,,,,1024,1,c4-human-def,1.1547005383792517,1.7614096918559583,2.840187787218772,,,,,,-0.1450235868085192,,,,,,,,,,,,,,,,,,,,,,,,,,,,,,,,,,,,,,,,,,,,,,,,,,,,,,,,,,,,,,,,,,,,,,,,,,,,,,,,,,,,,,,,,,,,,,,,,,,,,,,,,,,,,,,,,,,,,,,,,,,,,,,,,,,,,,,,,,,,,0.0986328125,0.048828125,0.0087890625,1.0639914702941775,1.1547005383792517,1.747198238077556,2.8394160879640715
k-SemStamp,kmeans,fixed,best-of-n,sentence-nltk,,,sentence,nltk,,,64.0,attack,direct,adaptive-Qwen2.5-3B-Instruct-standard-K1-min-bag=min-surr=bge,adaptive,K1-min-bag=min-bge,1.0,bge,bag,Qwen2.5-3B-Instruct,sentence-nltk,min,min,,,1024,3,c4-val-def-256|c4-val-def-256b|c4-val-def-512,2.263009527424072,2.840187787218772,4.016632088371218,0.968374252319336,0.931640625,0.8876953125,0.7255859375,0.1123046875,4.956968810987454,5.773705993838795,0.8167371828513414,,,,,,,,,,0.111328125,0.111328125,0.111328125,0.1103515625,0.1103515625,0.1083984375,0.10546875,0.0986328125,0.0888671875,0.0732421875,0.0517578125,0.10546875,0.2734375,0.2734375,0.2734375,0.271484375,0.271484375,0.265625,0.255859375,0.2392578125,0.2060546875,0.1640625,0.0966796875,0.255859375,0.2744140625,0.9189453125,4.733188763841969,0.870553119802598,0.0,0.5513155678634984,0.0083902747102382,0.5471698113207547,0.122963768269808,0.0080960751012001,0.1,50.3095703125,1.2964945321699617,50.0,0.0463175622370854,0.0032902682151458,0.03120802555792,0.1147189364075916,0.0072284334820955,0.0909090909090909,0.2951070512987332,0.0063894431202782,0.2849128801502617,0.5378708985823109,0.0086780934330574,0.5374849458048976,0.0877600078086654,0.0078170388532303,0.0,0.9344599855830892,0.0014562854309202,0.9365360736846924,0.9380203476175666,0.0015117365217677,0.9413610696792604,0.9310391612816602,0.0015190806293641,0.9329056441783904,0.9011786802989684,0.0095261036260716,0.9547511312217196,0.9678383177961224,0.0012204872912961,0.9726006984710692,7.649611647643405,0.2957642117021301,8.671514511108398,0.93125,0.005068891717941,0.9666666666666668,0.9548828125,0.0045621445970541,1.0,0.0200520833333333,0.0052003109560632,0.0,0.9205078125,0.00780731398404,1.0,0.1303385416666666,0.0101175663451263,0.0666666666666666,,,,,,,,,,,,,,,,0.1335617531373138,0.0095857014260202,0.0840336134453781,0.076748346452538,0.0093274236102629,0.0241589194146829,0.0576343553290401,0.0089755839678062,0.0079840637450199,0.7048929487012667,0.0063894431202782,0.7150871198497383,0.4532650714992221,0.0087090552097241,0.4477996056664302,0.5870351996361062,0.007895215292247,0.5900241245429529,3.8876948537082185,0.907549843643401,0.0,538542.6273193359,264685.0,10.128588096534187,10.963076773908952,2.306012272235181,0.8241507858160789,0.3117162759322676,,,,,,,
k-SemStamp,kmeans,fixed,best-of-n,sentence-nltk,,,sentence,nltk,,,64.0,attack,direct,adaptive-Qwen2.5-3B-Instruct-standard-K16-min-bag=min-surr=bge,adaptive,K16-min-bag=min-bge,16.0,bge,bag,Qwen2.5-3B-Instruct,sentence-nltk,min,min,,,1024,3,c4-val-def-256|c4-val-def-256b|c4-val-def-512,2.263009527424072,2.840187787218772,4.016632088371218,0.9122271537780762,0.77734375,0.6923828125,0.4287109375,0.3076171875,3.524829188504411,5.773705993838795,2.248876805334384,,,,,,,,,,0.3076171875,0.30078125,0.298828125,0.2890625,0.2744140625,0.2568359375,0.2119140625,0.1748046875,0.1181640625,0.0703125,0.02734375,0.2119140625,0.568359375,0.5576171875,0.55078125,0.5341796875,0.501953125,0.466796875,0.376953125,0.3154296875,0.2001953125,0.10546875,0.0419921875,0.376953125,0.5712890625,0.6669921875,2.184462446347055,0.6284687264731506,0.0,0.4049909597708591,0.0079239687162913,0.3914563697172393,0.1967684860718916,0.0099060702298131,0.1818181818181818,36.4560546875,0.99205913834564,36.0,0.1036797008897741,0.0051624144812128,0.0852266204694169,0.2068828305470225,0.0091143679563738,0.1923076923076923,0.4314379632676117,0.0073911299363622,0.4246912498905141,0.7069926448942048,0.0073551103775299,0.718879132231405,0.1802316308397742,0.0107786775911575,0.1428571428571428,0.901346881990321,0.0017321650717686,0.9044048190116882,0.9066296140663326,0.0019247486522105,0.9103829264640808,0.8964753881446086,0.0018017926569895,0.8979098498821259,0.9401564382064748,0.0067789041060637,0.9666666666666668,0.9367134963395074,0.0025057622121839,0.9455920159816742,9.698265777684265,0.3211440816970877,10.80188274383545,0.8357910156249999,0.0070528111577586,0.85,0.8785807291666667,0.0073937597984361,0.9333333333333332,0.0427083333333333,0.0070515997912836,0.0,0.8051432291666667,0.0115068681985819,0.8666666666666667,0.2978515625,0.0116128826115121,0.3333333333333333,,,,,,,,,,,,,,,,0.0952577175752737,0.0071075060440527,0.0689655172413793,0.0446193309338262,0.006854755758004,0.0160432395332875,0.0299735649654802,0.0066474514892793,0.0038095376309755,0.5685620367323883,0.0073911299363622,0.5753087501094858,0.2713256978133187,0.0071270148368776,0.2586635867910108,0.3895785916140866,0.007071626010456,0.3787627018374165,2.0466921167894125,0.7278498529638711,0.0,548100.4181060791,241247.0,10.165989097266396,10.978851246240808,2.3133127528284687,0.5884994053787077,0.1426556901999944,,,,,,,
k-SemStamp,kmeans,fixed,best-of-n,sentence-nltk,,,sentence,nltk,,,64.0,attack,direct,adaptive-Qwen2.5-3B-Instruct-standard-K16-min-surr=bge,adaptive,K16-min-positional-bge,16.0,bge,positional,Qwen2.5-3B-Instruct,sentence-nltk,min,,,,1024,3,c4-val-def-256|c4-val-def-256b|c4-val-def-512,2.263009527424072,2.840187787218772,4.016632088371218,0.9401922225952148,0.8369140625,0.7685546875,0.51171875,0.2314453125,3.951758459181165,5.773705993838795,1.82194753465763,,,,,,,,,,0.2294921875,0.228515625,0.2275390625,0.22265625,0.21875,0.2060546875,0.1826171875,0.1591796875,0.1259765625,0.06640625,0.03515625,0.1826171875,0.482421875,0.48046875,0.4775390625,0.46484375,0.4560546875,0.435546875,0.38671875,0.341796875,0.25390625,0.13671875,0.0576171875,0.38671875,0.48828125,0.814453125,1.8375502487004332,0.506362374702269,0.0,0.4616555350795946,0.0082064790398227,0.4520484949832776,0.1597239193268889,0.0093034330952277,0.1428571428571428,42.0263671875,1.137395188160344,42.0,0.0878074089761264,0.0052161203402935,0.0660377358490566,0.1586365949509278,0.0084571847637685,0.1304347826086956,0.3877263618026287,0.0073961111737683,0.3752978801686807,0.6374145737801701,0.0082340441461417,0.6480223463687151,0.1271650170088124,0.0096006225551276,0.1,0.9127959583420306,0.0015803415313622,0.914890706539154,0.91821460070787,0.0016031585626984,0.921464592218399,0.9076251887599938,0.0017324002584527,0.9100248217582704,0.9406472353534696,0.0059153283140888,0.9642056374119156,0.947447584301699,0.0019521822260017,0.9533469080924988,9.483184588109657,0.354029145544471,10.460386276245115,0.8814290364583333,0.0063902610180847,0.9,0.9083333333333334,0.0063239564966229,0.9333333333333332,0.0303385416666666,0.0063932407095148,0.0,0.8628255208333333,0.0101398786077931,0.9333333333333332,0.2151041666666666,0.0115228520627661,0.2,,,,,,,,,,,,,,,,0.0940387945747188,0.0063299038937142,0.0682523997741389,0.0428877990072653,0.0057887818762231,0.0181161798490318,0.0271472229220811,0.0054143223877964,0.0043573191570153,0.6122736381973712,0.0073961111737683,0.6247021198313192,0.3359105109255941,0.0078988946599458,0.3282961515496932,0.459217581992524,0.0078587164293555,0.4554013437057991,1.6178609051136468,0.5797562388648763,0.0,538553.1288986206,239408.0,10.204924037805975,11.013851464931552,2.290425304009585,0.584628374727739,0.1940321219411195,,,,,,,
k-SemStamp,kmeans,fixed,best-of-n,sentence-nltk,,,sentence,nltk,,,64.0,attack,direct,adaptive-Qwen2.5-3B-Instruct-standard-K2-min-bag=min-surr=bge,adaptive,K2-min-bag=min-bge,2.0,bge,bag,Qwen2.5-3B-Instruct,sentence-nltk,min,min,,,1024,3,c4-val-def-256|c4-val-def-256b|c4-val-def-512,2.263009527424072,2.840187787218772,4.016632088371218,0.9564661979675292,0.8916015625,0.841796875,0.6494140625,0.158203125,4.534616557090094,5.773705993838795,1.239089436748701,,,,,,,,,,0.158203125,0.158203125,0.158203125,0.1572265625,0.1552734375,0.15234375,0.1416015625,0.1318359375,0.11328125,0.076171875,0.044921875,0.1416015625,0.3505859375,0.349609375,0.3486328125,0.3447265625,0.341796875,0.3369140625,0.3037109375,0.279296875,0.22265625,0.1533203125,0.076171875,0.3037109375,0.3505859375,0.87890625,3.408781674882181,0.7202685726900178,0.0,0.496477815765416,0.0081415178934037,0.4859764089121887,0.1542077827010594,0.0087853892155362,0.125,44.990234375,1.1653419475954996,45.0,0.062405062196653,0.0037804000764771,0.0467587427588456,0.1478363326298201,0.0078970972287956,0.1249999999999998,0.3444750522167196,0.0066945136342039,0.3388165255757985,0.6087300791555172,0.0082201142227623,0.6186706157088341,0.1169982812655925,0.0090460664158841,0.0909090909090909,0.9232079887297004,0.0015055228025468,0.9245674014091492,0.9276975517277606,0.0015730471400973,0.9300632774829865,0.9189002033672296,0.0015770280669265,0.9190373420715332,0.9175190952404272,0.0081460629254756,0.9579193310378752,0.9601385136484168,0.0013878125481559,0.965514987707138,8.329446550537646,0.3216703520150902,9.358235836029053,0.908447265625,0.00547912563548,0.9333333333333332,0.9397135416666668,0.0051613070340091,1.0,0.0190755208333333,0.0044371700952815,0.0,0.8988932291666667,0.0086761310273211,0.9333333333333332,0.1857421875,0.0115403663720164,0.1333333333333333,,,,,,,,,,,,,,,,0.1179816069222818,0.0083616454564307,0.0779854292049413,0.0624538958570864,0.0079742252063528,0.0212067673198415,0.0440684746702812,0.0075606088549626,0.0049019607843137,0.6555249477832803,0.0066945136342039,0.6611834744242014,0.3774096629016283,0.0081015839407851,0.36422506976927,0.5112978199626261,0.0077855694255544,0.5064935064935064,2.547157090026083,0.7547434564194876,0.0,539009.2658004761,254274.0,10.166712378458673,11.000435980241647,2.2713309658782723,0.8270569331935977,0.2323386455402623,,,,,,,
k-SemStamp,kmeans,fixed,best-of-n,sentence-nltk,,,sentence,nltk,,,64.0,attack,direct,adaptive-Qwen2.5-3B-Instruct-standard-K32-min-bag=min-surr=bge,adaptive,K32-min-bag=min-bge,32.0,bge,bag,Qwen2.5-3B-Instruct,sentence-nltk,min,min,,,1024,3,c4-val-def-256|c4-val-def-256b|c4-val-def-512,2.263009527424072,2.840187787218772,4.016632088371218,0.8928089141845703,0.7314453125,0.6484375,0.3935546875,0.3515625,3.2827224800132866,5.773705993838795,2.4909835138255083,,,,,,,,,,0.3427734375,0.333984375,0.3251953125,0.310546875,0.296875,0.2685546875,0.2109375,0.173828125,0.115234375,0.056640625,0.01953125,0.2109375,0.595703125,0.5810546875,0.5673828125,0.541015625,0.509765625,0.4599609375,0.3525390625,0.2861328125,0.1728515625,0.080078125,0.0283203125,0.3525390625,0.6064453125,0.5849609375,1.7922932408305998,0.5521710317286104,0.0,0.3798380849654804,0.0077735619929627,0.3680340557275542,0.1932473597382988,0.0107062288860193,0.1666666666666666,34.193359375,0.9517728220748288,33.0,0.1194017988513097,0.0058518110970224,0.1048097631012204,0.2080492937229254,0.0098471896923298,0.1818181818181818,0.4550564183183971,0.0077442005611914,0.4399999999999999,0.7345351815382981,0.007276459444188,0.7425810144417049,0.1829410241984646,0.0110250910510285,0.1428571428571428,0.895759315113537,0.00178001360906,0.8995069265365601,0.9006347731919959,0.0019546428672365,0.9052880108356476,0.8912827046005987,0.0018694381533171,0.8952556252479553,0.9431729160542506,0.0061137289558596,0.9675265982487524,0.929350636259187,0.0030946186820549,0.9422072172164916,10.020162851471342,0.3571575605748825,11.033370018005373,0.8114908854166667,0.0074686778789406,0.8333333333333334,0.8580078125000001,0.0082177701217364,0.8666666666666667,0.0482421875,0.0076377458956026,0.0,0.76953125,0.0123671612170771,0.8000000000000002,0.3333333333333333,0.0117673491865271,0.4,,,,,,,,,,,,,,,,0.0930373535577052,0.0064269124321984,0.0684671076618574,0.0411601417726253,0.0059644650999538,0.0166044030272535,0.0260185029731498,0.0056831164380938,0.0039683164574901,0.5449435816816028,0.0077442005611914,0.56,0.2464375772796987,0.0070606616653931,0.2365697962514938,0.3598402612839884,0.0070339502261603,0.3549472110623189,1.6188870870391314,0.6166237218628895,0.0,560713.630607605,243302.0,10.18833227656813,11.017812397139592,2.3306798303377465,0.5394775021336431,0.1261468309660257,,,,,,,
k-SemStamp,kmeans,fixed,best-of-n,sentence-nltk,,,sentence,nltk,,,64.0,attack,direct,adaptive-Qwen2.5-3B-Instruct-standard-K4-min-bag=min-surr=bge,adaptive,K4-min-bag=min-bge,4.0,bge,bag,Qwen2.5-3B-Instruct,sentence-nltk,min,min,,,1024,3,c4-val-def-256|c4-val-def-256b|c4-val-def-512,2.263009527424072,2.840187787218772,4.016632088371218,0.9469814300537108,0.87109375,0.81640625,0.5693359375,0.18359375,4.220050757783646,5.773705993838795,1.5536552360551488,,,,,,,,,,0.18359375,0.18359375,0.18359375,0.18359375,0.1767578125,0.1689453125,0.154296875,0.140625,0.119140625,0.0791015625,0.0419921875,0.154296875,0.4296875,0.42578125,0.4228515625,0.41796875,0.40625,0.37890625,0.34375,0.2978515625,0.23828125,0.1494140625,0.0576171875,0.34375,0.4306640625,0.8017578125,2.627956208831413,0.6650470703951415,0.0,0.4605690979732611,0.0080825932302849,0.4482758620689655,0.1701719630217363,0.0090621816132916,0.1483516483516483,41.7412109375,1.1118888500991029,41.0,0.0781452697432921,0.0043373349361954,0.0622712350230173,0.1679693246149614,0.0085850872259391,0.1428571428571429,0.3762105178471324,0.0069131240757335,0.3666666666666666,0.6470002876820772,0.0080163003936821,0.6547085201793722,0.1363076154221482,0.0097599622698922,0.1111111111111111,0.9159053056500852,0.0015795463949423,0.9183355569839478,0.9206039982964284,0.0016331554755879,0.9237159490585328,0.9113950259052216,0.0016572005898049,0.9130098223686218,0.9299411031859716,0.0072281096492157,0.9613318565692924,0.9525988837121986,0.0015565638485156,0.9585337340831755,8.93988906184463,0.3129957854560938,10.04040813446045,0.8810709635416667,0.0063483003248576,0.9,0.9215494791666669,0.0057658866861039,0.9333333333333332,0.0301432291666666,0.0059754965433576,0.0,0.8578125000000001,0.0103379960595832,0.9333333333333332,0.2249348958333333,0.0115315762258059,0.2,,,,,,,,,,,,,,,,0.1052725678475795,0.0074919380042055,0.0735189531327786,0.0518085955754081,0.0072236272993301,0.0196464412536668,0.0351873332297978,0.0069839177127369,0.0043196745782952,0.6237894821528676,0.0069131240757335,0.6333333333333334,0.3356493775324693,0.0079235588404263,0.3266719913030938,0.4650092923030702,0.0075861293882187,0.4600032612079316,2.204322296208175,0.726594565472871,0.0,542034.0082550049,247445.0,10.18469407614146,11.00562283156491,2.344665081122649,0.7313788180796597,0.1962014736395814,,,,,,,
k-SemStamp,kmeans,fixed,best-of-n,sentence-nltk,,,sentence,nltk,,,64.0,attack,direct,adaptive-Qwen2.5-3B-Instruct-standard-K4-min-surr=bge,adaptive,K4-min-positional-bge,4.0,bge,positional,Qwen2.5-3B-Instruct,sentence-nltk,min,,,,1024,3,c4-val-def-256|c4-val-def-256b|c4-val-def-512,2.263009527424072,2.840187787218772,4.016632088371218,0.9526677131652832,0.8818359375,0.828125,0.6298828125,0.171875,4.382935874427069,5.773705993838795,1.3907701194117266,,,,,,,,,,0.171875,0.171875,0.171875,0.169921875,0.1689453125,0.166015625,0.154296875,0.140625,0.1171875,0.0888671875,0.048828125,0.154296875,0.3662109375,0.3662109375,0.3662109375,0.3603515625,0.3544921875,0.34375,0.3173828125,0.2861328125,0.236328125,0.1591796875,0.078125,0.3173828125,0.3701171875,0.8642578125,2.5824955152558164,0.5908546589354987,0.0,0.4965280924902652,0.0082525462821123,0.4848484848484848,0.1507180295067063,0.0091467325025416,0.1143790849673202,45.2763671875,1.1918035287327946,45.0,0.0660158929680393,0.0040890409792999,0.048503153976078,0.1445529570918903,0.0079823933674829,0.1181102362204725,0.3502707629056596,0.0069576040834263,0.3362933031094466,0.6021889602575266,0.0080259296190671,0.605783003103366,0.1118064541753565,0.0087691347957091,0.0833333333333333,0.9218990912777372,0.0015529269457698,0.9246782958507538,0.9268772128853016,0.0015699229950136,0.930661290884018,0.9171504200203344,0.001701860378678,0.919860541820526,0.928596948475865,0.0068706743503978,0.9609035326086957,0.9565462359460072,0.0015345978707014,0.962262362241745,8.858536203090958,0.3384061985691034,9.852553844451904,0.9077473958333332,0.0058741860050685,0.9333333333333332,0.9335286458333334,0.0056802277683978,1.0,0.0230468749999999,0.0057298104779078,0.0,0.8929687500000001,0.0093424305466419,0.9333333333333332,0.1724609375,0.0107473403408306,0.1333333333333333,,,,,,,,,,,,,,,,0.1061996819526238,0.0072512471069956,0.0745566306873327,0.0525378598261884,0.0067267971380429,0.0194174757281553,0.0353136681146059,0.0063220141507797,0.0042735823212491,0.6497292370943404,0.0069576040834263,0.6637066968905534,0.3779797551828768,0.008068396423913,0.371667479618145,0.5110043415302963,0.0078723380790748,0.5141021719180177,2.008166621504228,0.6522146423999282,0.0,536676.5739898682,246026.0,10.186834329943697,11.012461786428975,2.27247771207581,0.7245022467502639,0.2316447795219698,,,,,,,
k-SemStamp,kmeans,fixed,best-of-n,sentence-nltk,,,sentence,nltk,,,64.0,attack,direct,adaptive-Qwen2.5-3B-Instruct-standard-K64-min-bag=min-surr=bge,adaptive,K64-min-bag=min-bge,64.0,bge,bag,Qwen2.5-3B-Instruct,sentence-nltk,min,min,,,1024,3,c4-val-def-256|c4-val-def-256b|c4-val-def-512,2.263009527424072,2.840187787218772,4.016632088371218,0.8786802291870117,0.693359375,0.5927734375,0.34375,0.4072265625,3.0469770363961786,5.773705993838795,2.726728957442617,,,,,,,,,,0.396484375,0.38671875,0.3759765625,0.3505859375,0.3115234375,0.279296875,0.2099609375,0.1630859375,0.0986328125,0.0419921875,0.0166015625,0.2099609375,0.64453125,0.6298828125,0.611328125,0.5712890625,0.513671875,0.4521484375,0.330078125,0.2490234375,0.1416015625,0.05859375,0.01953125,0.330078125,0.65625,0.498046875,2.0894395446716736,0.6053141938871995,0.0,0.3577794688681476,0.0075755828925299,0.34375,0.1921191958394339,0.0109380423289758,0.1666666666666666,32.1103515625,0.8932290830741116,31.0,0.1370164142024814,0.006489381530511,0.1187593457230919,0.2125332863838919,0.0103578733935803,0.1836734693877549,0.4793298978836939,0.0076705573940392,0.4627918432748159,0.7553396055270918,0.0069772911966999,0.7656696428571428,0.1942467416833387,0.0112352025282252,0.1666666666666666,0.8897555300500244,0.00188236591581,0.8933063447475433,0.8941307966597378,0.0021790566280171,0.8998880088329315,0.8858651184709743,0.0018820377669086,0.8886088728904724,0.9416034675078286,0.0065542154500853,0.968,0.9205905887356494,0.0031441670023873,0.9329710006713868,10.032362116621735,0.3359684020336608,11.146993160247805,0.786474609375,0.0077090687675744,0.7999999999999999,0.8300130208333335,0.0086021374849615,0.8666666666666667,0.0489583333333333,0.0073131742711422,0.0,0.7341796875,0.0129912481590265,0.7333333333333334,0.3693359375,0.011791175187839,0.4000000000000001,,,,,,,,,,,,,,,,0.0939271241980071,0.0068721149661493,0.0668154761904761,0.0429032231179594,0.0065252859343943,0.0161290322580645,0.0285871486975106,0.006298819803664,0.00354609929078,0.5206701021163062,0.0076705573940392,0.5372081567251841,0.2240983211150265,0.0065998860265123,0.2120388669301712,0.3324405264562222,0.0066009955787818,0.3250897930589688,2.1702072849217333,0.7327958685921766,0.0,570710.2319946289,247509.0,10.155063964663253,10.988364399002975,2.3242575079607057,0.5359405619832588,0.1151410442063114,,,,,,,
k-SemStamp,kmeans,fixed,best-of-n,sentence-nltk,,,sentence,nltk,,,64.0,attack,direct,adaptive-Qwen2.5-3B-Instruct-standard-K64-min-surr=bge,adaptive,K64-min-positional-bge,64.0,bge,positional,Qwen2.5-3B-Instruct,sentence-nltk,min,,,,1024,3,c4-val-def-256|c4-val-def-256b|c4-val-def-512,2.263009527424072,2.840187787218772,4.016632088371218,0.917539119720459,0.8017578125,0.71875,0.4609375,0.28125,3.6143260285723207,5.773705993838795,2.1593799652664742,,,,,,,,,,0.2734375,0.2705078125,0.2646484375,0.2568359375,0.2421875,0.232421875,0.197265625,0.1650390625,0.1279296875,0.0673828125,0.0302734375,0.197265625,0.5302734375,0.52734375,0.5185546875,0.5048828125,0.4794921875,0.4482421875,0.373046875,0.3115234375,0.228515625,0.1171875,0.0478515625,0.373046875,0.5390625,0.708984375,2.156490970120266,0.5501390452701108,0.0,0.4298990965794801,0.007800550440585,0.4181818181818181,0.1567400860497372,0.0097657799107643,0.1428571428571428,39.1787109375,1.066456658667826,40.0,0.1136118840731399,0.0064828233596768,0.0905991125440934,0.1668245517930758,0.0087921620751345,0.1428571428571429,0.4185816298664541,0.007743556949104,0.4083842023131999,0.6717198812328434,0.0078746529427333,0.6763034759358288,0.1388733837320723,0.0097838586263649,0.1111111111111111,0.9040723372017964,0.0018355490733516,0.907731831073761,0.9078159681521356,0.0020998954915689,0.9145991504192352,0.9007103962358087,0.0018190186018258,0.9029171764850616,0.936215569618612,0.0064446945211683,0.9645927358693316,0.9381975964060985,0.0027651175652564,0.9472142457962036,9.705676166191695,0.3264218894424653,10.94615364074707,0.8493977864583333,0.006955205932048,0.8666666666666667,0.8847656250000001,0.0073318896345998,0.9333333333333332,0.0378255208333333,0.0065340432450618,0.0,0.8284505208333335,0.0110636070118592,0.8666666666666667,0.2777994791666667,0.0127370105237945,0.2666666666666666,,,,,,,,,,,,,,,,0.1016203679816573,0.0070187653685746,0.0697269265051454,0.0490211972667981,0.0064051223110003,0.0177777777777777,0.0323231356382814,0.0059865774722143,0.0043573191570153,0.5814183701335459,0.007743556949104,0.5916157976868001,0.3021388913161399,0.007469924275557,0.2961844019245832,0.4140106889037493,0.0076619572173862,0.4092885327059284,1.6689570438173795,0.6045124625962777,0.0,573545.8646469116,252362.0,10.207473907966436,11.022666810473506,2.351088412698383,0.4626179410124665,0.1721312382959393,,,,,,,
k-SemStamp,kmeans,fixed,best-of-n,sentence-nltk,,,sentence,nltk,,,64.0,attack,direct,adaptive-Qwen2.5-3B-Instruct-standard-K8-min-bag=min-surr=bge,adaptive,K8-min-bag=min-bge,8.0,bge,bag,Qwen2.5-3B-Instruct,sentence-nltk,min,min,,,1024,3,c4-val-def-256|c4-val-def-256b|c4-val-def-512,2.263009527424072,2.840187787218772,4.016632088371218,0.931232452392578,0.8232421875,0.7587890625,0.4765625,0.2412109375,3.878956472235149,5.773705993838795,1.8947495216036467,,,,,,,,,,0.240234375,0.23828125,0.2353515625,0.2314453125,0.2216796875,0.2099609375,0.1875,0.1572265625,0.12109375,0.0751953125,0.029296875,0.1875,0.51953125,0.517578125,0.51171875,0.5009765625,0.4765625,0.4501953125,0.390625,0.3271484375,0.2294921875,0.1259765625,0.05078125,0.390625,0.5234375,0.748046875,2.139850764821528,0.5980638778609614,0.0,0.4298100427672943,0.0079815341316566,0.4177215189873418,0.1954854743881893,0.0100874072710079,0.1666666666666666,38.94921875,1.0488416051868468,38.0,0.0955913273129388,0.0054594224233532,0.0766954022988505,0.1943450706046892,0.0089651006834826,0.176470588235294,0.4050509276616216,0.0070285314508996,0.3963320382671177,0.6815228039800629,0.0076449590920926,0.6878612716763006,0.1592607500249332,0.0101202112756494,0.125,0.9080312026198952,0.0016119112550367,0.9103770554065704,0.9132416130159982,0.0017154248352305,0.917443186044693,0.9031151862582192,0.0017145972595074,0.905604124069214,0.938230343353032,0.006558572641952,0.9645703885018516,0.9448562900652178,0.0020990287793226,0.9524684548377992,9.456353546522092,0.3599046760741493,10.391911506652832,0.8600260416666667,0.006571426701458,0.8833333333333333,0.90078125,0.0066878840622296,0.9333333333333332,0.0317708333333333,0.0058424884083393,0.0,0.8346354166666667,0.0111262617785718,0.8666666666666667,0.2635416666666667,0.0113933283903427,0.2666666666666666,,,,,,,,,,,,,,,,0.0956016930428818,0.0069197079612826,0.0677055542081009,0.044766491353397,0.0065599195656854,0.0167132216014898,0.0296410235161462,0.0062900568321584,0.0038095376309755,0.5949490723383783,0.0070285314508996,0.6036679617328822,0.3005243149742862,0.0074008037933292,0.2893892743899637,0.4236989692806697,0.007232674911991,0.4156167692424249,2.079951495595997,0.7156708967816031,0.0,543024.2112960815,241700.0,10.191948484206163,11.005104630192662,2.3450326731181708,0.6626742233277019,0.1653155836565799,,,,,,,
k-SemStamp,kmeans,fixed,best-of-n,sentence-nltk,,,sentence,nltk,,,64.0,attack,direct,controlled_reorder-ratio=0.1,other,controlled_reorder-ratio=0.1,,,,,,,,,,1024,3,c4-val-def-256|c4-val-def-256b|c4-val-def-512,2.263009527424072,2.840187787218772,4.016632088371218,0.9865942001342772,0.966796875,0.9453125,0.8955078125,0.0546875,5.773785419326845,5.773705993838795,-7.942548805056626e-05,,,,,,,,,,,,,,,,,,,,,,,,,,,,,,,,,,,,7.068961437763583,0.9035883880426884,0.4608294930875576,1.0,0.0,1.0,0.0,0.0,0.0,91.39453125,1.902175820548494,99.0,0.0913181267225056,0.0045293825944724,0.0836146455466112,0.0,0.0,0.0,0.0,0.0,0.0,0.0107914824255458,0.0005845260709842,0.0088888888888888,0.0,0.0,0.0,,,,,,,,,,0.8624264366238381,0.009953533779801,0.9269896329394244,,,,,,,,,,,,,,,,,,,,,,,,,,,,,,,,,,,,,,,,,,,,,,1.0,0.0,1.0,0.9910151059753698,0.0004755935142498,0.9919354838709676,0.9170874955567092,0.0029102118833287,0.9253731343283582,5.759166812804238,0.9233010329920858,0.0,,0.0,,,,,0.9869567495356928,,,,,,,
k-SemStamp,kmeans,fixed,best-of-n,sentence-nltk,,,sentence,nltk,,,64.0,attack,direct,controlled_reorder-ratio=0.25,other,controlled_reorder-ratio=0.25,,,,,,,,,,1024,3,c4-val-def-256|c4-val-def-256b|c4-val-def-512,2.263009527424072,2.840187787218772,4.016632088371218,0.9865937232971193,0.966796875,0.9453125,0.8955078125,0.0546875,5.772916323321545,5.773705993838795,0.0007896705172502,,,,,,,,,,,,,,,,,,,,,,,,,,,,,,,,,,,,7.0427495455687765,0.900852935629866,0.4608294930875576,1.0,0.0,1.0,0.00061986863711,0.0009824072449935,0.0,91.39453125,1.902175820548494,99.0,0.2313152316439357,0.008352520921583,0.2350698856416772,0.0003914619926322,0.0006462755096983,0.0,0.0,0.0,0.0,0.015255873364618,0.0006568784266917,0.0133333333333333,0.0,0.0,0.0,,,,,,,,,,0.862590955339575,0.0099390868439064,0.9267767031118588,,,,,,,,,,,,,,,,,,,,,,,,,,,,,,,,,,,,,,,,,,,,,,1.0,0.0,1.0,0.9868979720468064,0.0005723750446664,0.9879518072289156,0.8319097278877698,0.0035743854737394,0.8358778625954199,5.752735829954367,0.9231177282010032,0.0,,0.0,,,,,0.9810603054349016,,,,,,,
k-SemStamp,kmeans,fixed,best-of-n,sentence-nltk,,,sentence,nltk,,,64.0,attack,direct,controlled_reorder-ratio=0.5,other,controlled_reorder-ratio=0.5,,,,,,,,,,1024,3,c4-val-def-256|c4-val-def-256b|c4-val-def-512,2.263009527424072,2.840187787218772,4.016632088371218,0.9865193367004396,0.9658203125,0.9453125,0.89453125,0.0546875,5.771045556718763,5.773705993838795,0.0026604371200322,,,,,,,,,,,,,,,,,,,,,,,,,,,,,,,,,,,,7.0535857368230825,0.9003986171211615,0.4608294930875576,1.0,0.0,1.0,0.0007011885213855,0.0004942757425979,0.0,91.39453125,1.902175820548494,99.0,0.4276260102258136,0.0114197383092448,0.46479802143446,0.0003650956021282,0.0002577685291464,0.0,0.0,0.0,0.0,0.0218445119361272,0.000721840923972,0.020242914979757,0.0,0.0,0.0,,,,,,,,,,0.8625000603627839,0.0099453654100815,0.9267241379310344,,,,,,,,,,,,,,,,,,,,,,,,,,,,,,,,,,,,,,,,,,,,,,1.0,0.0,1.0,0.980897906803474,0.00065100380542,0.9819004524886876,0.6924147071274652,0.0045947171928853,0.6916483113069016,5.7597928144068025,0.923306783503114,0.0,,0.0,,,,,0.9703349518421952,,,,,,,
k-SemStamp,kmeans,fixed,best-of-n,sentence-nltk,,,sentence,nltk,,,64.0,attack,direct,controlled_reorder-ratio=0.75,other,controlled_reorder-ratio=0.75,,,,,,,,,,1024,3,c4-val-def-256|c4-val-def-256b|c4-val-def-512,2.263009527424072,2.840187787218772,4.016632088371218,0.9865889549255372,0.966796875,0.9453125,0.8955078125,0.0546875,5.771726094841646,5.773705993838795,0.0019798989971496,,,,,,,,,,,,,,,,,,,,,,,,,,,,,,,,,,,,7.07346072271446,0.9023810922401392,0.4608294930875576,1.0,0.0,1.0,0.0008864438790547,0.0005581392937372,0.0,91.39453125,1.902175820548494,99.0,0.6479552479182303,0.0129849176160524,0.7085015572730419,0.0004617918148599,0.000291232280205,0.0,0.0,0.0,0.0,0.0327288146172636,0.0010017725334322,0.0303030303030303,0.0,0.0,0.0,,,,,,,,,,0.862415572021901,0.0099526493184948,0.9266648212590952,,,,,,,,,,,,,,,,,,,,,,,,,,,,,,,,,,,,,,,,,,,,,,1.0,0.0,1.0,0.9710729437995876,0.0009282899972649,0.9727449593208348,0.5181605492625317,0.0057824120270995,0.5041669560386137,5.759655094054238,0.923313952816424,0.0,,0.0,,,,,0.9539947428077392,,,,,,,
k-SemStamp,kmeans,fixed,best-of-n,sentence-nltk,,,sentence,nltk,,,64.0,attack,direct,controlled_reorder-ratio=1.0,other,controlled_reorder-ratio=1.0,,,,,,,,,,1024,3,c4-val-def-256|c4-val-def-256b|c4-val-def-512,2.263009527424072,2.840187787218772,4.016632088371218,0.9865779876708984,0.966796875,0.9453125,0.89453125,0.0546875,5.769976534465144,5.773705993838795,0.0037294593736516,,,,,,,,,,,,,,,,,,,,,,,,,,,,,,,,,,,,7.261070535699924,0.9276718469139716,0.4608294930875576,1.0,0.0,1.0,0.0012529697997678,0.000676200940028,0.0,91.39453125,1.902175820548494,99.0,1.0,0.0,1.0,0.0006541363348427,0.0003542082166548,0.0,0.0,0.0,0.0,0.0534224719162723,0.0015094188020123,0.048780487804878,0.0,0.0,0.0,,,,,,,,,,0.8616739727685665,0.0100404420246517,0.9265062154970412,,,,,,,,,,,,,,,,,,,,,,,,,,,,,,,,,,,,,,,,,,,,,,1.0,0.0,1.0,0.9540206401664114,0.0012480846197033,0.9570563975321889,0.3163463381549888,0.007122582809633,0.2787494667560485,5.762894345483976,0.9236041505189144,0.0,,0.0,,,,,0.9242867691419224,,,,,,,
k-SemStamp,kmeans,fixed,best-of-n,sentence-nltk,,,sentence,nltk,,,64.0,attack,direct,dipper-lex20-order20,dipper,lex20-order20,,,,,,,,20.0,20.0,1024,3,c4-val-def-256|c4-val-def-256b|c4-val-def-512,2.263009527424072,2.840187787218772,4.016632088371218,0.9742183685302734,0.943359375,0.9072265625,0.76171875,0.0927734375,5.059918591580226,5.773705993838795,0.7137874022585681,,,,,,,,,,0.0927734375,0.0927734375,0.0927734375,0.0888671875,0.0849609375,0.0810546875,0.0751953125,0.06640625,0.0576171875,0.0419921875,0.021484375,0.0751953125,0.23828125,0.23828125,0.2373046875,0.23046875,0.220703125,0.2099609375,0.1826171875,0.1669921875,0.1240234375,0.072265625,0.0302734375,0.1826171875,0.23828125,0.8505859375,5.604819761039746,0.7593307698416506,0.5934770357847281,0.6534445102678536,0.0069854381764044,0.6570028011204482,0.0838123692131171,0.0070095517240353,0.0,59.5146484375,1.3256564002315927,62.0,0.0470031371440843,0.0044980241613201,0.0319003239739718,0.0685930599970268,0.006106820356481,0.0434782608695651,0.1912168598750723,0.0039600535880859,0.1851851851851851,0.343420693813744,0.0063090904532274,0.3409112926663867,0.040149650041245,0.0059165063219008,0.0,0.948573143570684,0.0010204575497588,0.9507961571216584,0.954447822412476,0.0009963836985568,0.9569117724895476,0.9428492119186558,0.0011548671720474,0.945044368505478,0.8701259715011433,0.0085345997820557,0.9172764120650628,0.9680448877043092,0.0015592696583491,0.9749879240989684,7.2794772220662844,0.2458809456928532,7.668895244598389,0.9039876302083334,0.0056869217107556,0.9333333333333332,0.8945963541666668,0.0070417727857576,0.9333333333333332,0.0123046875,0.0036647957315188,0.0,0.8396484375,0.0103006929883967,0.8666666666666667,0.1059895833333333,0.0087361933606217,0.0,,,,,,,,,,,,,,,,0.1608165137275952,0.008601361565998,0.1172717160481343,0.0920677308320153,0.0083618108037479,0.0405954735223028,0.0670614369924309,0.0079074100694228,0.0163599866175978,0.8087831401249277,0.0039600535880859,0.8148148148148149,0.6207916115112293,0.0062158634844485,0.6194278852795223,0.677094817070355,0.0053303643964219,0.6795225952684516,4.250806826504717,0.7987472061389388,0.0,495647.4090042114,249689.0,9.987273328584704,10.970235301383935,2.1262368011490573,0.99511458049332,0.4537169035989069,,,,,,,
k-SemStamp,kmeans,fixed,best-of-n,sentence-nltk,,,sentence,nltk,,,64.0,attack,direct,dipper-lex20-order40,dipper,lex20-order40,,,,,,,,20.0,40.0,1024,3,c4-val-def-256|c4-val-def-256b|c4-val-def-512,2.263009527424072,2.840187787218772,4.016632088371218,0.9764270782470704,0.9453125,0.9072265625,0.775390625,0.0927734375,5.13671949280694,5.773705993838795,0.6369865010318553,,,,,,,,,,0.0927734375,0.091796875,0.0908203125,0.087890625,0.0849609375,0.0830078125,0.076171875,0.0703125,0.060546875,0.044921875,0.013671875,0.076171875,0.224609375,0.2236328125,0.22265625,0.216796875,0.2099609375,0.201171875,0.173828125,0.15625,0.1240234375,0.078125,0.02734375,0.173828125,0.224609375,0.83984375,5.726951490036967,0.7691527283661134,0.8298755186721992,0.6492354028356266,0.0070166220745761,0.6515151515151515,0.0809300612578205,0.0068086807889987,0.05,59.037109375,1.3329410515686342,61.0,0.10754506460545,0.0066704091523223,0.0901683867463335,0.066143576062683,0.0059039004446567,0.0434782608695651,0.1927081078009571,0.0039136940673453,0.1858502600333628,0.3552904610773653,0.0061969753551452,0.3502744430420617,0.0387572054112905,0.0057798796270048,0.0,0.944151563802734,0.0009252508449304,0.9456933438777924,0.9499336064327508,0.0008916575728561,0.9511317908763884,0.9385150433517992,0.0010764920965813,0.9407286643981934,0.8667356110924309,0.0086734690034933,0.9152990763160256,0.9631076315999962,0.0016008627122156,0.969401240348816,7.594879670930313,0.2952315488125931,7.915662527084351,0.898095703125,0.0059009711485894,0.9166666666666666,0.8927083333333334,0.0070376855793387,0.9333333333333332,0.0159505208333333,0.0042398927727649,0.0,0.841796875,0.0101992329359941,0.8666666666666667,0.126171875,0.0089964094968892,0.0666666666666666,,,,,,,,,,,,,,,,0.1647098016435429,0.0087785592045455,0.1187739463601532,0.0952437032086907,0.0085227676410792,0.0433841520798042,0.0694600457849188,0.0080525751817428,0.0180018147644047,0.8072918921990428,0.0039136940673453,0.8141497399666372,0.6113542602154745,0.0062487832074155,0.6160250911894922,0.5905772544349239,0.0052978894668717,0.5859718388056939,4.236160308025012,0.7853453950744406,0.0,509115.01469802856,251108.0,9.98643680018365,10.97226780499195,2.1582440298903003,0.9867705537953894,0.4448111064033583,,,,,,,
k-SemStamp,kmeans,fixed,best-of-n,sentence-nltk,,,sentence,nltk,,,64.0,attack,direct,dipper-lex20-order80,dipper,lex20-order80,,,,,,,,20.0,80.0,1024,3,c4-val-def-256|c4-val-def-256b|c4-val-def-512,2.263009527424072,2.840187787218772,4.016632088371218,0.9726433753967284,0.9404296875,0.9013671875,0.78125,0.0986328125,5.129318196964061,5.773705993838795,0.6443877968747351,,,,,,,,,,0.0986328125,0.0986328125,0.0986328125,0.0986328125,0.095703125,0.0888671875,0.0810546875,0.0693359375,0.05078125,0.0302734375,0.0146484375,0.0810546875,0.21875,0.21875,0.216796875,0.21484375,0.2080078125,0.189453125,0.1630859375,0.1318359375,0.08984375,0.0498046875,0.0234375,0.1630859375,0.21875,0.80078125,5.72556240417548,0.759798194747272,0.8658170914542729,0.6093104179034166,0.0066399606191241,0.6072751322751322,0.0803678188473425,0.0067061331352582,0.0606617647058823,55.13671875,1.2216791331246746,57.0,0.1949184959205038,0.0089511742782414,0.1608495670995671,0.0686743116594153,0.006071795496423,0.0476190476190476,0.2153966989477148,0.0040733266020063,0.2100124360398332,0.4187537121864879,0.0063081925510995,0.4176147382029735,0.0454231275328737,0.0059466689835165,0.0,0.9351648882147856,0.000857673328266,0.935901552438736,0.9406941529596224,0.0008172034172572,0.9417170286178588,0.929773066251073,0.0010201078619949,0.9308830499649048,0.862924945674437,0.008619511087702,0.9087219258381084,0.955180125311017,0.0014807287467864,0.9610519707202912,8.223570180201357,0.3533264696645858,8.676340579986572,0.8807779947916667,0.0060817273358078,0.9,0.8842447916666668,0.0066104271260077,0.8999999999999999,0.0220703125,0.0051615465851847,0.0,0.822265625,0.0104775709056456,0.8666666666666667,0.161328125,0.0094733832330529,0.1333333333333333,,,,,,,,,,,,,,,,0.1691668128739902,0.0087269013614408,0.125,0.0963088629097845,0.0084723362285973,0.043028555152033,0.0695378531956881,0.0079883120763062,0.0175440756426671,0.7846033010522852,0.0040733266020063,0.7899875639601668,0.55773980250799,0.0064401897149972,0.5575489407347815,0.4695460889200745,0.0053969344898879,0.4555404646327456,4.465752535140713,0.8194451933852298,0.0,534715.5876121521,253780.0,9.960809515803753,10.967488117369127,2.096671260022873,0.993032678755723,0.3906097517506602,,,,,,,
k-SemStamp,kmeans,fixed,best-of-n,sentence-nltk,,,sentence,nltk,,,64.0,attack,direct,dipper-lex40-order20,dipper,lex40-order20,,,,,,,,40.0,20.0,1024,3,c4-val-def-256|c4-val-def-256b|c4-val-def-512,2.263009527424072,2.840187787218772,4.016632088371218,0.967684268951416,0.9296875,0.8837890625,0.724609375,0.1162109375,4.904531052152597,5.773705993838795,0.8691749416861982,,,,,,,,,,0.1162109375,0.115234375,0.1142578125,0.1083984375,0.099609375,0.09375,0.078125,0.0712890625,0.0537109375,0.0341796875,0.017578125,0.078125,0.2744140625,0.2724609375,0.271484375,0.263671875,0.2421875,0.224609375,0.1904296875,0.1650390625,0.1220703125,0.0615234375,0.025390625,0.1904296875,0.275390625,0.75390625,5.45510260685692,0.7638469602764089,0.710112812248187,0.5395159577164121,0.00690827797296,0.5391390931372548,0.108547408090958,0.0079193751478535,0.0833333333333333,48.7119140625,1.1179314427739084,50.0,0.0524457849170237,0.0038954399132837,0.040765391014975,0.0857820531217699,0.0067099139569833,0.0588235294117647,0.2609637501220015,0.0043459475794003,0.2544866518751789,0.4856454982018308,0.0064612605631672,0.4870298095686697,0.0473565602193267,0.0062094722280723,0.0,0.9345956971519628,0.0011288130603188,0.936295211315155,0.940272151492536,0.0012080128978481,0.9420952498912812,0.9291039620293304,0.0011931693884195,0.9313949048519136,0.8668159938218446,0.0084866613925118,0.9145531787711882,0.956350865366403,0.0016050631216583,0.9622430205345154,7.849762309402615,0.4851275587088404,8.181632995605469,0.8720377604166667,0.0064028729859456,0.8999999999999999,0.8825520833333336,0.0069795391242371,0.9333333333333332,0.0227864583333333,0.0049343548284287,0.0,0.7961588541666667,0.0112242008829865,0.8000000000000002,0.1677734375,0.0097002687938033,0.1333333333333333,,,,,,,,,,,,,,,,0.1648450190106005,0.008548168403686,0.1230696127346163,0.0921948280106813,0.0083840064921505,0.0404040404040404,0.0663482862226835,0.0079633406569711,0.0157482755948229,0.7390362498779985,0.0043459475794003,0.7455133481248211,0.4889307462220731,0.0065630484708983,0.4851258581235698,0.5943464182534173,0.0055844887158387,0.5954766730437747,3.976819768556907,0.7933400868852275,0.0,512883.12825775146,248914.0,9.92740927032437,10.942810209503907,2.1279193023904464,0.9964357272750032,0.3234498443640989,,,,,,,
k-SemStamp,kmeans,fixed,best-of-n,sentence-nltk,,,sentence,nltk,,,64.0,attack,direct,dipper-lex80-order20,dipper,lex80-order20,,,,,,,,80.0,20.0,1024,3,c4-val-def-256|c4-val-def-256b|c4-val-def-512,2.263009527424072,2.840187787218772,4.016632088371218,0.9314908981323242,0.830078125,0.7470703125,0.5244140625,0.2529296875,4.027523675744581,5.773705993838795,1.7461823180942142,,,,,,,,,,0.2080078125,0.1904296875,0.171875,0.1416015625,0.09765625,0.068359375,0.03515625,0.0224609375,0.0107421875,0.0029296875,0.0,0.03515625,0.4150390625,0.3837890625,0.3505859375,0.29296875,0.2119140625,0.1396484375,0.0703125,0.041015625,0.01953125,0.00390625,0.0,0.0703125,0.4755859375,0.2392578125,4.210224871449568,0.6601446551820446,0.5115122972265829,0.2891880547637513,0.0064387285291474,0.29102416570771,0.1574997102570632,0.0103787022502109,0.125,26.2421875,0.7522436708139968,26.0,0.1363801061296963,0.0074140147425901,0.1111111111111111,0.1413778585501743,0.0092736607567623,0.111111111111111,0.4470994897801262,0.006219589632918,0.4309283260196619,0.7465771427382899,0.0062392127808713,0.75,0.0930147030485826,0.0088503242611533,0.0,0.8886826244415715,0.00166579137443,0.8922842741012573,0.8935897517949343,0.001736967630873,0.8986712396144867,0.8840072851162404,0.0017453436876124,0.8881029486656189,0.8741707779333856,0.0074723955933455,0.909296585767174,0.8694332435261458,0.005473995602294,0.89362433552742,10.842295010721726,0.4733119054205851,11.248482704162598,0.7003255208333333,0.0089166474652602,0.7166666666666667,0.7200520833333334,0.0113930483303356,0.7333333333333334,0.0684895833333333,0.0089500300502672,0.0,0.5599609375,0.0128818894513821,0.5333333333333333,0.4102213541666667,0.0115578824379514,0.4000000000000001,,,,,,,,,,,,,,,,0.157302706019619,0.0076857790471653,0.1251780626780627,0.077763316534492,0.0074444719260372,0.0366471931238248,0.0527986149355752,0.0069970777678948,0.0129032854817227,0.5529005102198739,0.006219589632918,0.5690716739803381,0.2415372238311788,0.0059843697285985,0.2350379972331192,0.3776843658926679,0.0063091406824908,0.3725788411887066,3.5413366102191484,0.7238271961081644,0.0,574467.3998584747,241023.0,9.781452355781784,10.905719973172712,1.953369210038056,0.8423980820818855,0.1282789663026354,,,,,,,
k-SemStamp,kmeans,fixed,best-of-n,sentence-nltk,,,sentence,nltk,,,64.0,attack,direct,merge_adjacent-ratio=0.2,other,merge_adjacent-ratio=0.2,,,,,,,,,,1024,3,c4-val-def-256|c4-val-def-256b|c4-val-def-512,2.263009527424072,2.840187787218772,4.016632088371218,0.9824976921081544,0.9609375,0.9306640625,0.845703125,0.0693359375,5.281436439312563,5.773705993838795,0.4922695545262329,,,,,,,,,,,,,,,,,,,,,,,,,,,,,,,,,,,,6.953721178789255,0.8887094255813335,0.4608294930875576,1.0,0.0,1.0,0.1539884470230643,0.0062498365596068,0.1538461538461538,91.39453125,1.902175820548494,99.0,0.0,0.0,0.0,0.0861980582217216,0.0038003280223073,0.0833333333333333,0.0,0.0,0.0,0.0,0.0,0.0,0.0,0.0,0.0,,,,,,,,,,0.8637643137580406,0.0098117110987334,0.9269339474510624,,,,,,,,,,,,,,,,,,,,,,,,,,,,,,,,,,,,,,,,,,,,,,1.0,0.0,1.0,1.0,0.0,1.0,1.0,0.0,1.0,4.232194190646778,0.78424327037044,0.0,,0.0,,,,,0.965879257021085,,,,,,,
k-SemStamp,kmeans,fixed,best-of-n,sentence-nltk,,,sentence,nltk,,,64.0,attack,direct,merge_adjacent-ratio=0.5,other,merge_adjacent-ratio=0.5,,,,,,,,,,1024,3,c4-val-def-256|c4-val-def-256b|c4-val-def-512,2.263009527424072,2.840187787218772,4.016632088371218,0.9792418479919434,0.95703125,0.91015625,0.7734375,0.08984375,4.787368310361863,5.773705993838795,0.986337683476932,,,,,,,,,,,,,,,,,,,,,,,,,,,,,,,,,,,,6.817714045809645,0.8762479576414726,0.4608294930875576,1.0,0.0,1.0,0.3149766974447337,0.0068553885949418,0.3333333333333333,91.39453125,1.902175820548494,99.0,0.0,0.0,0.0,0.1908447019731851,0.0050120060595876,0.1999999999999999,0.0,0.0,0.0,0.0,0.0,0.0,0.0,0.0,0.0,,,,,,,,,,0.8646614948375853,0.0097448191358145,0.9270820663411584,,,,,,,,,,,,,,,,,,,,,,,,,,,,,,,,,,,,,,,,,,,,,,1.0,0.0,1.0,1.0,0.0,1.0,1.0,0.0,1.0,3.0590765665662483,0.6562097894985321,0.0,,0.0,,,,,0.9304146915092626,,,,,,,
k-SemStamp,kmeans,fixed,best-of-n,sentence-nltk,,,sentence,nltk,,,64.0,attack,direct,merge_adjacent-ratio=1.0,other,merge_adjacent-ratio=1.0,,,,,,,,,,1024,3,c4-val-def-256|c4-val-def-256b|c4-val-def-512,2.263009527424072,2.840187787218772,4.016632088371218,0.9722070693969728,0.951171875,0.8828125,0.61328125,0.1171875,4.254355633147469,5.773705993838795,1.5193503606913268,,,,,,,,,,,,,,,,,,,,,,,,,,,,,,,,,,,,6.844789643134398,0.8840922648740704,0.4608294930875576,1.0,0.0,1.0,0.4863065141558938,0.0053552202761732,0.5,91.39453125,1.902175820548494,99.0,0.0,0.0,0.0,0.3230718493654702,0.0046554032774756,0.3333333333333333,0.0,0.0,0.0,0.0,0.0,0.0,0.0,0.0,0.0,,,,,,,,,,0.8647007468046084,0.0097566779325774,0.9270820663411584,,,,,,,,,,,,,,,,,,,,,,,,,,,,,,,,,,,,,,,,,,,,,,1.0,0.0,1.0,1.0,0.0,1.0,1.0,0.0,1.0,2.762236284218687,0.6530884474254169,0.0,,0.0,,,,,0.8931739059879114,,,,,,,
k-SemStamp,kmeans,fixed,best-of-n,sentence-nltk,,,sentence,nltk,,,64.0,attack,direct,parrot,parrot,default,,,,,,,,,,1024,3,c4-val-def-256|c4-val-def-256b|c4-val-def-512,2.263009527424072,2.840187787218772,4.016632088371218,0.9810004234313964,0.9599609375,0.9345703125,0.857421875,0.0654296875,5.551051898625211,5.773705993838795,0.2226540952135846,,,,,,,,,,0.064453125,0.064453125,0.0634765625,0.0634765625,0.0634765625,0.0615234375,0.0556640625,0.052734375,0.0380859375,0.021484375,0.0087890625,0.0556640625,0.1416015625,0.1416015625,0.140625,0.1396484375,0.1376953125,0.1337890625,0.1201171875,0.0986328125,0.0732421875,0.0361328125,0.0126953125,0.1201171875,0.142578125,0.845703125,6.439443155910288,0.883471860956045,0.4545454545454545,0.721648398769896,0.0062337088519675,0.7328176665092112,0.0080082263240993,0.0021751131173585,0.0,67.0146484375,1.5917252290056332,71.0,0.0107002983751993,0.0011593196902822,0.0019831432821021,0.0096263519441173,0.001990195258368,0.0,0.1643537054313433,0.0043855949394582,0.1512694687433327,0.3362404716513861,0.0065518068589071,0.3192383336313248,0.010089345271969,0.0025162150737975,0.0,0.9266022203373724,0.0011786124352219,0.9285975098609924,0.93013592826901,0.0011823263996641,0.9322525560855864,0.9231642993399872,0.0012679064262625,0.925492525100708,0.8689133139580489,0.0094918759360294,0.9284207353827608,0.968510094215162,0.001196319050515,0.9731478691101074,10.621386149709933,0.4888648420636928,11.680894374847412,0.8847493489583333,0.0053380727193021,0.9,0.8833333333333335,0.0060870194865123,0.8666666666666667,0.0167317708333333,0.0050781476693693,0.0,0.7718750000000001,0.0103267799690579,0.7999999999999999,0.0994791666666666,0.0083324830448779,0.0666666666666666,,,,,,,,,,,,,,,,0.1559834346931959,0.0096561876998346,0.0981132075471697,0.0942868240568916,0.0094695985684509,0.0313044425087107,0.0729359489995837,0.0091200631383278,0.0104712360809922,0.8356462945686567,0.0043855949394582,0.8487305312566673,0.6438870546475981,0.0062750068792481,0.6576878892315132,0.7320780375461096,0.0046494813152669,0.7399551569506726,5.945033216009646,0.935005928949283,0.0,602926.3293278329,255167.0,9.986698062640146,10.933903069653615,1.7942731383745334,0.2404621744069006,0.3597326845977637,,,,,,,
k-SemStamp,kmeans,fixed,best-of-n,sentence-nltk,,,sentence,nltk,,,64.0,attack,direct,parrot-bigram-threshold=0.03,parrot,bigram-0.03,,,,,,,,,,1024,3,c4-val-def-256|c4-val-def-256b|c4-val-def-512,2.263009527424072,2.840187787218772,4.016632088371218,0.9836549758911132,0.962890625,0.9404296875,0.8642578125,0.0595703125,5.615160336556505,5.773705993838795,0.1585456572822906,,,,,,,,,,0.05859375,0.05859375,0.05859375,0.05859375,0.05859375,0.05859375,0.0546875,0.048828125,0.0419921875,0.0263671875,0.013671875,0.0546875,0.134765625,0.134765625,0.1337890625,0.1337890625,0.1337890625,0.1328125,0.123046875,0.1103515625,0.091796875,0.052734375,0.01953125,0.123046875,0.1357421875,0.91015625,6.505300775474142,0.8875169209147465,0.4444444444444444,0.764064445640043,0.0053428816052899,0.7748873873873874,0.005864160770557,0.0019161635295914,0.0,70.513671875,1.6011367101833975,75.0,0.0066933928251268,0.0008134980747486,0.0,0.0064377212106237,0.0015967638820721,0.0,0.1338144329767259,0.002965238525717,0.1262126431430965,0.2881310794942771,0.0048460745119746,0.2804474955504704,0.0063860756102135,0.0018676022474563,0.0,0.9351354236714542,0.0011897225255378,0.9383521378040314,0.9386024712584912,0.0011923348255305,0.9418433606624604,0.931755173834972,0.0012696165038709,0.9351787865161896,0.8678613992575387,0.0096386511613511,0.9266648212590952,0.97465055732755,0.0010210228430699,0.978816419839859,9.969178774359898,0.6231313688064937,10.82268476486206,0.91513671875,0.0047765789605625,0.9333333333333332,0.91171875,0.0058493656380142,0.9333333333333332,0.0127604166666666,0.0045594178600225,0.0,0.8114583333333334,0.009920113397121,0.8666666666666667,0.0498697916666666,0.0060263245455379,0.0,,,,,,,,,,,,,,,,0.1576254460877533,0.0097555113099405,0.1005638809720817,0.0962340079739197,0.0095506909824747,0.0328408110440034,0.0742744887397153,0.0091707194932217,0.0113207547169811,0.8661855670232741,0.002965238525717,0.8737873568569035,0.6961071006512245,0.004773513686127,0.7045951859956237,0.7945396966039804,0.0035265973908787,0.7987580188973848,5.916694924992735,0.934740908067726,0.0,588719.8314549155,256021.0,10.033978520915484,10.963367043408333,1.8422567430268448,0.2744837697757027,0.3905148924124253,,,,,,,
k-SemStamp,kmeans,fixed,best-of-n,sentence-nltk,,,sentence,nltk,,,64.0,attack,direct,pegasus,pegasus,default,,,,,,,,,,1024,3,c4-val-def-256|c4-val-def-256b|c4-val-def-512,2.263009527424072,2.840187787218772,4.016632088371218,0.9815797805786132,0.958984375,0.9306640625,0.8525390625,0.0693359375,5.580712418212105,5.773705993838795,0.1929935756266897,,,,,,,,,,0.0673828125,0.0654296875,0.0654296875,0.0634765625,0.0625,0.0556640625,0.0439453125,0.03515625,0.0263671875,0.01171875,0.0048828125,0.0439453125,0.1455078125,0.142578125,0.1416015625,0.1376953125,0.1279296875,0.1142578125,0.0947265625,0.0703125,0.0419921875,0.0166015625,0.0068359375,0.0947265625,0.1474609375,0.7216796875,9.965226537040529,1.0298817878038389,1.0554163185742134,0.6125695703388159,0.0060352793809741,0.616220342964529,0.0074555160680291,0.0019726701696677,0.0,56.15625,1.301746149754204,59.0,0.008848670052787,0.0008867523149192,0.0,0.0078398223376435,0.0016378675135477,0.0,0.2266692224479213,0.0059143691340021,0.2038369304556355,0.3043225327136362,0.0053639883580862,0.3006134969325153,0.0073002111333124,0.0020177191948714,0.0,0.9214742495096288,0.0023228515769181,0.9319400489330292,0.9288012118195184,0.0035308601995173,0.9471112489700316,0.91563148383284,0.0014417521773076,0.9185402989387512,0.8295208745425648,0.0107396337781721,0.9052679639775804,0.945428077946417,0.0022535378675899,0.9552240669727324,5.964074550613292,0.5904794026281508,8.286995887756348,0.8423990885416666,0.0065880763910902,0.8666666666666666,0.7978515625000001,0.0073977807502861,0.8000000000000002,0.0244791666666666,0.0061933615427645,0.0,0.7136067708333333,0.0110775050706423,0.7333333333333334,0.1173828125,0.0109656237253134,0.0,,,,,,,,,,,,,,,,0.2303434879553269,0.0135026595400449,0.1309472095841239,0.1679545163072811,0.0140327637059132,0.0489804078368653,0.1457927018603835,0.01401267452635,0.0210084033613445,0.7733307775520787,0.0059143691340021,0.7961630695443644,0.6011723692877112,0.006501540112529,0.6117216865500898,0.6606147800357256,0.006179170259272,0.6699633251833741,6.81123261475463,1.008363511979416,0.0,458354.8099859949,256673.0,9.14586848520502,10.017682444506807,1.947707159082396,0.8484454834436705,0.4020226966944991,,,,,,,
k-SemStamp,kmeans,fixed,best-of-n,sentence-nltk,,,sentence,nltk,,,64.0,attack,direct,pegasus-bigram-threshold=0.03,pegasus,bigram-0.03,,,,,,,,,,1024,3,c4-val-def-256|c4-val-def-256b|c4-val-def-512,2.263009527424072,2.840187787218772,4.016632088371218,0.9812641143798828,0.9580078125,0.92578125,0.8564453125,0.07421875,5.550323803063404,5.773705993838795,0.2233821907753915,,,,,,,,,,0.072265625,0.0712890625,0.0703125,0.0703125,0.0693359375,0.064453125,0.052734375,0.041015625,0.0283203125,0.009765625,0.0048828125,0.052734375,0.140625,0.13671875,0.1357421875,0.1337890625,0.1318359375,0.1201171875,0.09375,0.0732421875,0.044921875,0.013671875,0.0078125,0.09375,0.1435546875,0.7353515625,7.520146711140975,0.9280970567434372,0.5347593582887701,0.5652948481987108,0.0053052453082681,0.5663522012578617,0.0120951665466614,0.0029688836660353,0.0,51.646484375,1.1661146786516965,53.0,0.0168076852638769,0.0014280519455098,0.0089495880955749,0.0124830852079194,0.0022672622404822,0.0,0.2402991979994452,0.0043150419071327,0.2276500274022652,0.4302662061654359,0.0055003699817451,0.4296757164404223,0.0109917418827965,0.0024602677902234,0.0,0.9260212517110632,0.0014375452823108,0.9303783476352692,0.9369051129324362,0.0020895356388929,0.9439795017242432,0.9159365090308712,0.0011764240649428,0.9182622134685516,0.8560170915306184,0.009903129655576,0.9203867568104992,0.9513974963338114,0.0016688281410157,0.9577659368515016,7.945066644043337,0.5053517527862251,9.455039024353027,0.85439453125,0.00638076105114,0.8666666666666667,0.8173177083333334,0.0074691694339864,0.8000000000000002,0.0274739583333333,0.0064746917305661,0.0,0.7230468750000001,0.0106797553610947,0.7333333333333334,0.0953125,0.0095622126065292,0.0,,,,,,,,,,,,,,,,0.184116599624719,0.0113003499636756,0.1123518226321964,0.1202649179346193,0.0114445767068237,0.0358751608751608,0.0984830131774285,0.0112391732332645,0.0125133745661421,0.7597008020005548,0.0043150419071327,0.7723499725977347,0.5102241621707353,0.0053284426870792,0.5115255678250201,0.6125558429294136,0.0048560805579795,0.6138873132917376,6.066708578253151,0.9471651070560628,0.0,477499.21333509695,230392.0,9.571258948250776,10.514359579336988,1.993379063512576,0.923278193491034,0.2837957482847443,,,,,,,
k-SemStamp,kmeans,fixed,best-of-n,sentence-nltk,,,sentence,nltk,,,64.0,attack,direct,split_midpoint-ratio=0.2,other,split_midpoint-ratio=0.2,,,,,,,,,,1024,3,c4-val-def-256|c4-val-def-256b|c4-val-def-512,2.263009527424072,2.840187787218772,4.016632088371218,0.9840130805969238,0.9609375,0.9375,0.861328125,0.0625,5.779806329567418,5.773705993838795,-0.0061003357286218,,,,,,,,,,,,,,,,,,,,,,,,,,,,,,,,,,,,6.996949120404642,0.9056262730420208,0.4494404718619965,1.0,0.0,1.0,0.0,0.0,0.0,91.39453125,1.902175820548494,99.0,0.0,0.0,0.0,0.0707433738813751,0.0037056403559287,0.0666666666666666,0.0,0.0,0.0,0.0,0.0,0.0,0.1276748647387516,0.0058228425323353,0.125,,,,,,,,,,0.8647258915718572,0.0099117792115609,0.9280151515151516,,,,,,,,,,,,,,,,,,,,,,,,,,,,,,,,,,,,,,,,,,,,,,1.0,0.0,1.0,1.0,0.0,1.0,1.0,0.0,1.0,4.952057927103757,0.8424029868695923,0.0,,0.0,,,,,0.9705560124091162,,,,,,,
k-SemStamp,kmeans,fixed,best-of-n,sentence-nltk,,,sentence,nltk,,,64.0,attack,direct,split_midpoint-ratio=0.5,other,split_midpoint-ratio=0.5,,,,,,,,,,1024,3,c4-val-def-256|c4-val-def-256b|c4-val-def-512,2.263009527424072,2.840187787218772,4.016632088371218,0.9803905487060548,0.9482421875,0.9228515625,0.8349609375,0.0771484375,5.821672557049986,5.773705993838795,-0.0479665632111912,,,,,,,,,,,,,,,,,,,,,,,,,,,,,,,,,,,,6.762660054777551,0.8946066852238749,0.4338415207980425,1.0,0.0,1.0,0.0,0.0,0.0,91.39453125,1.902175820548494,99.0,0.0,0.0,0.0,0.1634868505279111,0.0054263096526604,0.1666666666666667,0.0,0.0,0.0,0.0,0.0,0.0,0.2732043611630512,0.007158330667974,0.2857142857142857,,,,,,,,,,0.8683779986464921,0.0098471969390828,0.9310344827586208,,,,,,,,,,,,,,,,,,,,,,,,,,,,,,,,,,,,,,,,,,,,,,1.0,0.0,1.0,1.0,0.0,1.0,1.0,0.0,1.0,4.916874834497337,0.8349504796263936,0.0,,0.0,,,,,0.9261579143628716,,,,,,,
k-SemStamp,kmeans,fixed,best-of-n,sentence-nltk,,,sentence,nltk,,,64.0,attack,direct,split_midpoint-ratio=1.0,other,split_midpoint-ratio=1.0,,,,,,,,,,1024,3,c4-val-def-256|c4-val-def-256b|c4-val-def-512,2.263009527424072,2.840187787218772,4.016632088371218,0.9736108779907228,0.9228515625,0.890625,0.8193359375,0.109375,5.947033536847512,5.773705993838795,-0.1733275430087166,,,,,,,,,,,,,,,,,,,,,,,,,,,,,,,,,,,,6.766469313385083,0.9065332933687588,0.4123728871203619,1.0,0.0,1.0,0.0,0.0,0.0,91.39453125,1.902175820548494,99.0,0.0,0.0,0.0,0.2859319428027459,0.0055960013555748,0.2999999999999999,0.0,0.0,0.0,0.0,0.0,0.0,0.438102941528136,0.0065340331780365,0.4615384615384615,,,,,,,,,,0.8721291206302633,0.0098784751697272,0.9360338243316968,,,,,,,,,,,,,,,,,,,,,,,,,,,,,,,,,,,,,,,,,,,,,,1.0,0.0,1.0,1.0,0.0,1.0,1.0,0.0,1.0,5.89713195384158,0.9135593418858008,0.0,,0.0,,,,,0.8496152117765605,,,,,,,
k-SemStamp,kmeans,fixed,best-of-n,sentence-nltk,,,sentence,nltk,,,64.0,attack,direct,synonym_substitution-ratio=0.1,other,synonym_substitution-ratio=0.1,,,,,,,,,,1024,3,c4-val-def-256|c4-val-def-256b|c4-val-def-512,2.263009527424072,2.840187787218772,4.016632088371218,0.9851784706115724,0.9619140625,0.9404296875,0.87890625,0.0595703125,5.673402942021303,5.773705993838795,0.1003030518174926,,,,,,,,,,,,,,,,,,,,,,,,,,,,,,,,,,,,5.8792055323163535,0.7903602390038577,0.4184100418410041,0.9292615342624152,0.0019878094639947,0.9301512441047324,0.0023793205892597,0.0020849934465188,0.0,84.7958984375,1.762641621404491,91.0,0.0003663041906774,0.0001286531274141,0.0,0.0039239949396035,0.0022124451456081,0.0,0.0405056022657975,0.0009652242823955,0.0395581839613055,0.1151821563531683,0.0027316913284353,0.1111111111111111,0.0040331329581746,0.001705758854915,0.0,,,,,,,,,,0.8742092436643574,0.0092757600274501,0.9338682187992412,,,,,,,,,,,,,,,,,,,,,,,,,,,,,,,,,,,,,,,,,,,,,,0.9594943977342024,0.0009652242823955,0.9604418160386944,0.920691796217502,0.0018300059766159,0.921672624490814,0.9590213508470508,0.0009781239148428,0.9600759013282733,3.537942660085122,0.6831887451581906,0.0,,0.0,,,,,0.8732921106188447,,,,,,,
k-SemStamp,kmeans,fixed,best-of-n,sentence-nltk,,,sentence,nltk,,,64.0,attack,direct,synonym_substitution-ratio=0.25,other,synonym_substitution-ratio=0.25,,,,,,,,,,1024,3,c4-val-def-256|c4-val-def-256b|c4-val-def-512,2.263009527424072,2.840187787218772,4.016632088371218,0.9825825691223145,0.958984375,0.927734375,0.8369140625,0.072265625,5.464778873111733,5.773705993838795,0.3089271207270623,,,,,,,,,,,,,,,,,,,,,,,,,,,,,,,,,,,,4.846721084333575,0.6971757532838584,0.3831417624521073,0.8286350920615353,0.0030174123529247,0.8300943396226415,0.0044184391062107,0.0013721748989102,0.0,75.4541015625,1.5687563753560585,80.5,0.0018773496615234,0.0003128525711589,0.0,0.0075517858521194,0.0024333579938603,0.0,0.0992582697709117,0.0014909578350715,0.0988142292490118,0.258525640501528,0.0034395608109348,0.2568187453508554,0.0089117440028693,0.0029283322548116,0.0,,,,,,,,,,0.8839352614726346,0.0087869536484074,0.9385290148448044,,,,,,,,,,,,,,,,,,,,,,,,,,,,,,,,,,,,,,,,,,,,,,0.9007417302290884,0.0014909578350715,0.9011857707509882,0.8088517209107726,0.0027182498616418,0.8099467351500452,0.8988666286107208,0.0015261232314279,0.8991536875044449,2.480300768286661,0.5973638061352271,0.0,,0.0,,,,,0.7038213374684874,,,,,,,
k-SemStamp,kmeans,fixed,best-of-n,sentence-nltk,,,sentence,nltk,,,64.0,attack,direct,synonym_substitution-ratio=0.5,other,synonym_substitution-ratio=0.5,,,,,,,,,,1024,3,c4-val-def-256|c4-val-def-256b|c4-val-def-512,2.263009527424072,2.840187787218772,4.016632088371218,0.9709210395812988,0.9267578125,0.8916015625,0.7177734375,0.1083984375,4.979088284312836,5.773705993838795,0.7946177095259589,,,,,,,,,,,,,,,,,,,,,,,,,,,,,,,,,,,,4.6071485527813785,0.6671883733431984,0.4048582995951417,0.6687663636530045,0.0038288219337885,0.6666666666666666,0.0091988191254994,0.0027211700581857,0.0,60.65234375,1.2565839734494384,65.0,0.0070116961501209,0.0007172867395628,0.0,0.0139599137289177,0.0029354823523075,0.0,0.1929954803336454,0.0021004731313395,0.1916657623440044,0.4557618391226612,0.0036148120246004,0.4572649572649572,0.0160617442335159,0.0032633208098709,0.0,,,,,,,,,,0.8831254508720079,0.008584207514573,0.9349126249883188,,,,,,,,,,,,,,,,,,,,,,,,,,,,,,,,,,,,,,,,,,,,,,0.8070045196663546,0.0021004731313395,0.8083342376559957,0.6404172142505626,0.0034743126152508,0.6420744250826457,0.8014395144710151,0.0021736349202937,0.8024565638279149,2.1572428410677533,0.5629665411571353,0.0,,0.0,,,,,0.4667092541427019,,,,,,,
k-SemStamp,kmeans,fixed,best-of-n,sentence-nltk,,,sentence,nltk,,,64.0,attack,direct,synonym_substitution-ratio=0.75,other,synonym_substitution-ratio=0.75,,,,,,,,,,1024,3,c4-val-def-256|c4-val-def-256b|c4-val-def-512,2.263009527424072,2.840187787218772,4.016632088371218,0.9523520469665528,0.8681640625,0.806640625,0.572265625,0.193359375,4.420201446110367,5.773705993838795,1.3535045477284289,,,,,,,,,,,,,,,,,,,,,,,,,,,,,,,,,,,,5.517457609283773,0.7232429326727204,0.782781862745098,0.5158462690274961,0.004517238734947,0.5080666146239916,0.0149675345370719,0.0032728633075647,0.0,46.4609375,0.9737050157952076,48.0,0.0171941366103316,0.0013085441364934,0.0093617021276595,0.021066036582012,0.0033706038041803,0.0,0.2825037422403714,0.0025950313116187,0.2823179919183617,0.6194344479737525,0.0036987171228158,0.6232267732267732,0.0235308338771617,0.0038568318825766,0.0,,,,,,,,,,0.8686259522480102,0.0088183807984239,0.920754716981132,,,,,,,,,,,,,,,,,,,,,,,,,,,,,,,,,,,,,,,,,,,,,,0.7174962577596286,0.0025950313116187,0.7176820080816382,0.4918518012850904,0.0039067785445383,0.489669245086488,0.7072400295407495,0.0026780662468506,0.7066545149161148,2.469810949169044,0.5919191759248259,0.0,,0.0,,,,,0.2824305061754951,,,,,,,
k-SemStamp,kmeans,fixed,best-of-n,sentence-nltk,,,sentence,nltk,,,64.0,attack,direct,synonym_substitution-ratio=1.0,other,synonym_substitution-ratio=1.0,,,,,,,,,,1024,3,c4-val-def-256|c4-val-def-256b|c4-val-def-512,2.263009527424072,2.840187787218772,4.016632088371218,0.9132390022277832,0.7392578125,0.634765625,0.4033203125,0.365234375,3.710017380894837,5.773705993838795,2.063688612943958,,,,,,,,,,,,,,,,,,,,,,,,,,,,,,,,,,,,8.217774844423852,0.937007220297422,1.706484641638225,0.3692714682841665,0.0048277123673649,0.3611111111111111,0.0242116164906653,0.0034557933427439,0.0,32.9580078125,0.7210093371745192,33.0,0.03695639162408,0.0024100624744612,0.0280673616680032,0.0336616489181817,0.0046934240349287,0.0,0.3682878277808654,0.0030463812995248,0.3656641037238052,0.7622871714105022,0.0034618400613653,0.7667919799498747,0.036151772404812,0.0056294976447515,0.0,,,,,,,,,,0.8379480855293107,0.0098393800027594,0.8982434514637905,,,,,,,,,,,,,,,,,,,,,,,,,,,,,,,,,,,,,,,,,,,,,,0.6317121722191346,0.0030463812995248,0.6343358962761947,0.3626951761170375,0.0040529446809152,0.3599562661053243,0.6160758083253242,0.0031313102730244,0.6162366525315486,5.799645350839068,0.9222160418835066,0.0,,0.0,,,,,0.1426130940595988,,,,,,,
k-SemStamp,kmeans,fixed,best-of-n,sentence-nltk,,,sentence,nltk,,,64.0,watermark,direct,none,none,none,,,,,,,,,,1024,3,c4-val-def-256|c4-val-def-256b|c4-val-def-512,2.263009527424072,2.840187787218772,4.016632088371218,0.9865942001342772,0.966796875,0.9453125,0.8955078125,0.0546875,5.773705993838795,5.773705993838795,0.0,64.0,64.0,64.0,13856.0,13816.0,1.0,64.0,64.0,64.0,,,,,,,,,,,,,,,,,,,,,,,,,,,7.284570251543935,0.9304163080653236,0.4608294930875576,,,,,,,,,,,,,,,,,,,,,,,,,,,,,,,,,,0.8616579895413508,0.0100364259555539,0.9267241379310344,,,,5.613272482507616,0.1950669075019052,5.907260417938232,,,,,,,,,,,,,,,,0.7601399739583334,0.015345633118017,0.85,0.7551432291666668,0.0170418741394211,0.8666666666666667,0.8809244791666668,0.01131015536477,1.0,0.6581380208333334,0.0195479183883178,0.7333333333333334,0.7463541666666667,0.0201003424659109,0.9333333333333332,0.1667101730660476,0.0099244426096641,0.1088414104568351,0.1049062001573604,0.0098378599129681,0.0361643944197844,0.0825516147542868,0.0094725878614233,0.0137931034482758,,,,,,,,,,5.759166812804238,0.9233010329920858,0.0,493714.3398914337,286189.0,10.146157441069033,11.078201155170788,2.271225251895026,0.087704325584661,,,,,,,,
k-SemStamp,kmeans,fixed,best-of-n,sentence-nltk,,,sentence,nltk,,,,human,direct,none,none,none,,,,,,,,,,1024,1,c4-human-def,2.263009527424072,2.840187787218772,4.016632088371218,,,,,,0.1062757902963568,,,,,,,,,,,,,,,,,,,,,,,,,,,,,,,,,,,,,,,,,,,,,,,,,,,,,,,,,,,,,,,,,,,,,,,,,,,,,,,,,,,,,,,,,,,,,,,,,,,,,,,,,,,,,,,,,,,,,,,,,,,,,,,,,,,,,,,,,,,,,0.09375,0.048828125,0.009765625,1.4626516097874351,2.263009527424072,2.840187787218772,4.016632088371218
k-SemStamp,kmeans,fixed_diverse,best-of-n,semspan-spacy-max15-win5,,,semspan,spacy,15.0,5.0,64.0,attack,direct,adaptive-Qwen2.5-3B-Instruct-standard-K1-min-bag=min-surr=bge-aseg=semspan-nltk-max15-win5,adaptive,K1-min-bag=min-bge,1.0,bge,bag,Qwen2.5-3B-Instruct,semspan-nltk-max15-win5,min,min,,,1024,3,c4-val-def-256|c4-val-def-256b|c4-val-def-512,1.585187847802434,2.401922307076307,3.57957166897568,0.9806485176086426,0.9580078125,0.921875,0.7841796875,0.078125,4.977185638377424,6.431258965875568,1.4540733274981443,,,,,,,,,,0.078125,0.078125,0.078125,0.078125,0.078125,0.0771484375,0.072265625,0.0693359375,0.0625,0.05078125,0.041015625,0.072265625,0.21484375,0.21484375,0.21484375,0.21484375,0.21484375,0.2119140625,0.2001953125,0.189453125,0.166015625,0.1259765625,0.0859375,0.2001953125,0.2158203125,0.9296875,2.771220444305676,0.6720938521970389,0.0,0.5515200157225636,0.008609459085685,0.5403225806451613,0.1076685334902924,0.0073221870594192,0.0909090909090909,51.8544921875,1.180172547131268,51.0,0.0457497707344458,0.0031997677878544,0.0317750161543432,0.0976102998405505,0.0058155608012211,0.0833333333333333,0.2920386903783447,0.005565314761156,0.2883410449199923,0.5415826949023443,0.0079179620143937,0.5487775790101372,0.0737141220835929,0.0064658550955646,0.0,0.933922073454596,0.0013678731994979,0.9349718689918518,0.938443768885918,0.0013027594064254,0.939601480960846,0.9295413975487464,0.0015350763856956,0.9313371777534484,0.933436345795328,0.0073514994609659,0.9659365380061568,0.9698692504898644,0.001044671409224,0.9736552238464355,9.175822564622155,0.2653155484899081,10.12209701538086,0.93310546875,0.0048915287989597,0.9666666666666668,0.9540364583333334,0.0045464316830274,1.0,0.0146484375,0.0046182967814634,0.0,0.9283203125,0.0069951463107251,1.0,0.1352864583333333,0.0099524794157548,0.0666666666666666,,,,,,,,,,,,,,,,0.1027955748784506,0.0078848225693624,0.0671186749180924,0.0543438648767603,0.0075856615654925,0.0183501683501683,0.0389465738619435,0.0072652361180852,0.004454365079365,0.7079613096216553,0.005565314761156,0.7116589550800076,0.4489787294145529,0.0081892770003812,0.4362042226049229,0.5896339438882618,0.0076346269079178,0.5893096462521428,3.2887387481778143,0.8511794373458154,0.0,562056.1728780671,253570.0,10.277200522555788,11.057967177067058,2.3558517205966054,0.4409181656554147,0.2962383002240958,,,,,,,
k-SemStamp,kmeans,fixed_diverse,best-of-n,semspan-spacy-max15-win5,,,semspan,spacy,15.0,5.0,64.0,attack,direct,adaptive-Qwen2.5-3B-Instruct-standard-K16-min-bag=min-surr=bge-aseg=semspan-nltk-max15-win5,adaptive,K16-min-bag=min-bge,16.0,bge,bag,Qwen2.5-3B-Instruct,semspan-nltk-max15-win5,min,min,,,1024,3,c4-val-def-256|c4-val-def-256b|c4-val-def-512,1.585187847802434,2.401922307076307,3.57957166897568,0.9392194747924804,0.8642578125,0.7568359375,0.5263671875,0.2431640625,3.736268061420142,6.431258965875568,2.6949909044554268,,,,,,,,,,0.2421875,0.2412109375,0.23828125,0.2333984375,0.216796875,0.203125,0.1640625,0.1337890625,0.08984375,0.0556640625,0.01953125,0.1640625,0.4697265625,0.46875,0.4638671875,0.4521484375,0.42578125,0.3974609375,0.322265625,0.2646484375,0.1748046875,0.0927734375,0.0390625,0.322265625,0.4736328125,0.71484375,1.7205736035602146,0.5559671784395084,0.0,0.4018796109458076,0.0075693010354272,0.3975903614457831,0.1557928729686721,0.008747253817925,0.1291666666666666,37.6435546875,0.8998267536895808,37.0,0.1041487371088795,0.0052003934755274,0.0881376353944364,0.152440174465239,0.0079120037665819,0.1304347826086956,0.4248841315044145,0.0059317456314941,0.4144144144144144,0.7370367971998655,0.0058560103421139,0.7433493703127211,0.1256064076613497,0.0087700279739056,0.1,0.9008765977923758,0.0017096610703166,0.9041493833065032,0.9032496383297256,0.0019841123973571,0.9080437421798706,0.8988964959862642,0.0017258287202708,0.901075154542923,0.9517406516764356,0.0059489303095189,0.9718968013689616,0.942098328960128,0.002223323725287,0.9496363401412964,10.871145638186649,0.292416971528727,11.944092750549316,0.8491373697916667,0.0065071607902225,0.8666666666666667,0.8951171875000001,0.0070963526782353,0.9333333333333332,0.03203125,0.006054200365924,0.0,0.8310546875,0.0107386260593124,0.8666666666666667,0.2975911458333333,0.0116506120579299,0.3333333333333333,,,,,,,,,,,,,,,,0.0816646422565195,0.0065733096904731,0.0549739161719733,0.0375368340992336,0.0062705050663403,0.0116280816669921,0.025773021656906,0.0060433976945251,0.0,0.5751158684955855,0.0059317456314941,0.5855855855855856,0.2578217904556613,0.0058242186256912,0.2521931512120046,0.3935239313367824,0.0061925033550769,0.3888888888888889,2.1855226835490766,0.7635713817096239,0.0,611539.0536778987,256291.0,10.283328141665656,11.077813486383985,2.3651209081549016,0.2861244300974314,0.1359603766029184,,,,,,,
k-SemStamp,kmeans,fixed_diverse,best-of-n,semspan-spacy-max15-win5,,,semspan,spacy,15.0,5.0,64.0,attack,direct,adaptive-Qwen2.5-3B-Instruct-standard-K16-min-surr=bge,adaptive,K16-min-positional-bge,16.0,bge,positional,Qwen2.5-3B-Instruct,sentence-nltk,min,,,,1024,3,c4-val-def-256|c4-val-def-256b|c4-val-def-512,1.585187847802434,2.401922307076307,3.57957166897568,0.967571258544922,0.9248046875,0.841796875,0.6669921875,0.158203125,4.280809077495762,6.431258965875568,2.1504498883798053,,,,,,,,,,0.1572265625,0.1552734375,0.154296875,0.1494140625,0.1474609375,0.140625,0.130859375,0.1181640625,0.083984375,0.0546875,0.02734375,0.130859375,0.3310546875,0.3291015625,0.328125,0.3203125,0.3173828125,0.296875,0.2705078125,0.2470703125,0.185546875,0.1181640625,0.0517578125,0.2705078125,0.3330078125,0.830078125,2.2821919575294123,0.6212695751235234,0.0,0.463606915210678,0.0077788200068034,0.4523809523809524,0.1535473660567836,0.0087464861921407,0.1333333333333333,43.6044921875,1.0195033317552264,43.0,0.0845925118634595,0.0044289633924757,0.0719794344473007,0.1385198782588184,0.0067934691398633,0.12,0.3695657640437111,0.0057990057446031,0.3635337574389493,0.6458349489260059,0.0068440070098361,0.6536372124607419,0.1022817744529986,0.0075354402972484,0.0833333333333333,0.9133557591121644,0.0014785501996119,0.9138746857643129,0.917246311029885,0.0015744030994101,0.9197311997413636,0.9097219113027676,0.0016054796108428,0.909946084022522,0.9428752852298375,0.0068432194818715,0.970781576813079,0.9514103925903328,0.0019287708483664,0.9560278058052064,10.375794876738574,0.3297412331875408,11.471501350402832,0.8889811197916666,0.0061500503730668,0.9,0.9177734375,0.0063820951397153,0.9333333333333332,0.0241536458333333,0.0053416819385602,0.0,0.8789713541666666,0.0095922164605502,0.9333333333333332,0.2166666666666666,0.0114934400653879,0.2,,,,,,,,,,,,,,,,0.0910517621686789,0.0073474192438411,0.0581154105953874,0.0463695586129979,0.0069801764117216,0.0140684786911202,0.0327927060341228,0.0066658634887077,0.0038022813688213,0.6304342359562889,0.0057990057446031,0.6364662425610507,0.3403621773097238,0.0068143292102132,0.3302948504983388,0.4707101248437713,0.0069497606197312,0.4654953340625072,2.4394219479635786,0.756475471368567,0.0,587039.9528808594,250928.0,10.258942397578078,11.027066610200489,2.3376084645893807,0.2836804722758749,0.1984435047404002,,,,,,,
k-SemStamp,kmeans,fixed_diverse,best-of-n,semspan-spacy-max15-win5,,,semspan,spacy,15.0,5.0,64.0,attack,direct,adaptive-Qwen2.5-3B-Instruct-standard-K2-min-bag=min-surr=bge-aseg=semspan-nltk-max15-win5,adaptive,K2-min-bag=min-bge,2.0,bge,bag,Qwen2.5-3B-Instruct,semspan-nltk-max15-win5,min,min,,,1024,3,c4-val-def-256|c4-val-def-256b|c4-val-def-512,1.585187847802434,2.401922307076307,3.57957166897568,0.9754633903503418,0.939453125,0.873046875,0.724609375,0.126953125,4.595043296919607,6.431258965875568,1.836215668955962,,,,,,,,,,0.1259765625,0.1259765625,0.1259765625,0.1240234375,0.12109375,0.1162109375,0.111328125,0.1025390625,0.0927734375,0.0634765625,0.0390625,0.111328125,0.2744140625,0.2734375,0.2724609375,0.2705078125,0.2666015625,0.2587890625,0.248046875,0.2275390625,0.1982421875,0.1318359375,0.0703125,0.248046875,0.275390625,0.890625,1.8638318170398205,0.5530262533686644,0.0,0.496809518829152,0.0077199730328551,0.4862385321100917,0.1157698868442002,0.0071037385943339,0.1,46.5673828125,1.0323809678602311,46.0,0.0621425228403801,0.0037048671479891,0.0457142857142857,0.1101520926264089,0.0061138283743874,0.0954773869346734,0.3363022162476144,0.0052923257844078,0.334001336005344,0.6199981533227559,0.006986292496306,0.6273584905660378,0.0912906772396103,0.0069919873569882,0.0833333333333333,0.9234614641172812,0.0014561539327894,0.9252922534942628,0.9278439403278752,0.0014420764999251,0.930636465549469,0.9192629682365804,0.0016119942040329,0.9207167029380798,0.9451611701243354,0.0060361403545869,0.9672897196261684,0.96245180076221,0.0013230537705606,0.9660381972789764,9.928596230713913,0.2760270416091378,10.75931167602539,0.9147623697916668,0.0054362533498484,0.9333333333333332,0.9448567708333332,0.0050034548582464,1.0,0.0180338541666666,0.0048705369687965,0.0,0.9100911458333334,0.008130644696643,1.0,0.1778645833333333,0.0107874295743593,0.1333333333333333,,,,,,,,,,,,,,,,0.0907294349112163,0.0065970115099756,0.0656336005743687,0.0432313714244339,0.0062379364345503,0.0169133948365872,0.0285053348797379,0.0059596951268231,0.0039682539682539,0.6636977837523855,0.0052923257844078,0.665998663994656,0.3735946780056036,0.0070242046849132,0.361685025848998,0.5192692088497887,0.006894524103309,0.5191861035689751,2.2494276959151733,0.7080414320974489,0.0,577203.7918616477,251459.0,10.298262177524522,11.086289659795352,2.3352051420248667,0.4007064240028042,0.2247440178875953,,,,,,,
k-SemStamp,kmeans,fixed_diverse,best-of-n,semspan-spacy-max15-win5,,,semspan,spacy,15.0,5.0,64.0,attack,direct,adaptive-Qwen2.5-3B-Instruct-standard-K32-min-bag=min-surr=bge-aseg=semspan-nltk-max15-win5,adaptive,K32-min-bag=min-bge,32.0,bge,bag,Qwen2.5-3B-Instruct,semspan-nltk-max15-win5,min,min,,,1024,3,c4-val-def-256|c4-val-def-256b|c4-val-def-512,1.585187847802434,2.401922307076307,3.57957166897568,0.9253373146057128,0.8154296875,0.6806640625,0.439453125,0.3193359375,3.252705544497581,6.431258965875568,3.1785534213779867,,,,,,,,,,0.3095703125,0.306640625,0.3056640625,0.294921875,0.27734375,0.248046875,0.193359375,0.158203125,0.1005859375,0.0419921875,0.0224609375,0.193359375,0.546875,0.5419921875,0.537109375,0.515625,0.4833984375,0.435546875,0.3408203125,0.2705078125,0.1708984375,0.076171875,0.0322265625,0.3408203125,0.560546875,0.6533203125,1.5527260754247745,0.5276305370530664,0.0,0.3757816298873402,0.0076188000290043,0.3628318584070796,0.1566099641959057,0.0095233995274368,0.1333333333333333,35.072265625,0.854075599644292,34.0,0.1145207019794158,0.0057785612773507,0.0958904109589041,0.1540771831899006,0.0082480822273577,0.1340206185567011,0.4493425988935263,0.006287293524074,0.4418604651162791,0.7660136283860361,0.0057518915827184,0.778078078078078,0.124338228992527,0.0088577693473163,0.1,0.8949506360804662,0.0017792961428906,0.8986796140670776,0.8966329523245804,0.0020383662234145,0.9018626809120178,0.8936597430147231,0.0018023786764872,0.8965595364570618,0.952692281786595,0.0057621843448594,0.9734513274336284,0.93371265148744,0.0029313297855407,0.9445370435714722,11.104688410247626,0.3246304223391534,12.242716312408447,0.8296875000000001,0.0072209335478532,0.85,0.8798177083333335,0.0081443106677545,0.9333333333333332,0.0297526041666666,0.0061445127875748,0.0,0.8097005208333334,0.0116454621261358,0.8666666666666667,0.341015625,0.0122225220692348,0.4000000000000001,,,,,,,,,,,,,,,,0.0804886407379846,0.0064565539850314,0.0549450549450549,0.0362196954713832,0.0060932610446143,0.0116731517509727,0.0241800399473527,0.0058189143142815,0.0,0.5506574011064738,0.006287293524074,0.5581395348837208,0.2318624006044693,0.005793967894738,0.218531379157114,0.3633230065036322,0.0062730062467165,0.3538667766549804,1.8235157772659747,0.6580774543813607,0.0,633342.252019337,263085.0,10.303122877881012,11.115358822901433,2.3081536857615834,0.2286600175563455,0.1196019178756713,,,,,,,
k-SemStamp,kmeans,fixed_diverse,best-of-n,semspan-spacy-max15-win5,,,semspan,spacy,15.0,5.0,64.0,attack,direct,adaptive-Qwen2.5-3B-Instruct-standard-K4-min-bag=min-surr=bge-aseg=semspan-nltk-max15-win5,adaptive,K4-min-bag=min-bge,4.0,bge,bag,Qwen2.5-3B-Instruct,semspan-nltk-max15-win5,min,min,,,1024,3,c4-val-def-256|c4-val-def-256b|c4-val-def-512,1.585187847802434,2.401922307076307,3.57957166897568,0.9689450263977052,0.931640625,0.8427734375,0.6552734375,0.1572265625,4.280475553015701,6.431258965875568,2.150783412859868,,,,,,,,,,0.1552734375,0.1552734375,0.1552734375,0.15234375,0.1474609375,0.14453125,0.1259765625,0.1142578125,0.0927734375,0.05859375,0.0224609375,0.1259765625,0.3427734375,0.3408203125,0.33984375,0.3359375,0.326171875,0.314453125,0.2861328125,0.2578125,0.2060546875,0.12890625,0.0556640625,0.2861328125,0.3447265625,0.8447265625,1.723317063477208,0.5543333048318188,0.0,0.4592679943959069,0.0077568319749901,0.4457831325301205,0.1326713803255447,0.007605926450531,0.1111111111111111,43.0400390625,0.9926172358508806,42.0,0.0747796597298676,0.004175752555396,0.0583637311099531,0.125341019751209,0.0059425333342267,0.111111111111111,0.3656354273635621,0.0053765047794985,0.3641192052980132,0.66457887143851,0.0069336254218991,0.6717997315012241,0.1032992931548371,0.0071686535558282,0.0909090909090909,0.915814271371346,0.0014878342899892,0.916831076145172,0.919688520487398,0.0015400682443815,0.9216156899929048,0.9121311567141674,0.0015888920669319,0.9128684401512146,0.9486898674821408,0.0060088884604984,0.9709020094829532,0.9564626996871084,0.0013705746860336,0.9613692462444304,10.327312279175462,0.2692907535716434,11.060796737670898,0.8942708333333333,0.0058237587890325,0.9166666666666666,0.9310546875,0.0053831433692242,0.9333333333333332,0.0219401041666666,0.0052046026702956,0.0,0.8870442708333334,0.0089992632688505,0.9333333333333332,0.2190755208333333,0.0112587611811278,0.2,,,,,,,,,,,,,,,,0.086842027007949,0.0065757202754913,0.0625,0.0399365827924935,0.0062835949107118,0.0144927536231883,0.026420145101228,0.0060444780592583,0.0037105879113313,0.6343645726364378,0.0053765047794985,0.6358807947019868,0.3298060705451225,0.0068338471710929,0.316032411942587,0.4736909080617632,0.006913236022754,0.4648673955811138,1.954938020335392,0.6778534015290976,0.0,586436.7269230582,251173.0,10.31122080820792,11.093509822251283,2.3567522054844146,0.3337396197309084,0.1882003005322838,,,,,,,
k-SemStamp,kmeans,fixed_diverse,best-of-n,semspan-spacy-max15-win5,,,semspan,spacy,15.0,5.0,64.0,attack,direct,adaptive-Qwen2.5-3B-Instruct-standard-K4-min-surr=bge,adaptive,K4-min-positional-bge,4.0,bge,positional,Qwen2.5-3B-Instruct,sentence-nltk,min,,,,1024,3,c4-val-def-256|c4-val-def-256b|c4-val-def-512,1.585187847802434,2.401922307076307,3.57957166897568,0.9734959602355956,0.9375,0.8759765625,0.7158203125,0.1240234375,4.531810963796595,6.431258965875568,1.8994480020789732,,,,,,,,,,0.1240234375,0.1240234375,0.123046875,0.1201171875,0.119140625,0.1162109375,0.1103515625,0.1015625,0.080078125,0.0615234375,0.0390625,0.1103515625,0.2841796875,0.2841796875,0.2822265625,0.279296875,0.2783203125,0.2744140625,0.263671875,0.24609375,0.1953125,0.1318359375,0.07421875,0.263671875,0.2841796875,0.88671875,2.035224604294744,0.5656584055855539,0.0,0.5017233739659929,0.0079553806276154,0.4946236559139785,0.14265861489269,0.0080074832136678,0.125,47.185546875,1.0718105341899704,46.0,0.0621800178459494,0.0036995879264721,0.0470561362964555,0.128244336060058,0.0066153812853553,0.111111111111111,0.3340077474004261,0.0054549191947392,0.3347877392156676,0.6067486573029641,0.0073035231246578,0.6147240990990992,0.0952487598982629,0.0074069352589078,0.0769230769230769,0.9232125304406508,0.0014021860492239,0.9242558479309082,0.9277089930255896,0.0013258486592763,0.930227279663086,0.9188916049315594,0.0016066723645216,0.9199860990047456,0.9443541517908348,0.0062660664967723,0.96904935681051,0.9603987622540444,0.0012664193478731,0.9647357165813446,10.071843646670551,0.2923416878455667,10.861786365509031,0.91259765625,0.0052917121900322,0.9333333333333332,0.9391276041666669,0.0051464780340791,1.0,0.0190755208333333,0.0048991210554607,0.0,0.9047526041666668,0.0081509711392312,0.9666666666666666,0.1744140625,0.0105586431951065,0.1333333333333333,,,,,,,,,,,,,,,,0.0896620368623025,0.0067505065361266,0.0593639872461822,0.043617065964636,0.006385249765397,0.0152284263959391,0.0298916247295263,0.0060747108519222,0.0040322580645161,0.6659922525995738,0.0054549191947392,0.6652122607843324,0.3837029460904523,0.007352959037308,0.3762771605764512,0.5235317098505308,0.0071636417248368,0.5217279373905881,2.419042282876902,0.7081797817440862,0.0,574800.5256195068,248859.0,10.30457531492836,11.085711398336816,2.367717668661875,0.3603813659576161,0.2359505787221136,,,,,,,
k-SemStamp,kmeans,fixed_diverse,best-of-n,semspan-spacy-max15-win5,,,semspan,spacy,15.0,5.0,64.0,attack,direct,adaptive-Qwen2.5-3B-Instruct-standard-K64-min-bag=min-surr=bge-aseg=semspan-nltk-max15-win5,adaptive,K64-min-bag=min-bge,64.0,bge,bag,Qwen2.5-3B-Instruct,semspan-nltk-max15-win5,min,min,,,1024,3,c4-val-def-256|c4-val-def-256b|c4-val-def-512,1.585187847802434,2.401922307076307,3.57957166897568,0.9124503135681152,0.7841796875,0.642578125,0.41015625,0.357421875,3.2194679467578924,6.431258965875568,3.211791019117676,,,,,,,,,,0.3447265625,0.32421875,0.3154296875,0.296875,0.2734375,0.24609375,0.171875,0.1298828125,0.0888671875,0.0361328125,0.0107421875,0.171875,0.576171875,0.552734375,0.5400390625,0.515625,0.4765625,0.4208984375,0.3056640625,0.234375,0.140625,0.0556640625,0.01953125,0.3056640625,0.58984375,0.5654296875,1.956762806881411,0.5907670726111205,0.0,0.3592667184330999,0.0069791583816545,0.3454545454545454,0.1616972713046315,0.0087924331564635,0.1428571428571428,33.4140625,0.7877659888551656,33.0,0.1309917264745022,0.006015806055264,0.1132930513595166,0.1607530734958626,0.007634328967274,0.1428571428571429,0.4700290545302559,0.0063180717880895,0.4586466165413534,0.7881878497615737,0.005396220458556,0.7991266375545851,0.1366052248532155,0.0089411773600132,0.1111111111111111,0.8895601141848601,0.0018009771215556,0.89344722032547,0.8902964447042905,0.0020884396531023,0.8958858251571655,0.8892222792492248,0.0018071991913004,0.8914898633956909,0.9478115549061906,0.0064187377947043,0.9736842105263158,0.9252221593633294,0.0029363812776084,0.93587464094162,11.10909741058841,0.2765851547038542,12.199928283691406,0.8039876302083333,0.0077281017030199,0.8166666666666668,0.8590494791666667,0.008638308552737,0.8666666666666667,0.0384765625,0.0068448757360974,0.0,0.7713541666666668,0.0122762262311741,0.8000000000000002,0.3759765625,0.0124762690333874,0.4000000000000001,,,,,,,,,,,,,,,,0.0845710059846627,0.0067417822793276,0.057157851166366,0.0388845938078453,0.0064207904526937,0.0123840196303964,0.0267725510809752,0.0061731679560659,0.0025091068961186,0.5299709454697441,0.0063180717880895,0.5413533834586466,0.2116368190746762,0.0053695575155128,0.2022170928749316,0.339468358279169,0.0059775162328216,0.3313584574934268,2.267210111539105,0.7541888755752024,0.0,661754.7720057869,274842.0,10.296485532054994,11.138769638705638,2.3964125867728066,0.3135909350167283,0.1098890000966333,,,,,,,
k-SemStamp,kmeans,fixed_diverse,best-of-n,semspan-spacy-max15-win5,,,semspan,spacy,15.0,5.0,64.0,attack,direct,adaptive-Qwen2.5-3B-Instruct-standard-K64-min-surr=bge,adaptive,K64-min-positional-bge,64.0,bge,positional,Qwen2.5-3B-Instruct,sentence-nltk,min,,,,1024,3,c4-val-def-256|c4-val-def-256b|c4-val-def-512,1.585187847802434,2.401922307076307,3.57957166897568,0.9592981338500975,0.9052734375,0.8232421875,0.6083984375,0.1767578125,3.9772378395397343,6.431258965875568,2.4540211263358342,,,,,,,,,,0.1748046875,0.1728515625,0.169921875,0.166015625,0.1572265625,0.1484375,0.12890625,0.115234375,0.0849609375,0.0458984375,0.017578125,0.12890625,0.38671875,0.3837890625,0.3779296875,0.3671875,0.3515625,0.33203125,0.29296875,0.2548828125,0.1923828125,0.103515625,0.0361328125,0.29296875,0.3916015625,0.7626953125,1.7194343220653991,0.4859651031790179,0.0,0.433412416212696,0.0074441785013345,0.4274193548387097,0.1524390071180704,0.0086043279213293,0.125,40.8115234375,0.9823645514597612,40.0,0.1035979407370885,0.0058423059637023,0.0824501846274269,0.1520311545726423,0.0077218993557899,0.1304347826086956,0.4012546769382048,0.0064964371697987,0.3873916184971098,0.6776824950111199,0.0068968750341754,0.6801015228426397,0.1239158664142469,0.0090701281531819,0.1,0.9044554888387212,0.0017022705171363,0.9073757827281952,0.9071339701768012,0.0019490924047435,0.9125676453113556,0.9021193545195274,0.0017231186064966,0.903745710849762,0.945875056345202,0.005741719451994,0.970414201183432,0.9442141476320104,0.0018952513833292,0.9504591822624208,10.91706620973122,0.3430638218776428,12.103021144866943,0.8613606770833333,0.0068607982776711,0.8833333333333333,0.8966796875,0.0068300078747827,0.9333333333333332,0.0279947916666666,0.0061636098141524,0.0,0.8482421875000001,0.0101360010581082,0.8666666666666667,0.271484375,0.0131237548629547,0.2666666666666666,,,,,,,,,,,,,,,,0.0894007324894531,0.0063518703112405,0.0604838709677418,0.0419702333696292,0.0056290167052025,0.0158730158730159,0.0269923749005442,0.0051778425263116,0.004008032128514,0.5987453230617952,0.0064964371697987,0.6126083815028902,0.3073986361406869,0.0064532715477593,0.2995612446161896,0.4261744436283658,0.0069936661779074,0.4247817935274796,1.6211056382774705,0.600244911902144,0.0,622945.5807113647,260611.0,10.31392651223773,11.098054451440188,2.2803674334537747,0.2709552163184815,0.1768024923094953,,,,,,,
k-SemStamp,kmeans,fixed_diverse,best-of-n,semspan-spacy-max15-win5,,,semspan,spacy,15.0,5.0,64.0,attack,direct,adaptive-Qwen2.5-3B-Instruct-standard-K8-min-bag=min-surr=bge-aseg=semspan-nltk-max15-win5,adaptive,K8-min-bag=min-bge,8.0,bge,bag,Qwen2.5-3B-Instruct,semspan-nltk-max15-win5,min,min,,,1024,3,c4-val-def-256|c4-val-def-256b|c4-val-def-512,1.585187847802434,2.401922307076307,3.57957166897568,0.9545392990112304,0.8857421875,0.7666015625,0.580078125,0.2333984375,3.8924697230096976,6.431258965875568,2.5387892428658705,,,,,,,,,,0.23046875,0.2275390625,0.2255859375,0.2216796875,0.2119140625,0.197265625,0.1728515625,0.150390625,0.1083984375,0.0615234375,0.025390625,0.1728515625,0.4150390625,0.4111328125,0.40625,0.4013671875,0.3896484375,0.3671875,0.3212890625,0.279296875,0.189453125,0.10546875,0.041015625,0.3212890625,0.419921875,0.791015625,1.4932271684522227,0.5096746361568798,0.0,0.4302595082897447,0.0074823333691981,0.4193548387096774,0.1485344093217097,0.0082225727358224,0.125,40.21484375,0.9282224268210388,39.0,0.0896754979243769,0.004732794679589,0.0735009671179884,0.1431618578505884,0.007245918532716,0.1272727272727272,0.3934879315628613,0.0054496326897456,0.3908733371891267,0.7026320703420562,0.0064153479514971,0.7107961489165102,0.1181187263078558,0.0080065957688936,0.1,0.908842833538074,0.0015379328016708,0.909774661064148,0.9123484809533692,0.0016671793677731,0.9150233566761016,0.905618997348938,0.0016342153548956,0.9060262739658356,0.9515664567363532,0.0055976205550318,0.9710144927536232,0.9498244359856473,0.0016766153554321,0.9556608498096466,10.624995746808969,0.3181106964972453,11.433245182037354,0.8721191406250001,0.0063335885831645,0.8833333333333334,0.9124348958333334,0.0064926874588885,0.9333333333333332,0.0270833333333333,0.0060560763204251,0.0,0.8652994791666668,0.0096773806761262,0.9333333333333332,0.2621744791666667,0.0115305856005867,0.2666666666666666,,,,,,,,,,,,,,,,0.0838469158571029,0.0063005498251161,0.0595864661654135,0.0375445539045424,0.0059402390223635,0.0142857142857142,0.024408388674622,0.0056734868157301,0.0035027236590273,0.6065120684371386,0.0054496326897456,0.6091266628108734,0.2925601443910465,0.0062865474828026,0.2822222354389575,0.4333044899715504,0.0065605036406539,0.4278531556859389,1.7479333182886592,0.6689524445796816,0.0,595334.9640927473,251918.0,10.297310736061805,11.091888419525452,2.3570587910446608,0.3233759519234745,0.1595999289076666,,,,,,,
k-SemStamp,kmeans,fixed_diverse,best-of-n,semspan-spacy-max15-win5,,,semspan,spacy,15.0,5.0,64.0,attack,direct,controlled_reorder-ratio=0.1,other,controlled_reorder-ratio=0.1,,,,,,,,,,1024,3,c4-val-def-256|c4-val-def-256b|c4-val-def-512,1.585187847802434,2.401922307076307,3.57957166897568,0.993314266204834,0.984375,0.9677734375,0.93359375,0.0322265625,6.404201612265663,6.431258965875568,0.0270573536099063,,,,,,,,,,,,,,,,,,,,,,,,,,,,,,,,,,,,3.963708448687685,0.6724517272884689,0.3937007874015748,1.0,0.0,1.0,0.0,0.0,0.0,94.9150390625,1.6533464178778834,99.0,0.103488502832644,0.0047839697060962,0.0928748325832257,0.0,0.0,0.0,0.0,0.0,0.0,0.010908475223343,0.0005790632464929,0.009090909090909,0.0,0.0,0.0,,,,,,,,,,0.9091493123571016,0.0073644484483044,0.9454899186416696,,,,,,,,,,,,,,,,,,,,,,,,,,,,,,,,,,,,,,,,,,,,,,1.0,0.0,1.0,0.9906422743092927,0.0003255509631252,0.9915966386554622,0.9201579994176194,0.0030353934143969,0.9311833748096424,4.966868636510616,0.8789085169308319,0.0,,0.0,,,,,0.984177551759584,,,,,,,
k-SemStamp,kmeans,fixed_diverse,best-of-n,semspan-spacy-max15-win5,,,semspan,spacy,15.0,5.0,64.0,attack,direct,controlled_reorder-ratio=0.25,other,controlled_reorder-ratio=0.25,,,,,,,,,,1024,3,c4-val-def-256|c4-val-def-256b|c4-val-def-512,1.585187847802434,2.401922307076307,3.57957166897568,0.993617057800293,0.986328125,0.96875,0.931640625,0.03125,6.409257513816819,6.431258965875568,0.0220014520587502,,,,,,,,,,,,,,,,,,,,,,,,,,,,,,,,,,,,3.905101081574109,0.6630732972871819,0.3937007874015748,1.0,0.0,1.0,0.0003320139450672,0.0002930353648016,0.0,94.9150390625,1.6533464178778834,99.0,0.2373241078687333,0.0078559665282356,0.2304059224904147,0.0001710702570186,0.0001510790265932,0.0,0.0,0.0,0.0,0.0165309541523058,0.0006490622418572,0.014018691588785,0.0,0.0,0.0,,,,,,,,,,0.9094404872346789,0.0073323114909853,0.9454899186416696,,,,,,,,,,,,,,,,,,,,,,,,,,,,,,,,,,,,,,,,,,,,,,1.0,0.0,1.0,0.9856275389157308,0.0003740531429857,0.9870689655172412,0.8463266895239608,0.003655591107537,0.8496979337382307,4.954577098674455,0.876972649407544,0.0,,0.0,,,,,0.976346225168274,,,,,,,
k-SemStamp,kmeans,fixed_diverse,best-of-n,semspan-spacy-max15-win5,,,semspan,spacy,15.0,5.0,64.0,attack,direct,controlled_reorder-ratio=0.5,other,controlled_reorder-ratio=0.5,,,,,,,,,,1024,3,c4-val-def-256|c4-val-def-256b|c4-val-def-512,1.585187847802434,2.401922307076307,3.57957166897568,0.993253231048584,0.9853515625,0.96875,0.9345703125,0.03125,6.410446228401556,6.431258965875568,0.0208127374740121,,,,,,,,,,,,,,,,,,,,,,,,,,,,,,,,,,,,3.852552936221724,0.6580510688386817,0.3937007874015748,1.0,0.0,1.0,0.0013050122412482,0.0007435329271838,0.0,94.9150390625,1.6533464178778834,99.0,0.4661817183980419,0.0100683828343994,0.4743509320832129,0.000688489217734,0.000394439605723,0.0,0.0,0.0,0.0,0.025090891983456,0.0006823976158449,0.0232019810508182,0.0,0.0,0.0,,,,,,,,,,0.9096118102333146,0.0073153194660464,0.9454899186416696,,,,,,,,,,,,,,,,,,,,,,,,,,,,,,,,,,,,,,,,,,,,,,1.0,0.0,1.0,0.9776209172475976,0.0005373546241327,0.978969482529854,0.7014876038626137,0.0051248565678954,0.7005897583429229,4.958859002884402,0.8773812879760908,0.0,,0.0,,,,,0.9633667139056912,,,,,,,
k-SemStamp,kmeans,fixed_diverse,best-of-n,semspan-spacy-max15-win5,,,semspan,spacy,15.0,5.0,64.0,attack,direct,controlled_reorder-ratio=0.75,other,controlled_reorder-ratio=0.75,,,,,,,,,,1024,3,c4-val-def-256|c4-val-def-256b|c4-val-def-512,1.585187847802434,2.401922307076307,3.57957166897568,0.9933876991271972,0.984375,0.9677734375,0.9326171875,0.0322265625,6.410876269347139,6.431258965875568,0.0203826965284294,,,,,,,,,,,,,,,,,,,,,,,,,,,,,,,,,,,,3.8793898724158273,0.6607360038513538,0.391390931372549,1.0,0.0,1.0,0.0016771024954602,0.0009846728094239,0.0,94.9150390625,1.6533464178778834,99.0,0.6997790286276716,0.0099993613191137,0.7268697453378514,0.0009067255950102,0.0005509826393738,0.0,0.0,0.0,0.0,0.0373621134731651,0.0008728207746654,0.0352422907488986,0.0,0.0,0.0,,,,,,,,,,0.9095552500894112,0.0073186071404072,0.9455659931947316,,,,,,,,,,,,,,,,,,,,,,,,,,,,,,,,,,,,,,,,,,,,,,1.0,0.0,1.0,0.9661633364413492,0.0007833801805736,0.967741935483871,0.5207727731761393,0.0060845370843293,0.5105043871263881,4.937550815700981,0.8770368762148455,0.0,,0.0,,,,,0.9443477292620768,,,,,,,
k-SemStamp,kmeans,fixed_diverse,best-of-n,semspan-spacy-max15-win5,,,semspan,spacy,15.0,5.0,64.0,attack,direct,controlled_reorder-ratio=1.0,other,controlled_reorder-ratio=1.0,,,,,,,,,,1024,3,c4-val-def-256|c4-val-def-256b|c4-val-def-512,1.585187847802434,2.401922307076307,3.57957166897568,0.9934897422790528,0.986328125,0.9677734375,0.93359375,0.0322265625,6.414948010314626,6.431258965875568,0.0163109555609412,,,,,,,,,,,,,,,,,,,,,,,,,,,,,,,,,,,,4.035377330579664,0.6885796401899988,0.3952569169960474,1.0,0.0,1.0,0.0028020445885637,0.0014482776476288,0.0,94.9150390625,1.6533464178778834,99.0,1.0,0.0,1.0,0.0015629187410884,0.00087533006264,0.0,0.0,0.0,0.0,0.0585550338560034,0.0014229665555102,0.0547604443535745,0.0,0.0,0.0,,,,,,,,,,0.9089806936723396,0.0074042812130649,0.9454899186416696,,,,,,,,,,,,,,,,,,,,,,,,,,,,,,,,,,,,,,,,,,,,,,1.0,0.0,1.0,0.9467990702091996,0.0013100816928272,0.9497697693488364,0.2978515215617049,0.0061551158305349,0.2735042735042735,4.930273499954048,0.8762879977961916,0.0,,0.0,,,,,0.9117629143626116,,,,,,,
k-SemStamp,kmeans,fixed_diverse,best-of-n,semspan-spacy-max15-win5,,,semspan,spacy,15.0,5.0,64.0,attack,direct,dipper-lex20-order20,dipper,lex20-order20,,,,,,,,20.0,20.0,1024,3,c4-val-def-256|c4-val-def-256b|c4-val-def-512,1.585187847802434,2.401922307076307,3.57957166897568,0.9862179756164552,0.9697265625,0.9365234375,0.8447265625,0.0634765625,5.450085739878281,6.431258965875568,0.9811732259972868,,,,,,,,,,0.0634765625,0.0634765625,0.0634765625,0.0634765625,0.0595703125,0.0595703125,0.052734375,0.044921875,0.0380859375,0.0224609375,0.015625,0.052734375,0.1552734375,0.1552734375,0.154296875,0.15234375,0.1455078125,0.1435546875,0.126953125,0.1123046875,0.0869140625,0.0498046875,0.025390625,0.126953125,0.1552734375,0.8349609375,3.4584734785729783,0.6158958971730392,0.4545454545454545,0.6587306338938775,0.0065516692591462,0.6637168141592921,0.077103237353813,0.0064693870004036,0.0,62.4208984375,1.231736334641812,64.0,0.0454253333260361,0.0043996507950461,0.0326633165829145,0.059859659983323,0.0048743292350521,0.0434782608695651,0.1972106377592929,0.0043328199515634,0.1886601094569253,0.3638076936471963,0.0060717592409919,0.3599855756622082,0.0341268519637602,0.0044717398860128,0.0,0.9458541075582616,0.0012454027749716,0.9489193856716156,0.9516854781541042,0.001231203980362,0.9545082747936248,0.94027318112785,0.0014392893586142,0.9438737630844116,0.9052714765818348,0.0068577347351942,0.9349418604651164,0.96973386319587,0.0014788316339949,0.975998878479004,8.4269054975108,0.2256506534804798,8.717641830444336,0.8923828125,0.0060390330590805,0.9166666666666666,0.8944010416666668,0.006754626247363,0.9333333333333332,0.0154947916666666,0.0045812211381937,0.0,0.8366536458333335,0.0102040081752432,0.8666666666666667,0.1460286458333333,0.0099284397604074,0.0666666666666666,,,,,,,,,,,,,,,,0.1268131521167031,0.0072033205129987,0.0968925189774952,0.0665194363069839,0.0069201379663112,0.0324280982175718,0.0458819512000785,0.0065875355717548,0.0117534650273978,0.802789362240707,0.0043328199515634,0.8113398905430746,0.6045641749472996,0.0060444338732307,0.6096744459300677,0.6696212267144731,0.0055568093987264,0.6725705329153605,3.966357435152294,0.8525472159220586,0.0,532335.2053616953,249755.0,10.112397406247624,11.041334112329704,2.206996047653626,0.4712580149839558,0.4478231351981577,,,,,,,
k-SemStamp,kmeans,fixed_diverse,best-of-n,semspan-spacy-max15-win5,,,semspan,spacy,15.0,5.0,64.0,attack,direct,dipper-lex20-order40,dipper,lex20-order40,,,,,,,,20.0,40.0,1024,3,c4-val-def-256|c4-val-def-256b|c4-val-def-512,1.585187847802434,2.401922307076307,3.57957166897568,0.9872961044311525,0.9716796875,0.93359375,0.8466796875,0.06640625,5.500195653701137,6.431258965875568,0.9310633121744304,,,,,,,,,,0.06640625,0.06640625,0.06640625,0.0654296875,0.0625,0.056640625,0.0498046875,0.041015625,0.0322265625,0.013671875,0.0068359375,0.0498046875,0.1533203125,0.1533203125,0.1533203125,0.15234375,0.14453125,0.134765625,0.1142578125,0.09375,0.0751953125,0.0341796875,0.015625,0.1142578125,0.1533203125,0.798828125,3.478943787885384,0.6306441377791808,0.4683866438506427,0.6545295827966316,0.0064032411940276,0.6583333333333333,0.0780501232410203,0.0065608259142047,0.0588235294117647,61.9189453125,1.2076428542243285,63.0,0.0995019166979847,0.0056724005299211,0.0869565217391304,0.0586302947086143,0.0053153146485885,0.0434782608695651,0.1999999768900773,0.0044436349021733,0.1899616286257448,0.3691056613083404,0.0057628918970241,0.3677012471655329,0.0289198695035936,0.0043364928254036,0.0,0.9417181221069768,0.0011271068928184,0.944019377231598,0.9477963781682774,0.0010840323272568,0.9502434134483336,0.9358140886761248,0.0012869385098533,0.9384976029396056,0.9053647283835689,0.0069693463036776,0.936003551380456,0.9653555281693116,0.0015735349455615,0.97117280960083,8.772309412849657,0.2270296815332385,9.179161071777344,0.8829264322916667,0.0059549484120997,0.9,0.8853515625000001,0.0069239636059674,0.9333333333333332,0.0170572916666666,0.0051776513805133,0.0,0.8240234375,0.0104010874510995,0.8666666666666667,0.1606119791666667,0.009795658568797,0.1333333333333333,,,,,,,,,,,,,,,,0.1264613740037697,0.0072972029989527,0.0954198473282442,0.066805527684034,0.0070605195695275,0.0329444218333107,0.0463025623040495,0.0067353204768475,0.0130719574710461,0.8000000231099227,0.0044436349021732,0.8100383713742552,0.5980383979652241,0.0059553889378037,0.6018701093251222,0.5833749327917843,0.0053495108903592,0.5809290885978003,3.7863355014113687,0.8360647611377817,0.0,540487.3779649448,248889.0,10.09693193743339,11.01665459196464,2.2500682794925595,0.506030386446632,0.4370215319556801,,,,,,,
k-SemStamp,kmeans,fixed_diverse,best-of-n,semspan-spacy-max15-win5,,,semspan,spacy,15.0,5.0,64.0,attack,direct,dipper-lex20-order80,dipper,lex20-order80,,,,,,,,20.0,80.0,1024,3,c4-val-def-256|c4-val-def-256b|c4-val-def-512,1.585187847802434,2.401922307076307,3.57957166897568,0.9834446907043456,0.9599609375,0.9287109375,0.8388671875,0.0712890625,5.426705061845791,6.431258965875568,1.0045539040297775,,,,,,,,,,0.0703125,0.0703125,0.0673828125,0.06640625,0.0595703125,0.0556640625,0.048828125,0.0361328125,0.025390625,0.0185546875,0.009765625,0.048828125,0.1591796875,0.1591796875,0.15625,0.154296875,0.1435546875,0.1337890625,0.111328125,0.0869140625,0.0625,0.0361328125,0.0205078125,0.111328125,0.1611328125,0.7626953125,3.5192894139855606,0.6075378726041767,0.4640396210163652,0.6059819132406153,0.0065551229490909,0.6105263157894737,0.0786632286498437,0.0069128714133649,0.0555555555555555,57.3828125,1.1612405752635118,58.0,0.1764077348911419,0.0073314843590831,0.1510379812819668,0.067488897485297,0.0061433514151331,0.0476190476190476,0.2261604949968831,0.0044768960010948,0.2170183376994522,0.4407409477702616,0.0059529694304845,0.4351250601250601,0.044634232822927,0.0055650618446088,0.0,0.9318986223079264,0.0011216761428634,0.934615820646286,0.937645653844811,0.0011010819195259,0.9399297535419464,0.92636996274814,0.0013081080779989,0.9293662905693054,0.900182062715585,0.0067995595583064,0.9309643958508552,0.956132365448866,0.0018319025222495,0.9626480638980864,9.629949023625471,0.2632280212092465,10.122748851776125,0.8670735677083333,0.0064442594992012,0.8833333333333333,0.8782552083333335,0.0072270068253643,0.9333333333333332,0.0240885416666666,0.0059954938862487,0.0,0.8118489583333334,0.0108663025820403,0.8666666666666667,0.1977213541666666,0.0099825408685858,0.2,,,,,,,,,,,,,,,,0.1323700101860826,0.0071137900990481,0.1025115594787725,0.0692369854813034,0.0068687612870542,0.0344832648267762,0.0473254146070552,0.0065124809912638,0.0122200099552016,0.7738395050031168,0.0044768960010948,0.7829816623005477,0.5362418464828369,0.0059139877354765,0.5405405405405406,0.452814431188156,0.0046491870783698,0.4482758620689655,3.706350937927087,0.7904584658988151,0.0,569580.5619263289,251484.0,10.08100519680275,11.029969118908513,2.1299796935208013,0.4686825366681092,0.3773885349578383,,,,,,,
k-SemStamp,kmeans,fixed_diverse,best-of-n,semspan-spacy-max15-win5,,,semspan,spacy,15.0,5.0,64.0,attack,direct,dipper-lex40-order20,dipper,lex40-order20,,,,,,,,40.0,20.0,1024,3,c4-val-def-256|c4-val-def-256b|c4-val-def-512,1.585187847802434,2.401922307076307,3.57957166897568,0.9820613861083984,0.955078125,0.904296875,0.7939453125,0.095703125,5.131096866873621,6.431258965875568,1.3001620990019478,,,,,,,,,,0.0947265625,0.09375,0.09375,0.09375,0.08984375,0.0849609375,0.0673828125,0.060546875,0.044921875,0.0244140625,0.0078125,0.0673828125,0.2041015625,0.203125,0.201171875,0.19921875,0.1884765625,0.1728515625,0.1318359375,0.11328125,0.083984375,0.04296875,0.01171875,0.1318359375,0.2060546875,0.7021484375,3.208654234149423,0.6120456671430107,0.4464285714285714,0.5367150659902167,0.006548063400806,0.53125,0.0977555334091263,0.0074486652607176,0.0769230769230769,50.6337890625,1.034007397470278,52.0,0.049188959507081,0.0031353286098813,0.0403883495145631,0.0773199312378797,0.0058934879365317,0.0588235294117647,0.2688678836363898,0.0042480845918723,0.2622586520947176,0.5068394731089397,0.005993965875722,0.5091341341341342,0.0422642143665464,0.0049944986537433,0.0,0.9318894537282176,0.001180362691878,0.9341825544834136,0.9380747338291258,0.0011863683807422,0.9405326247215272,0.9259029618115164,0.0013162837107784,0.9284133911132812,0.9037909051992395,0.0068112896228107,0.9311135716545396,0.9556416712584904,0.0020165684919942,0.9623716175556184,9.00911694596954,0.2609279019663603,9.56518840789795,0.8531087239583333,0.0065544637856529,0.8666666666666667,0.8695963541666668,0.0072495360448026,0.8666666666666667,0.0232421874999999,0.005639162632259,0.0,0.776953125,0.0110614762302037,0.8000000000000002,0.2108723958333333,0.0107180389323403,0.2,,,,,,,,,,,,,,,,0.1295058465901683,0.0073043894254859,0.0999999999999999,0.0656916996099874,0.007038166689377,0.032200460829493,0.0443553774819685,0.0066996998433299,0.0114068441064638,0.7311321163636102,0.0042480845918723,0.7377413479052823,0.4720110410267223,0.0058531643901567,0.4698109558574675,0.5860751969763818,0.0051714572799296,0.5833333333333334,3.090790185961592,0.7519849164444242,0.0,549211.9431949037,249842.0,9.99183123819811,10.947111187865245,2.21363351088608,0.4721463430197067,0.314162948427121,,,,,,,
k-SemStamp,kmeans,fixed_diverse,best-of-n,semspan-spacy-max15-win5,,,semspan,spacy,15.0,5.0,64.0,attack,direct,dipper-lex80-order20,dipper,lex80-order20,,,,,,,,80.0,20.0,1024,3,c4-val-def-256|c4-val-def-256b|c4-val-def-512,1.585187847802434,2.401922307076307,3.57957166897568,0.9385547637939452,0.84765625,0.74609375,0.5517578125,0.25390625,3.8523919073131383,6.431258965875568,2.57886705856243,,,,,,,,,,0.212890625,0.1962890625,0.181640625,0.138671875,0.0966796875,0.0673828125,0.0380859375,0.02734375,0.0107421875,0.005859375,0.0,0.0380859375,0.39453125,0.3623046875,0.33203125,0.255859375,0.1904296875,0.1328125,0.072265625,0.046875,0.015625,0.005859375,0.0,0.072265625,0.4482421875,0.232421875,2.4718662192354723,0.5317760513988895,0.4338578527330221,0.2906831118745221,0.0063469448347866,0.2875,0.1513717534572709,0.0099919300831055,0.125,27.4765625,0.7369887491885917,27.0,0.132328325847352,0.0064651066111423,0.1126760563380281,0.130205148524674,0.0085638466470953,0.1,0.456732887711038,0.006007872980542,0.4391845627139745,0.7694689246876181,0.0057087757085505,0.7709588353413654,0.0775059201903668,0.0077119979608434,0.0,0.8860661875223741,0.0016679383752883,0.8905045092105865,0.8909072530223057,0.0017628324124591,0.8968530595302582,0.8814581434126012,0.0017272811914813,0.8848719000816345,0.90191931247889,0.006042709926168,0.9230769230769232,0.8765077966090757,0.0051899059128356,0.9007525742053986,12.037773720363049,0.5890975798096033,12.513299942016602,0.6994140625,0.0084445706655767,0.7166666666666667,0.7267578125,0.0107479281666858,0.7333333333333334,0.0643229166666666,0.0081087101846231,0.0,0.5665364583333334,0.0124237590361743,0.5333333333333333,0.4313151041666667,0.01115518812243,0.4000000000000001,,,,,,,,,,,,,,,,0.1311717447251801,0.0064853142071265,0.1072730647363746,0.0571431712840953,0.0061745446502107,0.0309079329697886,0.0357467523995332,0.0058244441607276,0.0111525704809286,0.543267112288962,0.006007872980542,0.5608154372860255,0.2224223118457128,0.0055399354332485,0.2202643171806167,0.3622870346194727,0.0058961789136704,0.361471101343544,2.454572016994594,0.6413885382370872,0.0,620310.5530903395,249316.0,9.86310125752098,10.949957898655244,2.0465601397282525,0.386917878901007,0.1171642958409818,,,,,,,
k-SemStamp,kmeans,fixed_diverse,best-of-n,semspan-spacy-max15-win5,,,semspan,spacy,15.0,5.0,64.0,attack,direct,merge_adjacent-ratio=0.2,other,merge_adjacent-ratio=0.2,,,,,,,,,,1024,3,c4-val-def-256|c4-val-def-256b|c4-val-def-512,1.585187847802434,2.401922307076307,3.57957166897568,0.9928903579711914,0.9833984375,0.966796875,0.92578125,0.033203125,6.269614252586575,6.431258965875568,0.1616447132889939,,,,,,,,,,,,,,,,,,,,,,,,,,,,,,,,,,,,3.869225007434695,0.6583214212276676,0.3929288250733364,1.0,0.0,1.0,0.1558967494272148,0.0061180940624495,0.1558704453441295,94.9150390625,1.6533464178778834,99.0,0.0,0.0,0.0,0.0875133029947058,0.0039678028579125,0.0833333333333333,0.0,0.0,0.0,0.0,0.0,0.0,0.0,0.0,0.0,,,,,,,,,,0.910261816175694,0.007249597447341,0.9454899186416696,,,,,,,,,,,,,,,,,,,,,,,,,,,,,,,,,,,,,,,,,,,,,,1.0,0.0,1.0,1.0,0.0,1.0,1.0,0.0,1.0,3.721772418391072,0.7432328122103455,0.0,,0.0,,,,,0.9617373109986032,,,,,,,
k-SemStamp,kmeans,fixed_diverse,best-of-n,semspan-spacy-max15-win5,,,semspan,spacy,15.0,5.0,64.0,attack,direct,merge_adjacent-ratio=0.5,other,merge_adjacent-ratio=0.5,,,,,,,,,,1024,3,c4-val-def-256|c4-val-def-256b|c4-val-def-512,1.585187847802434,2.401922307076307,3.57957166897568,0.992131233215332,0.984375,0.9658203125,0.916015625,0.0341796875,6.120112119812736,6.431258965875568,0.3111468460628317,,,,,,,,,,,,,,,,,,,,,,,,,,,,,,,,,,,,3.747316595586973,0.6436959646945608,0.3929288250733364,1.0,0.0,1.0,0.3167329489036695,0.0066196917123046,0.3333333333333333,94.9150390625,1.6533464178778834,99.0,0.0,0.0,0.0,0.1922824413337556,0.0050147344377265,0.1999999999999999,0.0,0.0,0.0,0.0,0.0,0.0,0.0,0.0,0.0,,,,,,,,,,0.9112687798458344,0.0071666082458428,0.9464285714285714,,,,,,,,,,,,,,,,,,,,,,,,,,,,,,,,,,,,,,,,,,,,,,1.0,0.0,1.0,1.0,0.0,1.0,1.0,0.0,1.0,2.502689797509302,0.6343123645976739,0.0,,0.0,,,,,0.9241708866381396,,,,,,,
k-SemStamp,kmeans,fixed_diverse,best-of-n,semspan-spacy-max15-win5,,,semspan,spacy,15.0,5.0,64.0,attack,direct,merge_adjacent-ratio=1.0,other,merge_adjacent-ratio=1.0,,,,,,,,,,1024,3,c4-val-def-256|c4-val-def-256b|c4-val-def-512,1.585187847802434,2.401922307076307,3.57957166897568,0.9919285774230956,0.98046875,0.9619140625,0.9091796875,0.0380859375,5.979120608900264,6.431258965875568,0.4521383569753042,,,,,,,,,,,,,,,,,,,,,,,,,,,,,,,,,,,,3.899399160801381,0.6712424519176103,0.3929288250733364,1.0,0.0,1.0,0.4810674369322514,0.0059057774730828,0.5,94.9150390625,1.6533464178778834,99.0,0.0,0.0,0.0,0.3200724037561302,0.005080245164229,0.3333333333333333,0.0,0.0,0.0,0.0,0.0,0.0,0.0,0.0,0.0,,,,,,,,,,0.9103737327089618,0.0072737232218389,0.946644237405107,,,,,,,,,,,,,,,,,,,,,,,,,,,,,,,,,,,,,,,,,,,,,,1.0,0.0,1.0,1.0,0.0,1.0,1.0,0.0,1.0,2.3150987610211,0.6546800697046898,0.0,,0.0,,,,,0.8852959421421314,,,,,,,
k-SemStamp,kmeans,fixed_diverse,best-of-n,semspan-spacy-max15-win5,,,semspan,spacy,15.0,5.0,64.0,attack,direct,oracle-Qwen2.5-3B-Instruct-standard-K16,oracle,K16-detector-aware,16.0,detector,detector,Qwen2.5-3B-Instruct,detector,,,,,1024,3,c4-val-def-256|c4-val-def-256b|c4-val-def-512,1.585187847802434,2.401922307076307,3.57957166897568,0.8075833320617676,0.5380859375,0.3740234375,0.158203125,0.6259765625,1.8806098027592124,6.431258965875568,4.550649163116356,,,,,,,,,,0.625,0.6220703125,0.6201171875,0.609375,0.59765625,0.5810546875,0.5283203125,0.4658203125,0.3662109375,0.2236328125,0.099609375,0.5283203125,0.8408203125,0.8369140625,0.8349609375,0.822265625,0.80859375,0.7900390625,0.7236328125,0.640625,0.5048828125,0.30859375,0.1279296875,0.7236328125,0.841796875,0.86328125,2.7174339314523586,0.6265132913113053,0.0,0.5123196567339411,0.0078611234090236,0.5,0.1191467616673861,0.0074740182991013,0.1,48.02734375,1.066844237888949,47.0,0.0605326202881188,0.0037161800264391,0.0460654288240495,0.1099852258501768,0.0061199645345289,0.0913140311804008,0.337344377975454,0.0056651115952127,0.331234385120755,0.6219008200158064,0.0073215355368254,0.6297186609686609,0.0853021869049389,0.0068261850896271,0.0714285714285714,0.9209001089329832,0.0015097980442213,0.9226433038711548,0.9202935762004928,0.0016478260774446,0.9249462485313416,0.9216878343722784,0.0015529489183914,0.922543317079544,0.9312303207019936,0.0070405280762455,0.9653655750190404,0.9654102227650584,0.0012004200122075,0.969412237405777,9.925773945971423,0.293113375729178,10.99683666229248,0.8986653645833333,0.0056708344816768,0.9166666666666666,0.9434244791666666,0.0050701615389489,1.0,0.0169921875,0.0041583744104424,0.0,0.9038411458333334,0.0080984953802564,0.9333333333333332,0.2356119791666666,0.0128699400682514,0.2,,,,,,,,,,,,,,,,0.1072848187783182,0.0079003040716199,0.0669218159997658,0.0570388348161659,0.0074980844416422,0.0188679245283018,0.0409981867131763,0.007142962094568,0.0043198357902593,0.6626556220245459,0.0056651115952127,0.6687656148792449,0.379927797908735,0.007235758740076,0.3705800248138957,0.5150889758121475,0.007272539608565,0.5155708863214474,3.4365697620279154,0.857384919619331,0.0,650819.9004058838,283565.0,10.305647793546957,11.111571355406925,2.151936055246291,0.199024557378926,0.2472735979634643,,,,,,,
k-SemStamp,kmeans,fixed_diverse,best-of-n,semspan-spacy-max15-win5,,,semspan,spacy,15.0,5.0,64.0,attack,direct,oracle-Qwen2.5-3B-Instruct-standard-K32,oracle,K32-detector-aware,32.0,detector,detector,Qwen2.5-3B-Instruct,detector,,,,,1024,3,c4-val-def-256|c4-val-def-256b|c4-val-def-512,1.585187847802434,2.401922307076307,3.57957166897568,0.7309775352478027,0.375,0.244140625,0.09375,0.755859375,1.202190339402338,6.431258965875568,5.229068626473231,,,,,,,,,,0.75390625,0.748046875,0.7421875,0.7275390625,0.705078125,0.6748046875,0.59375,0.5078125,0.392578125,0.216796875,0.10546875,0.59375,0.904296875,0.8984375,0.892578125,0.876953125,0.8515625,0.818359375,0.7275390625,0.6298828125,0.4814453125,0.267578125,0.125,0.7275390625,0.90625,0.8115234375,2.99592732301791,0.6652364465341363,0.0,0.5020113698993157,0.0080392774338428,0.4867256637168141,0.1198229993433286,0.0073483238533753,0.1,46.9638671875,1.04036176227468,46.0,0.0645390316857494,0.0037032885910338,0.0507399577167019,0.1118304098794343,0.0061085549424206,0.1,0.3491626541847018,0.0057015937842457,0.3457874179823413,0.6373812970369046,0.0074913115236371,0.6491687333517039,0.087732401068512,0.0069863648097088,0.0714285714285714,0.917815466003958,0.0015297597844258,0.9190844297409058,0.9157498957938516,0.0017135738359003,0.9190848469734192,0.9200841918354854,0.0015353568286257,0.9205332696437836,0.9253172321546732,0.0074075066679607,0.9632116004296456,0.9637367189279756,0.0012681606763058,0.967979222536087,9.92991810473653,0.2965779906750136,11.31042766571045,0.8826660156249999,0.0061025458732389,0.9,0.9356119791666668,0.0055150583636219,1.0,0.0191406249999999,0.0048529299661119,0.0,0.8934244791666667,0.0088829750972497,0.9333333333333332,0.2792317708333333,0.0140716704892679,0.2666666666666666,,,,,,,,,,,,,,,,0.1121534192704273,0.0080692351411164,0.0694444444444444,0.0593419679451774,0.0075848627046275,0.0191266492695656,0.0422085818777636,0.0072318996043373,0.0045146956911662,0.6508373458152982,0.0057015937842457,0.6542125820176586,0.3675552137428762,0.0070150182255942,0.3516222235598628,0.4994277449056554,0.0074525148184113,0.4919074171094978,3.399902709953279,0.8221638183881385,0.0,686471.1212971654,299044.0,10.324644790831607,11.159511562803406,2.1517340613378906,0.1694984477576505,0.2297209064686039,,,,,,,
k-SemStamp,kmeans,fixed_diverse,best-of-n,semspan-spacy-max15-win5,,,semspan,spacy,15.0,5.0,64.0,attack,direct,oracle-Qwen2.5-3B-Instruct-standard-K4,oracle,K4-detector-aware,4.0,detector,detector,Qwen2.5-3B-Instruct,detector,,,,,1024,3,c4-val-def-256|c4-val-def-256b|c4-val-def-512,1.585187847802434,2.401922307076307,3.57957166897568,0.9304285049438475,0.826171875,0.7041015625,0.4677734375,0.2958984375,3.450516355893936,6.431258965875568,2.980742609981632,,,,,,,,,,0.294921875,0.294921875,0.294921875,0.2919921875,0.287109375,0.27734375,0.2568359375,0.236328125,0.1943359375,0.134765625,0.0625,0.2568359375,0.5302734375,0.5302734375,0.5302734375,0.5263671875,0.5185546875,0.505859375,0.470703125,0.44140625,0.3681640625,0.25,0.1201171875,0.470703125,0.5322265625,0.90234375,2.2229395286667724,0.605051057877288,0.0,0.5279802535492014,0.0082426070158843,0.5258620689655172,0.1108248073173497,0.0072462371036658,0.0909090909090909,49.5908203125,1.1200199112123206,48.5,0.0531426912819054,0.0032529759774923,0.0389465928954249,0.1016080167511434,0.0055396324053814,0.0871369294605809,0.3157860101474779,0.0055812473141271,0.3090518923136949,0.5819939470032951,0.0077553748420608,0.5879320800485143,0.0793539314786203,0.0065308591444,0.0,0.9276724717929028,0.0014715200416309,0.9290249347686768,0.9306663129245862,0.0014961601485125,0.9331103563308716,0.9248396336915904,0.0015928323148512,0.9259770214557648,0.9396008976021116,0.0066258212741159,0.9669269567331064,0.9671416216879152,0.0011791818586154,0.9711944162845612,9.747299805833835,0.2587040682274242,10.593134880065918,0.9211588541666668,0.0052155895173353,0.9499999999999998,0.948046875,0.0048098702697436,1.0,0.0139973958333333,0.0039392414445879,0.0,0.9185546875,0.0077100114297496,1.0,0.16796875,0.0112227516900316,0.1333333333333333,,,,,,,,,,,,,,,,0.0958765538860664,0.0072481662030751,0.0656054180644344,0.0480014439603043,0.0069180451168954,0.0178573706297274,0.0329432774989104,0.0066291628990525,0.0043384152079803,0.684213989852522,0.0055812473141271,0.6909481076863051,0.4112196603201785,0.0077427817172091,0.4041035353535354,0.5525653864776017,0.0074386966794106,0.5528291913862081,2.7865264241201047,0.791938915076738,0.0,591698.7003097534,259860.0,10.29780363939794,11.091858893207723,2.3153299765154607,0.3405211769136423,0.2658979321697976,,,,,,,
k-SemStamp,kmeans,fixed_diverse,best-of-n,semspan-spacy-max15-win5,,,semspan,spacy,15.0,5.0,64.0,attack,direct,oracle-Qwen2.5-3B-Instruct-standard-K64,oracle,K64-detector-aware,64.0,detector,detector,Qwen2.5-3B-Instruct,detector,,,,,1024,3,c4-val-def-256|c4-val-def-256b|c4-val-def-512,1.585187847802434,2.401922307076307,3.57957166897568,0.6451048851013184,0.259765625,0.1455078125,0.0498046875,0.8544921875,0.6477750549424233,6.431258965875568,5.783483910933145,,,,,,,,,,0.8505859375,0.84375,0.83984375,0.8193359375,0.78515625,0.748046875,0.650390625,0.5380859375,0.3974609375,0.236328125,0.109375,0.650390625,0.9462890625,0.939453125,0.935546875,0.9130859375,0.876953125,0.837890625,0.7314453125,0.609375,0.45703125,0.2666015625,0.1240234375,0.7314453125,0.9501953125,0.775390625,3.445170345339851,0.6953162047224893,0.0,0.5017564550818711,0.0079367590771535,0.4916666666666666,0.1112019926567757,0.0071055082953763,0.0909090909090909,47.0771484375,1.0608939867326244,46.0,0.0648611164664103,0.0038692867265877,0.048274739266145,0.1046421284454085,0.0053530412547406,0.0909090909090909,0.3533649986389141,0.0059534960290885,0.3463167343017154,0.6451019243630607,0.0076603275294324,0.650357850959911,0.0854420186916423,0.006308235432279,0.0769230769230769,0.9165153445210308,0.0016108052001552,0.917779177427292,0.9129602828179486,0.0018294783042546,0.9175118505954742,0.9202926315483636,0.0015647553084223,0.9201895892620088,0.9168905130298376,0.0079132654576953,0.96,0.9636408669757656,0.001221312968037,0.9681948125362396,9.639164464792549,0.3147315416513781,11.175297260284424,0.8721842447916668,0.0064790533785478,0.8833333333333334,0.9337890625,0.0054751439079653,1.0,0.0166015625,0.0044999352159585,0.0,0.8861328125,0.0092219443882297,0.9333333333333332,0.3145833333333334,0.0149511235536859,0.3333333333333333,,,,,,,,,,,,,,,,0.1229134194814559,0.0085693433369286,0.0762066592101867,0.0663799799246137,0.0079955049720123,0.0214285714285714,0.0479689020993467,0.0075378551886035,0.0067340830763649,0.6466350013610859,0.0059534960290885,0.6536832656982845,0.3648368848176623,0.0072773216482125,0.3543215314868858,0.492209914808466,0.0077775245195579,0.4896236975802979,3.708837398268393,0.8314842314403265,0.0,716409.2645874023,316179.0,10.328244150236836,11.186788631963886,2.0416514020343284,0.1671552027659103,0.2206657107193809,,,,,,,
k-SemStamp,kmeans,fixed_diverse,best-of-n,semspan-spacy-max15-win5,,,semspan,spacy,15.0,5.0,64.0,attack,direct,oracle-Qwen2.5-3B-Instruct-standard-K8,oracle,K8-detector-aware,8.0,detector,detector,Qwen2.5-3B-Instruct,detector,,,,,1024,3,c4-val-def-256|c4-val-def-256b|c4-val-def-512,1.585187847802434,2.401922307076307,3.57957166897568,0.8758378028869629,0.6904296875,0.51953125,0.2958984375,0.48046875,2.6129662494672767,6.431258965875568,3.818292716408292,,,,,,,,,,0.478515625,0.4775390625,0.4775390625,0.4716796875,0.4619140625,0.447265625,0.404296875,0.361328125,0.2802734375,0.1806640625,0.0947265625,0.404296875,0.7021484375,0.701171875,0.701171875,0.6953125,0.6845703125,0.666015625,0.6103515625,0.5517578125,0.4404296875,0.2822265625,0.142578125,0.6103515625,0.7041015625,0.876953125,2.5375395714539235,0.6606147779632222,0.0,0.5167996848566628,0.0080359929387152,0.5119047619047619,0.1109616622529778,0.0071300421107974,0.0909090909090909,48.599609375,1.096105988294956,48.0,0.0566562317349068,0.0035377609342662,0.0435835351089588,0.1041180029652641,0.0061423234361363,0.0909090909090909,0.3276811915611947,0.0058249482308018,0.3210246883069292,0.6034737217521462,0.0075633990113634,0.6127016129032259,0.083707752412554,0.0069405813531658,0.0625,0.9244861446204596,0.0015085098515883,0.9267494380474092,0.9261922083678656,0.0015658631596927,0.9287279546260834,0.9229719169670716,0.0016335644965107,0.9252605438232422,0.9350978481842924,0.0071780802583956,0.9649122807017544,0.966206384007819,0.0012062657280173,0.9699718356132508,9.816522367476544,0.2862406132972104,10.942980766296388,0.909326171875,0.0055040786233853,0.9333333333333332,0.9424479166666668,0.0054240422966824,1.0,0.0147135416666666,0.0041967871024034,0.0,0.9119791666666668,0.0082090301978377,1.0,0.2024088541666666,0.0122206912690626,0.1333333333333333,,,,,,,,,,,,,,,,0.10098352276737,0.007719757411054,0.0671259515735053,0.0516432480025735,0.0074217909652335,0.0175406809790783,0.0364082007398184,0.0071558968423994,0.0042918454935622,0.6723188084388053,0.0058249482308018,0.6789753116930708,0.3938888269092836,0.0074900315695434,0.3860081045951525,0.5321963397753212,0.0074252256792719,0.5330234912702089,3.2018977829071584,0.8599854421536952,0.0,618559.5834579468,270815.0,10.293719191897807,11.094959835531768,2.3056752996816905,0.2691139373529629,0.2574366286220374,,,,,,,
k-SemStamp,kmeans,fixed_diverse,best-of-n,semspan-spacy-max15-win5,,,semspan,spacy,15.0,5.0,64.0,attack,direct,parrot,parrot,default,,,,,,,,,,1024,3,c4-val-def-256|c4-val-def-256b|c4-val-def-512,1.585187847802434,2.401922307076307,3.57957166897568,0.9881186485290528,0.9736328125,0.9443359375,0.880859375,0.0556640625,5.693041511623827,6.431258965875568,0.7382174542517416,,,,,,,,,,0.0556640625,0.0556640625,0.0556640625,0.0556640625,0.052734375,0.05078125,0.0458984375,0.041015625,0.033203125,0.0185546875,0.0068359375,0.0458984375,0.119140625,0.119140625,0.119140625,0.119140625,0.115234375,0.1103515625,0.0947265625,0.0859375,0.0634765625,0.037109375,0.0126953125,0.0947265625,0.119140625,0.8037109375,3.3339734261827254,0.632469761185724,0.0,0.7341370068370165,0.0050668843489299,0.7391304347826086,0.0210148550970822,0.0033596818385229,0.0,70.0390625,1.3535194621301931,73.0,0.0091836360905256,0.0011758318128965,0.002200488997555,0.0272942999825841,0.0029685053505907,0.0,0.1594603175940463,0.0033004107123276,0.1526598754951896,0.3390575849762,0.0052165792942583,0.3326055312954876,0.0301063578366837,0.0039608572056947,0.0,0.924421187955886,0.0013746376939933,0.928086757659912,0.9293751171207988,0.0012971144914158,0.9327895939350128,0.9196281885961072,0.0015426344049487,0.9233373403549194,0.914535161155052,0.0068557284516454,0.9457673453996984,0.9706219402723946,0.0010432792996684,0.9749478995800018,13.875853197098431,0.4925087965090254,14.550121784210203,0.87412109375,0.005245217449422,0.8833333333333333,0.8717447916666667,0.006156482418901,0.8666666666666667,0.0154296875,0.0044279272031257,0.0,0.7494140624999999,0.0099625692301543,0.7333333333333334,0.1092447916666666,0.0085763164311469,0.0666666666666666,,,,,,,,,,,,,,,,0.1111956583413648,0.00724313880064,0.0775527933707564,0.0588223886055518,0.007044282480854,0.0223880597014924,0.042074256525184,0.0067830795898054,0.0072595520421607,0.8405396824059537,0.0033004107123276,0.8473401245048104,0.645170933020942,0.0052459062985625,0.6519469238337514,0.7420640841666666,0.0039823719138398,0.745701462345653,3.917037859693938,0.7842751851304955,0.0,645870.1912933349,245564.0,10.146683405421014,11.031662251623365,1.668316254424731,0.0984703634980504,0.3684446684419817,,,,,,,
k-SemStamp,kmeans,fixed_diverse,best-of-n,semspan-spacy-max15-win5,,,semspan,spacy,15.0,5.0,64.0,attack,direct,parrot-bigram-threshold=0.03,parrot,bigram-0.03,,,,,,,,,,1024,3,c4-val-def-256|c4-val-def-256b|c4-val-def-512,1.585187847802434,2.401922307076307,3.57957166897568,0.989304542541504,0.974609375,0.9443359375,0.8896484375,0.0556640625,5.81000585589784,6.431258965875568,0.6212531099777288,,,,,,,,,,0.0556640625,0.0556640625,0.0556640625,0.0556640625,0.0546875,0.0517578125,0.046875,0.044921875,0.0302734375,0.017578125,0.009765625,0.046875,0.1103515625,0.1103515625,0.1103515625,0.1103515625,0.109375,0.10546875,0.09765625,0.0849609375,0.0634765625,0.033203125,0.013671875,0.09765625,0.1103515625,0.904296875,3.3877438864534497,0.6271208004214737,0.0,0.7737583459964165,0.0042159847183648,0.7790697674418605,0.0197128447992626,0.0033342992938232,0.0,73.685546875,1.380364655047951,76.0,0.0061286263926449,0.0007535633270823,0.0,0.0255434017591448,0.0028672775102438,0.0,0.1310659836686991,0.0027342191521788,0.125,0.2929909491724233,0.0041679913413389,0.2909944515578318,0.028279574002402,0.0037834461248839,0.0,0.9326829272904432,0.0013298800007247,0.9368412494659424,0.93746495351661,0.0012682812339821,0.9415958821773528,0.928024733089842,0.0014658246014578,0.9324178695678712,0.9153736255124184,0.0068395069906703,0.9487179487179488,0.9767079973826184,0.0008361516163149,0.9797173142433168,13.017072063780375,0.4789768614531468,13.573980331420898,0.906494140625,0.0045750424756626,0.9166666666666666,0.9024739583333334,0.0058104572777721,0.9333333333333332,0.0104166666666666,0.0035120172694849,0.0,0.7905598958333333,0.0096485536319695,0.8000000000000002,0.056640625,0.0065334047209719,0.0,,,,,,,,,,,,,,,,0.1108799735263481,0.007270735745411,0.0767890645939426,0.0598561340829696,0.0070774965904493,0.0228572257858531,0.0430483028361666,0.0068101665283429,0.0073260073260073,0.8689340163313009,0.0027342191521788,0.875,0.6973844296982763,0.0042794034682063,0.7034190531852718,0.8011652458240024,0.0033059463052006,0.8055237732011187,3.981634985573496,0.790209104532788,0.0,632208.8426258888,246354.0,10.19759089007421,11.056452887287811,1.794580387655535,0.1471136523919276,0.3939145699334959,,,,,,,
k-SemStamp,kmeans,fixed_diverse,best-of-n,semspan-spacy-max15-win5,,,semspan,spacy,15.0,5.0,64.0,attack,direct,pegasus,pegasus,default,,,,,,,,,,1024,3,c4-val-def-256|c4-val-def-256b|c4-val-def-512,1.585187847802434,2.401922307076307,3.57957166897568,0.9819974899291992,0.962890625,0.9287109375,0.8505859375,0.0712890625,5.44450118557336,6.431258965875568,0.986757780302208,,,,,,,,,,0.0673828125,0.0673828125,0.0654296875,0.0634765625,0.0556640625,0.046875,0.0380859375,0.0341796875,0.0185546875,0.01171875,0.001953125,0.0380859375,0.1455078125,0.1435546875,0.1396484375,0.13671875,0.125,0.109375,0.083984375,0.0693359375,0.0361328125,0.0224609375,0.0048828125,0.083984375,0.1494140625,0.6728515625,5.912522409935688,0.8097466272238115,0.512833999579213,0.6187120537385722,0.0057467584920239,0.6238532110091743,0.0089567303294652,0.0022251571603346,0.0,59.1376953125,1.1871911041581211,61.0,0.0098571355059539,0.001014662160002,0.0006377551020408,0.0191879236561175,0.0024973704805917,0.0,0.2237572901557264,0.0055462112218606,0.2043956043956044,0.3241480999070201,0.0055467154873608,0.3181818181818182,0.0270343060870003,0.0037699639959026,0.0,0.9220568780438044,0.0020729664645474,0.9297445118427276,0.9322381318197586,0.0030133879194482,0.94603630900383,0.9130959335598164,0.0015195542840017,0.9159486889839172,0.8843863702080934,0.0083694600841702,0.932642487046632,0.9516936970176176,0.0020485595088665,0.9597391188144684,8.185819906371425,0.3878462636160026,10.314831733703612,0.83603515625,0.0065125588969228,0.85,0.7973958333333335,0.0071695636006108,0.8000000000000002,0.0288411458333333,0.006359185965683,0.0,0.7044921875000001,0.0108630683949778,0.6666666666666666,0.12890625,0.0104492383459184,0.0666666666666666,,,,,,,,,,,,,,,,0.1644096059724069,0.0110027604285117,0.0958904109589041,0.1095260324266869,0.0113242690157195,0.032119302899672,0.0913119687007068,0.0113024051794372,0.0116279069767442,0.7762427098442737,0.0055462112218606,0.7956043956043957,0.5903853489238869,0.0062384413399366,0.5995005559731393,0.6640553625967529,0.0058219633321981,0.6704099793671545,4.40338390141413,0.8266789851374583,0.0,495374.5910471384,235623.0,9.413297296529,10.279970798472949,2.019265395147924,0.5106766804397673,0.3939968197176364,,,,,,,
k-SemStamp,kmeans,fixed_diverse,best-of-n,semspan-spacy-max15-win5,,,semspan,spacy,15.0,5.0,64.0,attack,direct,pegasus-bigram-threshold=0.03,pegasus,bigram-0.03,,,,,,,,,,1024,3,c4-val-def-256|c4-val-def-256b|c4-val-def-512,1.585187847802434,2.401922307076307,3.57957166897568,0.9871082305908204,0.966796875,0.9296875,0.857421875,0.0703125,5.438213184366122,6.431258965875568,0.9930457815094462,,,,,,,,,,0.0703125,0.0693359375,0.0673828125,0.0654296875,0.0634765625,0.0595703125,0.046875,0.0419921875,0.0205078125,0.0068359375,0.00390625,0.046875,0.142578125,0.1416015625,0.1396484375,0.1357421875,0.1318359375,0.1220703125,0.09765625,0.078125,0.04296875,0.01171875,0.005859375,0.09765625,0.142578125,0.7255859375,4.298532204902044,0.7091856792592703,0.0,0.5758029643242872,0.0051679860491519,0.5789473684210527,0.0138180281413102,0.0029379261639488,0.0,54.8232421875,1.0734901203872362,56.0,0.016299708783243,0.0013147673048473,0.0093514130963507,0.0236739026569208,0.0029553786397238,0.0,0.2375327357735345,0.0040835269469041,0.227531217254628,0.4455165400565908,0.005093904186712,0.4432125307125307,0.0305461729143191,0.0040864940202272,0.0,0.9260258636786602,0.0013674546779749,0.9295340478420258,0.9382101902738214,0.0017583115378584,0.9432564973831176,0.9144963813014328,0.0012815193778123,0.916846126317978,0.9037876665929108,0.0075565305226611,0.942418213969938,0.9566558026126586,0.0015609708836141,0.9630452692508698,10.550342136504712,0.3605064057599373,11.828362464904783,0.846875,0.0061198085936078,0.8666666666666666,0.8093098958333335,0.0070159246253328,0.8000000000000002,0.0289713541666666,0.0067216999650181,0.0,0.7135416666666667,0.0105335318479099,0.7333333333333334,0.1063802083333333,0.0091355566092502,0.0666666666666666,,,,,,,,,,,,,,,,0.1312181185219757,0.0086998860359747,0.0868572563033552,0.0758352538989092,0.0087600183109476,0.0237531031369894,0.0587798577053151,0.0085947754995341,0.0060975609756097,0.7624672642264656,0.0040835269469041,0.772468782745372,0.5010079101914959,0.0050031818193995,0.5034642032332564,0.6140871237285406,0.0047039989357834,0.6164231692130122,4.155991057934905,0.8035209395786933,0.0,515720.63869972434,218882.0,9.827572652112636,10.751660593607571,2.042351278671661,0.5059805871488999,0.2765931979880959,,,,,,,
k-SemStamp,kmeans,fixed_diverse,best-of-n,semspan-spacy-max15-win5,,,semspan,spacy,15.0,5.0,64.0,attack,direct,split_midpoint-ratio=0.2,other,split_midpoint-ratio=0.2,,,,,,,,,,1024,3,c4-val-def-256|c4-val-def-256b|c4-val-def-512,1.585187847802434,2.401922307076307,3.57957166897568,0.9932856559753418,0.9833984375,0.96875,0.923828125,0.03125,6.372051496675403,6.431258965875568,0.0592074692001656,,,,,,,,,,,,,,,,,,,,,,,,,,,,,,,,,,,,3.9776731646671815,0.6864338014745001,0.390625,1.0,0.0,1.0,0.0,0.0,0.0,94.9150390625,1.6533464178778834,99.0,0.0,0.0,0.0,0.0722114199568916,0.0032576906128745,0.0666666666666666,0.0,0.0,0.0,0.0,0.0,0.0,0.1309236682313458,0.0054876450140436,0.125,,,,,,,,,,0.9105730995724686,0.0073866312600167,0.9471153846153846,,,,,,,,,,,,,,,,,,,,,,,,,,,,,,,,,,,,,,,,,,,,,,1.0,0.0,1.0,1.0,0.0,1.0,1.0,0.0,1.0,4.59009201758542,0.8402332956020695,0.0,,0.0,,,,,0.9674719267598404,,,,,,,
k-SemStamp,kmeans,fixed_diverse,best-of-n,semspan-spacy-max15-win5,,,semspan,spacy,15.0,5.0,64.0,attack,direct,split_midpoint-ratio=0.5,other,split_midpoint-ratio=0.5,,,,,,,,,,1024,3,c4-val-def-256|c4-val-def-256b|c4-val-def-512,1.585187847802434,2.401922307076307,3.57957166897568,0.9930944442749025,0.982421875,0.96484375,0.91796875,0.03515625,6.351931073787576,6.431258965875568,0.0793278920879931,,,,,,,,,,,,,,,,,,,,,,,,,,,,,,,,,,,,3.80574553446871,0.6746457362545009,0.0,1.0,0.0,1.0,0.0,0.0,0.0,94.9150390625,1.6533464178778834,99.0,0.0,0.0,0.0,0.1617760979074979,0.004381800833794,0.1612903225806452,0.0,0.0,0.0,0.0,0.0,0.0,0.2733637048751673,0.0062266849469619,0.2777777777777778,,,,,,,,,,0.9134210465308822,0.0073223110460439,0.9493379221839816,,,,,,,,,,,,,,,,,,,,,,,,,,,,,,,,,,,,,,,,,,,,,,1.0,0.0,1.0,1.0,0.0,1.0,1.0,0.0,1.0,4.270219830797966,0.8049540670672279,0.0,,0.0,,,,,0.9218740559534458,,,,,,,
k-SemStamp,kmeans,fixed_diverse,best-of-n,semspan-spacy-max15-win5,,,semspan,spacy,15.0,5.0,64.0,attack,direct,split_midpoint-ratio=1.0,other,split_midpoint-ratio=1.0,,,,,,,,,,1024,3,c4-val-def-256|c4-val-def-256b|c4-val-def-512,1.585187847802434,2.401922307076307,3.57957166897568,0.9919486045837402,0.9814453125,0.9560546875,0.9130859375,0.0439453125,6.33601948612913,6.431258965875568,0.095239479746439,,,,,,,,,,,,,,,,,,,,,,,,,,,,,,,,,,,,3.7960047996307456,0.6835104586091179,0.0,1.0,0.0,1.0,0.0,0.0,0.0,94.9150390625,1.6533464178778834,99.0,0.0,0.0,0.0,0.2838333894729295,0.0045525227675138,0.2941176470588236,0.0,0.0,0.0,0.0,0.0,0.0,0.4380712653998804,0.0052595845077168,0.4545454545454545,,,,,,,,,,0.9169469951814126,0.0073464980882128,0.9538492816481432,,,,,,,,,,,,,,,,,,,,,,,,,,,,,,,,,,,,,,,,,,,,,,1.0,0.0,1.0,1.0,0.0,1.0,1.0,0.0,1.0,4.550691347818223,0.8194447886315556,0.0,,0.0,,,,,0.8442735745615503,,,,,,,
k-SemStamp,kmeans,fixed_diverse,best-of-n,semspan-spacy-max15-win5,,,semspan,spacy,15.0,5.0,64.0,attack,direct,synonym_substitution-ratio=0.1,other,synonym_substitution-ratio=0.1,,,,,,,,,,1024,3,c4-val-def-256|c4-val-def-256b|c4-val-def-512,1.585187847802434,2.401922307076307,3.57957166897568,0.992156982421875,0.9833984375,0.95703125,0.90625,0.04296875,6.135093820983657,6.431258965875568,0.2961651448919115,,,,,,,,,,,,,,,,,,,,,,,,,,,,,,,,,,,,3.199736787084738,0.5818371882154543,0.0,0.929251273648536,0.0018644700166213,0.9305555555555556,0.0012768223757187,0.0007099022765377,0.0,88.16015625,1.5442789135677657,92.0,0.0003552990147785,0.0001158001071922,0.0,0.002537419256024,0.0009701209847515,0.0,0.0408268357268921,0.0009564578215769,0.0399203187250996,0.1152321241500489,0.0026044744394248,0.1116279069767441,0.0034332821262133,0.001476507924707,0.0,,,,,,,,,,0.9180920787678996,0.0067950828032619,0.950095785440613,,,,,,,,,,,,,,,,,,,,,,,,,,,,,,,,,,,,,,,,,,,,,,0.9591731642731078,0.0009564578215769,0.9600796812749004,0.920486975506522,0.0017819514251989,0.9215061820906708,0.9588250154484452,0.0009643849296798,0.9597541430812248,3.692530157961664,0.7443585726878604,0.0,,0.0,,,,,0.869210793607081,,,,,,,
k-SemStamp,kmeans,fixed_diverse,best-of-n,semspan-spacy-max15-win5,,,semspan,spacy,15.0,5.0,64.0,attack,direct,synonym_substitution-ratio=0.25,other,synonym_substitution-ratio=0.25,,,,,,,,,,1024,3,c4-val-def-256|c4-val-def-256b|c4-val-def-512,1.585187847802434,2.401922307076307,3.57957166897568,0.9887094497680664,0.9775390625,0.9384765625,0.8759765625,0.0615234375,5.7410921036082,6.431258965875568,0.690166862267368,,,,,,,,,,,,,,,,,,,,,,,,,,,,,,,,,,,,2.513808879872632,0.5047432349200519,0.0,0.8316799078366,0.0028413592590284,0.8313253012048193,0.0025658111647075,0.0010120308459278,0.0,78.7216796875,1.3748292785367715,82.0,0.0017028108647924,0.0003035242732101,0.0,0.0047583259768815,0.001269423447369,0.0,0.0992582829149998,0.0014821087795674,0.0981636169535333,0.259471460192501,0.0033634135772361,0.2577935222672065,0.0063397916075397,0.001927924989733,0.0,,,,,,,,,,0.9257733137618432,0.0063417942825445,0.9539989419516184,,,,,,,,,,,,,,,,,,,,,,,,,,,,,,,,,,,,,,,,,,,,,,0.9007417170850004,0.0014821087795674,0.9018363830464666,0.8095974484444937,0.0026697103328596,0.8105222080317864,0.89916742599332,0.0015123299485116,0.9002619221468238,2.92113083781353,0.6837244463661428,0.0,,0.0,,,,,0.6960009706633377,,,,,,,
k-SemStamp,kmeans,fixed_diverse,best-of-n,semspan-spacy-max15-win5,,,semspan,spacy,15.0,5.0,64.0,attack,direct,synonym_substitution-ratio=0.5,other,synonym_substitution-ratio=0.5,,,,,,,,,,1024,3,c4-val-def-256|c4-val-def-256b|c4-val-def-512,1.585187847802434,2.401922307076307,3.57957166897568,0.9830708503723145,0.9599609375,0.9072265625,0.794921875,0.0927734375,5.119950353224444,6.431258965875568,1.3113086126511244,,,,,,,,,,,,,,,,,,,,,,,,,,,,,,,,,,,,2.325171512329224,0.4717964546214866,0.0,0.6722586901817476,0.0037766961908508,0.6666666666666666,0.0058826853129407,0.0016997340153879,0.0,63.4443359375,1.1176137960272052,66.0,0.0071901110293548,0.0007379288476941,0.0,0.0095959619772742,0.0018152687354239,0.0,0.1932564340156287,0.0020211466648806,0.1909456841974512,0.4629084341348757,0.0035824450082972,0.4628864401591674,0.0120343738130217,0.0026050147394131,0.0,,,,,,,,,,0.9248089726002776,0.006155708666732,0.9521898976982096,,,,,,,,,,,,,,,,,,,,,,,,,,,,,,,,,,,,,,,,,,,,,,0.8067435659843712,0.0020211466648806,0.8090543158025487,0.6397932360470673,0.0033316618424765,0.6425435640704726,0.8014918447655756,0.0020783214446084,0.803954139795453,2.696163759750879,0.668609327137915,0.0,,0.0,,,,,0.4529605569930492,,,,,,,
k-SemStamp,kmeans,fixed_diverse,best-of-n,semspan-spacy-max15-win5,,,semspan,spacy,15.0,5.0,64.0,attack,direct,synonym_substitution-ratio=0.75,other,synonym_substitution-ratio=0.75,,,,,,,,,,1024,3,c4-val-def-256|c4-val-def-256b|c4-val-def-512,1.585187847802434,2.401922307076307,3.57957166897568,0.967336654663086,0.912109375,0.8486328125,0.708984375,0.1513671875,4.481198880194702,6.431258965875568,1.9500600856808663,,,,,,,,,,,,,,,,,,,,,,,,,,,,,,,,,,,,2.9933856792582185,0.5150887762258307,0.4140804499159837,0.5224499563174917,0.0045629831049967,0.5111111111111111,0.0118175576910986,0.0023504485587899,0.0,48.994140625,0.8776269115406368,50.0,0.0165549659592554,0.0012691375979955,0.009538557158083,0.0177381218672429,0.0031071179455493,0.0,0.2827823024960313,0.0024760186722793,0.282051282051282,0.6318410846238041,0.003609628291597,0.63386569416499,0.0203416391257449,0.0039575806890421,0.0,,,,,,,,,,0.9109805702581492,0.0064028860744827,0.9393939393939394,,,,,,,,,,,,,,,,,,,,,,,,,,,,,,,,,,,,,,,,,,,,,,0.7172176975039688,0.0024760186722793,0.7179487179487181,0.4898337615715595,0.0036815965048829,0.4865382624003314,0.7072817169895886,0.002536017614803,0.7068619304805428,2.9553104380055126,0.6918421414674244,0.0,,0.0,,,,,0.2656300298055154,,,,,,,
k-SemStamp,kmeans,fixed_diverse,best-of-n,semspan-spacy-max15-win5,,,semspan,spacy,15.0,5.0,64.0,attack,direct,synonym_substitution-ratio=1.0,other,synonym_substitution-ratio=1.0,,,,,,,,,,1024,3,c4-val-def-256|c4-val-def-256b|c4-val-def-512,1.585187847802434,2.401922307076307,3.57957166897568,0.950275421142578,0.8720703125,0.7841796875,0.5615234375,0.2158203125,3.86778458277334,6.431258965875568,2.563474383102229,,,,,,,,,,,,,,,,,,,,,,,,,,,,,,,,,,,,4.881145985765306,0.6988631097945134,1.1215305922799566,0.3781088310590434,0.0052834361797513,0.3636363636363636,0.0212881020259963,0.0031069047105703,0.0,35.13671875,0.683956808292573,35.0,0.0368154307584337,0.0022979220847856,0.0283400809716599,0.0272111264509601,0.0035654647329828,0.0,0.3678605002997591,0.0028492743617241,0.3669110372644021,0.7768425091093195,0.0036829626451531,0.7799253731343283,0.0287996596141836,0.0045094508161292,0.0,,,,,,,,,,0.8843584816738626,0.007338922480749,0.9174427793300032,,,,,,,,,,,,,,,,,,,,,,,,,,,,,,,,,,,,,,,,,,,,,,0.6321394997002409,0.0028492743617241,0.6330889627355978,0.3592240492769523,0.0039385270851974,0.3569259962049336,0.6166384599143928,0.0029219632538611,0.6169992511343112,4.912862428920143,0.8729043268841608,0.0,,0.0,,,,,0.1261004227678773,,,,,,,
k-SemStamp,kmeans,fixed_diverse,best-of-n,semspan-spacy-max15-win5,,,semspan,spacy,15.0,5.0,64.0,watermark,direct,none,none,none,,,,,,,,,,1024,3,c4-val-def-256|c4-val-def-256b|c4-val-def-512,1.585187847802434,2.401922307076307,3.57957166897568,0.9938149452209472,0.9873046875,0.9697265625,0.935546875,0.0302734375,6.431258965875568,6.431258965875568,0.0,64.0,64.0,64.0,23965.0,14281.0,1.678103774245501,107.39864155171206,107.39864155171206,107.39864155171206,,,,,,,,,,,,,,,,,,,,,,,,,,,4.128963687943489,0.6991624632162277,0.399203187250996,,,,,,,,,,,,,,,,,,,,,,,,,,,,,,,,,,0.9082369385287588,0.0074630094483699,0.9453835227272728,,,,6.752312348672707,0.1562215184655685,7.027437448501587,,,,,,,,,,,,,,,,0.7624186197916667,0.0155664929976078,0.8500000000000001,0.755859375,0.0172532272135841,0.8666666666666667,0.8597656250000001,0.0127988004114934,0.9333333333333332,0.6797526041666666,0.0172666942248079,0.7333333333333334,0.7542968750000001,0.0194903793316385,0.9333333333333332,0.1223126334170307,0.0078044757460772,0.0841928052454368,0.0703215670577453,0.0076587082825736,0.0280211017053122,0.0524114700589817,0.0074095703368623,0.0102739726027397,,,,,,,,,,4.966394338673036,0.879044059641583,0.0,529777.2750425957,277387.0,10.300014148285246,11.160393217868798,3.2515854819707157,0.5657699037858411,,,,,,,,
k-SemStamp,kmeans,fixed_diverse,best-of-n,semspan-spacy-max15-win5,,,semspan,spacy,15.0,5.0,,human,direct,none,none,none,,,,,,,,,,1024,1,c4-human-def,1.585187847802434,2.401922307076307,3.57957166897568,,,,,,-0.1279136176872154,,,,,,,,,,,,,,,,,,,,,,,,,,,,,,,,,,,,,,,,,,,,,,,,,,,,,,,,,,,,,,,,,,,,,,,,,,,,,,,,,,,,,,,,,,,,,,,,,,,,,,,,,,,,,,,,,,,,,,,,,,,,,,,,,,,,,,,,,,,,,0.095703125,0.0498046875,0.009765625,1.3422926103232649,1.585187847802434,2.401922307076307,3.553013556592955
k-SemStamp,kmeans,fixed_diverse,best-of-n,sentence-nltk,,,sentence,nltk,,,64.0,attack,direct,adaptive-Qwen2.5-3B-Instruct-standard-K1-min-bag=min-surr=bge,adaptive,K1-min-bag=min-bge,1.0,bge,bag,Qwen2.5-3B-Instruct,sentence-nltk,min,min,,,1024,3,c4-val-def-256|c4-val-def-256b|c4-val-def-512,2.263009527424072,2.840187787218772,4.016632088371218,0.9510650634765624,0.861328125,0.794921875,0.5224609375,0.205078125,4.088388429364409,5.355240721787057,1.2668522924226473,,,,,,,,,,0.205078125,0.205078125,0.205078125,0.2041015625,0.203125,0.201171875,0.1943359375,0.1875,0.1650390625,0.1259765625,0.083984375,0.1943359375,0.4775390625,0.4765625,0.4765625,0.4755859375,0.47265625,0.4638671875,0.44140625,0.4189453125,0.3671875,0.263671875,0.15625,0.44140625,0.4775390625,0.921875,2.290677161747793,0.5715895750943945,0.0,0.5606844284046847,0.0079614646247631,0.5619834710743802,0.1009442180269127,0.0072830698780088,0.0833333333333333,56.1240234375,1.333554016078293,56.5,0.0444272526926958,0.0032183839542297,0.0314742493810359,0.0951786122303301,0.0064868209838267,0.0741839762611276,0.2830286225325454,0.0053949421193,0.2769965532414197,0.5268990143857091,0.0076914668063586,0.5282202074654905,0.0763738707041938,0.0073229243091888,0.0,0.9380378135829232,0.0012925130890756,0.9399839639663696,0.9425044039962812,0.0012444846248845,0.944445788860321,0.9337091800989584,0.00144905702601,0.9360860288143158,0.9388485231505452,0.0065317396618535,0.9655172413793104,0.9695308489026502,0.001089555072293,0.9729958772659302,8.720775290585518,0.2774538595930554,9.460389137268066,0.9357096354166669,0.0048446907255408,0.9666666666666668,0.9535807291666668,0.0047525089786899,1.0,0.0171875,0.0041533857993134,0.0,0.9205078125,0.0077210450119303,1.0,0.1140625,0.008761125349253,0.0666666666666666,,,,,,,,,,,,,,,,0.0951004433867805,0.0068014606657,0.0663735974094434,0.0466264719947448,0.0064010281549931,0.0176367391628925,0.0316008051655884,0.0060487051498985,0.0039215686274509,0.7169713774674545,0.0053949421193,0.7230034467585802,0.4600194949780776,0.0078064612907754,0.4580016728096399,0.5983442052636105,0.0071430504858183,0.6051525873507297,1.812669754069736,0.6242257984584738,0.0,548952.8716583252,253475.0,10.27925098997421,11.094387829658482,2.299768450561457,0.9231867422298816,0.3170677439965446,,,,,,,
k-SemStamp,kmeans,fixed_diverse,best-of-n,sentence-nltk,,,sentence,nltk,,,64.0,attack,direct,adaptive-Qwen2.5-3B-Instruct-standard-K16-min-bag=min-surr=bge,adaptive,K16-min-bag=min-bge,16.0,bge,bag,Qwen2.5-3B-Instruct,sentence-nltk,min,min,,,1024,3,c4-val-def-256|c4-val-def-256b|c4-val-def-512,2.263009527424072,2.840187787218772,4.016632088371218,0.8707656860351562,0.6259765625,0.509765625,0.220703125,0.490234375,2.7257138798070697,5.355240721787057,2.629526841979987,,,,,,,,,,0.4873046875,0.482421875,0.474609375,0.4638671875,0.439453125,0.4130859375,0.3525390625,0.291015625,0.208984375,0.1201171875,0.0458984375,0.3525390625,0.775390625,0.763671875,0.751953125,0.734375,0.69140625,0.64453125,0.5458984375,0.4384765625,0.306640625,0.171875,0.0615234375,0.5458984375,0.779296875,0.689453125,1.1746759037871726,0.4063964928735165,0.0,0.4140809525805172,0.0074827357433691,0.4069711538461538,0.186639875385891,0.0100388289981004,0.1666666666666666,40.904296875,1.0139426180151712,40.0,0.1064536922862165,0.005731780912725,0.0875576036866359,0.1972398793813083,0.0091054541867749,0.1724137931034481,0.4038373749046974,0.0060082487968267,0.3971824186434355,0.6972949420515364,0.0068125690066088,0.7030476485148515,0.1747760172544505,0.0104382624590425,0.1428571428571428,0.9072203282266856,0.0015009616838831,0.9091694951057434,0.911943988292478,0.0016028475287555,0.9151422083377838,0.9027437552576884,0.0015959139585064,0.9047213792800904,0.9557388210826016,0.0047407954106332,0.972093023255814,0.9420510557247326,0.0018110131528493,0.9483222365379332,10.522826962721233,0.3245768808606442,11.16847562789917,0.8436523437500001,0.0069490228861576,0.8500000000000001,0.8852864583333334,0.0067150188328367,0.9333333333333332,0.0388671875,0.0065684483723275,0.0,0.8102213541666667,0.0111360359267909,0.8666666666666667,0.28203125,0.0113155319241286,0.3333333333333333,,,,,,,,,,,,,,,,0.0785774249078923,0.0052348072672211,0.0606060606060605,0.0321035243673237,0.0047103257396387,0.0144927536231883,0.0190907973462279,0.0044127440934317,0.0034602490421455,0.5961626250953026,0.0060082487968267,0.6028175813565645,0.2877680221515252,0.0066578862581752,0.280303503935889,0.4110947938094969,0.0067341263630373,0.4058397271952259,1.059868089905336,0.5030963425326646,0.0,569353.5897445679,241913.0,10.269134997818936,11.080201156432338,2.355062793150113,0.7111616485137681,0.1593117876878902,,,,,,,
k-SemStamp,kmeans,fixed_diverse,best-of-n,sentence-nltk,,,sentence,nltk,,,64.0,attack,direct,adaptive-Qwen2.5-3B-Instruct-standard-K16-min-surr=bge,adaptive,K16-min-positional-bge,16.0,bge,positional,Qwen2.5-3B-Instruct,sentence-nltk,min,,,,1024,3,c4-val-def-256|c4-val-def-256b|c4-val-def-512,2.263009527424072,2.840187787218772,4.016632088371218,0.9208254814147948,0.7705078125,0.6708984375,0.3662109375,0.3291015625,3.454520629599127,5.355240721787057,1.900720092187929,,,,,,,,,,0.3291015625,0.3271484375,0.3251953125,0.318359375,0.3095703125,0.2978515625,0.2724609375,0.2548828125,0.2021484375,0.126953125,0.0595703125,0.2724609375,0.6328125,0.6298828125,0.623046875,0.615234375,0.59765625,0.5791015625,0.521484375,0.4677734375,0.369140625,0.2119140625,0.09375,0.521484375,0.6337890625,0.830078125,1.8884159268085223,0.5123114232203636,0.0,0.4735546647388782,0.0075468941699252,0.4651162790697674,0.1401335748930479,0.0092412441281433,0.1111111111111111,47.4091796875,1.155076428224517,48.0,0.0845877694529318,0.005385899364302,0.0619791499941312,0.1434115927354055,0.0082762823658971,0.12,0.354837250750278,0.0056086169195831,0.347744207862086,0.6138976977763975,0.0072303183499618,0.6161752491694352,0.1208421528870261,0.0091742784981239,0.1,0.919223403034266,0.001383452975301,0.9207943379878998,0.923888752469793,0.0014968030802068,0.9266582131385804,0.9147966273012572,0.0014761643018753,0.9156627357006072,0.9464944269353516,0.0059711516167962,0.9710982658959536,0.9519043067703024,0.0015930832824353,0.9573412537574768,9.93877664480114,0.3513644186016882,10.870800495147703,0.8895182291666666,0.0060884438158682,0.9166666666666666,0.9123697916666668,0.0062574037927037,0.9333333333333332,0.0297526041666666,0.0064227024916776,0.0,0.8630208333333333,0.0096065301875651,0.9333333333333332,0.1875651041666666,0.0107162168441978,0.1333333333333333,,,,,,,,,,,,,,,,0.0870334158804868,0.0063200948960547,0.0611286768228417,0.0412056037728628,0.0057890554274493,0.0155644379844961,0.0271276849937511,0.0054198107600342,0.0037735849056603,0.6451627492497218,0.0056086169195831,0.652255792137914,0.363193620106519,0.0068314193639917,0.3571428571428571,0.4908080950605995,0.0068883854138491,0.4907251988479219,1.6368083811111136,0.5963110699369066,0.0,558747.7748298645,243310.0,10.259864031506035,11.05022880064983,2.300434343142869,0.6529625033899042,0.2237667243669861,,,,,,,
k-SemStamp,kmeans,fixed_diverse,best-of-n,sentence-nltk,,,sentence,nltk,,,64.0,attack,direct,adaptive-Qwen2.5-3B-Instruct-standard-K2-min-bag=min-surr=bge,adaptive,K2-min-bag=min-bge,2.0,bge,bag,Qwen2.5-3B-Instruct,sentence-nltk,min,min,,,1024,3,c4-val-def-256|c4-val-def-256b|c4-val-def-512,2.263009527424072,2.840187787218772,4.016632088371218,0.9341030120849608,0.8115234375,0.720703125,0.419921875,0.279296875,3.697666307099282,5.355240721787057,1.6575744146877744,,,,,,,,,,0.279296875,0.279296875,0.279296875,0.27734375,0.267578125,0.263671875,0.2470703125,0.2314453125,0.189453125,0.1337890625,0.076171875,0.2470703125,0.5791015625,0.5791015625,0.5791015625,0.5771484375,0.5634765625,0.5556640625,0.525390625,0.4873046875,0.3974609375,0.2734375,0.1279296875,0.525390625,0.580078125,0.8896484375,1.6710407619583538,0.4738308564561217,0.0,0.5074871648781722,0.0079157343728241,0.5,0.1392915304232975,0.0085474915138808,0.1111111111111111,50.533203125,1.2253593737084272,51.0,0.0593539220773211,0.0033564935771663,0.0470818500340544,0.1335849839672832,0.007609087942645,0.1111111111111111,0.3227455300323427,0.00532208708911,0.3175909341804377,0.5925716326784729,0.0074126478171315,0.5959508536130061,0.1062137213597507,0.0085882590019253,0.0909090909090909,0.9284340010490268,0.0013173419369548,0.9292434751987456,0.9331427091383376,0.001273811448152,0.9347774982452391,0.9238769281073472,0.001478516392231,0.9248111248016356,0.9467547226024742,0.005517228612137,0.9678067107138232,0.9623566322843544,0.0012876843869791,0.966596782207489,9.432986044845553,0.2761230727608876,9.832205295562744,0.9156087239583334,0.0052163005637501,0.9333333333333332,0.9416666666666668,0.0049995265882868,1.0,0.0194010416666666,0.0046810411758918,0.0,0.8979817708333334,0.0082310152464424,0.9333333333333332,0.1578125,0.0101915747500092,0.1333333333333333,,,,,,,,,,,,,,,,0.0869650915047069,0.005868606746543,0.0649630732948551,0.0388044669496151,0.0053496999324143,0.0154143154143153,0.024370809108228,0.004999182007247,0.0038387857353374,0.6772544699676573,0.00532208708911,0.6824090658195623,0.3945340647370076,0.0073171182109585,0.3880583442455987,0.5351934621395382,0.0069936651930758,0.5344647613562739,1.2879045589876583,0.5193719832789444,0.0,555900.4627075195,247704.0,10.301348139487695,11.113458354572598,2.2919196625956024,0.8984680832193397,0.2497954381755488,,,,,,,
k-SemStamp,kmeans,fixed_diverse,best-of-n,sentence-nltk,,,sentence,nltk,,,64.0,attack,direct,adaptive-Qwen2.5-3B-Instruct-standard-K32-min-bag=min-surr=bge,adaptive,K32-min-bag=min-bge,32.0,bge,bag,Qwen2.5-3B-Instruct,sentence-nltk,min,min,,,1024,3,c4-val-def-256|c4-val-def-256b|c4-val-def-512,2.263009527424072,2.840187787218772,4.016632088371218,0.8503327369689941,0.58203125,0.4697265625,0.1953125,0.5302734375,2.5022550017580816,5.355240721787057,2.8529857200289754,,,,,,,,,,0.521484375,0.5107421875,0.5029296875,0.484375,0.4599609375,0.4169921875,0.330078125,0.2646484375,0.169921875,0.091796875,0.0283203125,0.330078125,0.79296875,0.7802734375,0.76953125,0.744140625,0.693359375,0.6259765625,0.482421875,0.3857421875,0.244140625,0.123046875,0.0341796875,0.482421875,0.8046875,0.5849609375,1.4579299153592982,0.4999096880448927,0.0,0.3904297361234874,0.0076039050828338,0.3826623725174449,0.191946348304864,0.0103498633081971,0.1666666666666666,38.412109375,0.9788024198113002,38.0,0.1239675058336436,0.0060619059036368,0.1015936254980079,0.2121402486300249,0.0098592717988823,0.1891891891891892,0.4297737065169842,0.0063561244156841,0.4225831603685523,0.7196458534457225,0.0070800110201372,0.729413198599477,0.1919369400446028,0.0112933281638574,0.1666666666666666,0.8994001218234189,0.0017219223364101,0.9018653631210328,0.903593611496035,0.0019948652998529,0.9085378646850586,0.89561685861554,0.0017229512596101,0.8966740667819977,0.953007615274686,0.0055387065172874,0.9714413875598086,0.9331143061281182,0.0025559608431007,0.941933572292328,10.602052840690986,0.3518720542858909,11.387803077697754,0.8178059895833333,0.0073801088708318,0.8333333333333334,0.8572916666666668,0.0079345981344631,0.8666666666666667,0.0409505208333333,0.006520629671957,0.0,0.771484375,0.0119085627268145,0.8000000000000002,0.3166015625,0.0118203322385256,0.3333333333333333,,,,,,,,,,,,,,,,0.0803844948868384,0.0058725718166332,0.060377358490566,0.0340258825640612,0.005443287033656,0.0134907634907635,0.0212174612241013,0.0052072236131209,0.0029037913653298,0.5702262934830158,0.0063561244156841,0.5774168396314476,0.2624018784531233,0.0065697952894665,0.2520282751872507,0.3770247477526034,0.0066547273771063,0.368249602559226,1.5107273709277886,0.6317189920558142,0.0,578381.1198883057,244968.0,10.2354231290023,11.048404430317827,2.382800900007924,0.6158002906575432,0.1407411403062545,,,,,,,
k-SemStamp,kmeans,fixed_diverse,best-of-n,sentence-nltk,,,sentence,nltk,,,64.0,attack,direct,adaptive-Qwen2.5-3B-Instruct-standard-K4-min-bag=min-surr=bge,adaptive,K4-min-bag=min-bge,4.0,bge,bag,Qwen2.5-3B-Instruct,sentence-nltk,min,min,,,1024,3,c4-val-def-256|c4-val-def-256b|c4-val-def-512,2.263009527424072,2.840187787218772,4.016632088371218,0.9116744995117188,0.7421875,0.63671875,0.3525390625,0.36328125,3.2980630589238107,5.355240721787057,2.057177662863246,,,,,,,,,,0.36328125,0.3623046875,0.3603515625,0.3544921875,0.3408203125,0.3251953125,0.3037109375,0.27734375,0.2255859375,0.138671875,0.05859375,0.3037109375,0.6455078125,0.64453125,0.642578125,0.6328125,0.615234375,0.5869140625,0.54296875,0.4921875,0.3935546875,0.2421875,0.0986328125,0.54296875,0.6474609375,0.82421875,1.3236795308341116,0.4374481557846509,0.0,0.4714296477248276,0.0077678721010696,0.4660605561954912,0.1665080441015345,0.0088220717237056,0.1428571428571428,46.6923828125,1.1265262938897285,47.0,0.0768055471060242,0.0044129407534696,0.0598086124401913,0.1600885028138966,0.0078319669406849,0.1428571428571429,0.3565136053209818,0.0057020204969507,0.35,0.6347627666447062,0.0071378606353266,0.6350736027944112,0.1290231330077156,0.0090436700526112,0.1,0.9200900512514636,0.0014024329018672,0.921898990869522,0.9251976222149096,0.0013944215573255,0.9278366267681122,0.91515925899148,0.0015416225618502,0.9162684679031372,0.9526313902888668,0.0049475240507474,0.9693877551020408,0.9551819748594426,0.0014134399302179,0.959825485944748,9.96404276529875,0.2845012044850131,10.466393947601318,0.8901041666666667,0.0060573406809915,0.9166666666666666,0.9202473958333336,0.0058621801862238,0.9333333333333332,0.0251302083333333,0.0055071916078105,0.0,0.8651041666666668,0.0099000738362842,0.9333333333333332,0.1998046875,0.0103751081164216,0.2,,,,,,,,,,,,,,,,0.080925559546449,0.0052908847188608,0.0634237349836184,0.0339988030713698,0.0048504074342882,0.0150187969924812,0.0206229072157972,0.0045964306811964,0.0036697371256194,0.6434863946790181,0.0057020204969507,0.65,0.3486249329539759,0.0069431182881655,0.3478345062630018,0.4847425649148,0.0069672526559984,0.4824458687702863,1.2644337746518883,0.5393903964468414,0.0,556420.5297317505,242029.0,10.292599037688465,11.095021611674827,2.2986903190899404,0.8758416237446912,0.2055387792183908,,,,,,,
k-SemStamp,kmeans,fixed_diverse,best-of-n,sentence-nltk,,,sentence,nltk,,,64.0,attack,direct,adaptive-Qwen2.5-3B-Instruct-standard-K4-min-surr=bge,adaptive,K4-min-positional-bge,4.0,bge,positional,Qwen2.5-3B-Instruct,sentence-nltk,min,,,,1024,3,c4-val-def-256|c4-val-def-256b|c4-val-def-512,2.263009527424072,2.840187787218772,4.016632088371218,0.9322500228881836,0.81640625,0.7314453125,0.4609375,0.2685546875,3.725702546399453,5.355240721787057,1.629538175387604,,,,,,,,,,0.2685546875,0.2685546875,0.2666015625,0.2626953125,0.2548828125,0.2470703125,0.2333984375,0.21484375,0.1806640625,0.125,0.064453125,0.2333984375,0.5390625,0.5390625,0.5361328125,0.529296875,0.5166015625,0.5029296875,0.470703125,0.4228515625,0.3564453125,0.2412109375,0.1181640625,0.470703125,0.5390625,0.8759765625,1.90217914537195,0.5081141214637525,0.0,0.5082886498510765,0.0078700487681846,0.5054405677114133,0.1311266368278431,0.0089840916519898,0.1111111111111111,50.8583984375,1.245528105627744,52.0,0.0638094676865141,0.0045086946172116,0.0430575192651616,0.1345169076605112,0.0087003893509055,0.1055900621118012,0.32525218463319,0.0058335144540663,0.3181818181818182,0.5825217574841677,0.0074623210056114,0.5847609836971539,0.107905640577063,0.009101491244873,0.0833333333333333,0.9271232736646198,0.0015178918065693,0.9295973479747772,0.931669159908779,0.0016176053445504,0.9340365827083588,0.9227881071856244,0.0015634605315711,0.9246135652065276,0.944488318690991,0.0058614593412218,0.9680851063829788,0.9596231319592334,0.0015853386041654,0.965104341506958,9.32994657399082,0.3041263894684742,9.9535174369812,0.9104329427083332,0.0056043943672568,0.9333333333333332,0.9313151041666669,0.0058349674104333,1.0,0.01953125,0.0043684253807653,0.0,0.8897135416666667,0.0092147906952128,0.9333333333333332,0.159765625,0.0102722771545915,0.1333333333333333,,,,,,,,,,,,,,,,0.0882285233085839,0.0061559688535341,0.0641025641025641,0.041453359987253,0.0056888392095682,0.0163154392191658,0.0271226134450332,0.0053632470669087,0.0038461538461538,0.6747478153668099,0.0058335144540663,0.6818181818181819,0.4003838803535332,0.0074300047083889,0.396570105139328,0.5365654177378661,0.0072628000120626,0.5359606017500754,1.5435021821320825,0.5873060701075138,0.0,550866.2021560669,246668.0,10.288018439354405,11.0814985217575,2.322213811139231,0.8331850907869788,0.2574292350695577,,,,,,,
k-SemStamp,kmeans,fixed_diverse,best-of-n,sentence-nltk,,,sentence,nltk,,,64.0,attack,direct,adaptive-Qwen2.5-3B-Instruct-standard-K64-min-bag=min-surr=bge,adaptive,K64-min-bag=min-bge,64.0,bge,bag,Qwen2.5-3B-Instruct,sentence-nltk,min,min,,,1024,3,c4-val-def-256|c4-val-def-256b|c4-val-def-512,2.263009527424072,2.840187787218772,4.016632088371218,0.828453540802002,0.5390625,0.4140625,0.1669921875,0.5859375,2.285891979103557,5.355240721787057,3.069348742683499,,,,,,,,,,0.5791015625,0.5654296875,0.541015625,0.5068359375,0.470703125,0.4130859375,0.3173828125,0.248046875,0.150390625,0.06640625,0.015625,0.3173828125,0.822265625,0.802734375,0.771484375,0.724609375,0.669921875,0.5751953125,0.4375,0.3203125,0.19140625,0.080078125,0.017578125,0.4375,0.8330078125,0.5234375,1.502794170110234,0.5177495761363903,0.0,0.364834469395847,0.0075954809593453,0.3517071759259259,0.1913200483631623,0.0100439583365587,0.1666666666666666,35.939453125,0.955904973293896,35.0,0.1361538132992216,0.006374998260229,0.1167268351383874,0.2123933737639907,0.0088694190926329,0.1999999999999999,0.4515052592288383,0.0067485859936919,0.4388518177634606,0.7410943247898759,0.0071145165903322,0.7433968844454778,0.1946532273391232,0.010639442635522,0.1666666666666666,0.8942269997787662,0.0018170831048325,0.8972668647766113,0.8980002767057158,0.0021455698102578,0.9037630259990692,0.8908482182305306,0.001739000881082,0.89175745844841,0.9522289274490686,0.0056839909086146,0.971644511149228,0.9247351160738616,0.0029218358056159,0.9364184737205504,10.7337916850107,0.354209016267302,11.68023157119751,0.7949055989583333,0.0074460919972126,0.8166666666666668,0.8352213541666669,0.0084543663988623,0.8666666666666667,0.0447265625,0.0069328427326196,0.0,0.7370442708333333,0.0125401345510667,0.7333333333333334,0.3479166666666666,0.0116872485096291,0.4000000000000001,,,,,,,,,,,,,,,,0.0827786671067464,0.0061149894931192,0.0619651868646237,0.035706847501886,0.0056793927068854,0.0139958081134551,0.0227236765177032,0.0054488076661134,0.0034013998958755,0.5484947407711618,0.0067485859936919,0.5611481822365394,0.2407943641087926,0.0066240736872628,0.2343162282486711,0.3533178228775897,0.006763720754655,0.3426759287224403,1.61168374336987,0.6443899824106017,0.0,588785.1744613647,248077.0,10.219365472048604,11.043883170005904,2.358284860991928,0.5981385201621378,0.1280534235378391,,,,,,,
k-SemStamp,kmeans,fixed_diverse,best-of-n,sentence-nltk,,,sentence,nltk,,,64.0,attack,direct,adaptive-Qwen2.5-3B-Instruct-standard-K64-min-surr=bge,adaptive,K64-min-positional-bge,64.0,bge,positional,Qwen2.5-3B-Instruct,sentence-nltk,min,,,,1024,3,c4-val-def-256|c4-val-def-256b|c4-val-def-512,2.263009527424072,2.840187787218772,4.016632088371218,0.9001355171203613,0.736328125,0.625,0.3232421875,0.375,3.1671026365746817,5.355240721787057,2.188138085212375,,,,,,,,,,0.3720703125,0.365234375,0.359375,0.3564453125,0.34375,0.3212890625,0.2783203125,0.2470703125,0.1787109375,0.0966796875,0.03515625,0.2783203125,0.671875,0.662109375,0.6552734375,0.646484375,0.625,0.5830078125,0.4921875,0.4169921875,0.2978515625,0.15625,0.05078125,0.4921875,0.6767578125,0.716796875,1.9563137336584544,0.4879352817430792,0.0,0.436189829545672,0.0074830191326058,0.4313725490196078,0.1513462799351026,0.0095678253266148,0.125,43.5537109375,1.0983793155757842,44.0,0.1094653358676914,0.0068892393602749,0.0828209214393637,0.1580067924175247,0.0087335628661488,0.1330049261083744,0.3884127554011876,0.0063142714722959,0.3776378822146635,0.6513221314755109,0.0070317332438764,0.6553639846743295,0.1341177085500876,0.0096792037180668,0.1111111111111111,0.909615634533111,0.0016184437962607,0.9121179580688475,0.9132370959268884,0.0018947445669174,0.918020248413086,0.906346974952612,0.0016130227637722,0.9073200523853302,0.9425564895843488,0.0059179021773213,0.96875,0.9423273927532136,0.0023673741469318,0.9503156244754792,10.23294439335472,0.3666068607267973,11.153926372528076,0.8546061197916667,0.006897206105117,0.8833333333333333,0.8859375,0.007572927334138,0.9333333333333332,0.0342447916666666,0.0063956358732623,0.0,0.8254557291666667,0.0109993314089527,0.8666666666666667,0.2587239583333334,0.0124115691080089,0.2666666666666666,,,,,,,,,,,,,,,,0.0925974488910995,0.0064327203459634,0.0630441365735483,0.0445855933231205,0.0057533922420463,0.0172712086863143,0.0291299007711128,0.0052874402838868,0.0042372881355932,0.6115872445988124,0.0063142714722959,0.6223621177853365,0.3254474266104014,0.0065608125792511,0.3204995182687319,0.4419757845980247,0.00697884482637,0.441165922062281,1.4867112878015754,0.5620129666259427,0.0,586179.8972930908,252054.0,10.252884188926544,11.055663955546436,2.301085073301252,0.4970673076473572,0.1949815915041626,,,,,,,
k-SemStamp,kmeans,fixed_diverse,best-of-n,sentence-nltk,,,sentence,nltk,,,64.0,attack,direct,adaptive-Qwen2.5-3B-Instruct-standard-K8-min-bag=min-surr=bge,adaptive,K8-min-bag=min-bge,8.0,bge,bag,Qwen2.5-3B-Instruct,sentence-nltk,min,min,,,1024,3,c4-val-def-256|c4-val-def-256b|c4-val-def-512,2.263009527424072,2.840187787218772,4.016632088371218,0.892000675201416,0.6884765625,0.5859375,0.2861328125,0.4140625,3.008934901525409,5.355240721787057,2.346305820261648,,,,,,,,,,0.412109375,0.41015625,0.408203125,0.40234375,0.390625,0.37890625,0.3349609375,0.2900390625,0.2158203125,0.1298828125,0.0517578125,0.3349609375,0.708984375,0.703125,0.6982421875,0.6796875,0.65625,0.6240234375,0.54296875,0.4609375,0.3369140625,0.193359375,0.078125,0.54296875,0.7138671875,0.7509765625,1.1756410296874975,0.418803613396583,0.0,0.4400854080058661,0.0078009642141292,0.4351498445009895,0.179814083678196,0.0092037439533117,0.1666666666666666,43.546875,1.0892668674427293,43.0,0.0897714357476348,0.0048707213383858,0.0702702702702702,0.1828323826973323,0.0083105099093572,0.1666666666666666,0.3825988822749744,0.0059536724196699,0.3774415389166963,0.6663703864832005,0.0071828193663509,0.6703336557059961,0.1590307639815029,0.0099399349935472,0.125,0.9128276725532488,0.0014858167594143,0.9147407114505768,0.9176562345237472,0.0015353397379334,0.9201155304908752,0.9082092986791396,0.0015987575783463,0.9102445840835572,0.9545473769275584,0.0048267613740875,0.9705261851576074,0.9479932601097972,0.0017051242530275,0.9540290832519532,10.238725295274252,0.3279847041897516,10.844085693359377,0.8637369791666667,0.0068086715856142,0.8833333333333333,0.9042317708333334,0.0064643184479153,0.9333333333333332,0.0399088541666666,0.0069516043717673,0.0,0.8348958333333334,0.010767972936912,0.8666666666666667,0.2442708333333333,0.0111781395734546,0.2666666666666666,,,,,,,,,,,,,,,,0.079327809381298,0.0052626515404042,0.0619994874751745,0.0326817615480942,0.0048088992508046,0.0137805742644452,0.0193802236287926,0.0045457344244938,0.0035714741259454,0.6174011177250256,0.0059536724196699,0.6225584610833037,0.3166025229700375,0.0069139598385478,0.3097753958685807,0.4466798271293686,0.0070654662888466,0.4382120196763385,1.1353880491095565,0.5248027187596502,0.0,560762.2157745361,241066.0,10.281664257495173,11.084493736888938,2.3056747181397776,0.737100846758376,0.180927631312907,,,,,,,
k-SemStamp,kmeans,fixed_diverse,best-of-n,sentence-nltk,,,sentence,nltk,,,64.0,attack,direct,controlled_reorder-ratio=0.1,other,controlled_reorder-ratio=0.1,,,,,,,,,,1024,3,c4-val-def-256|c4-val-def-256b|c4-val-def-512,2.263009527424072,2.840187787218772,4.016632088371218,0.9845528602600098,0.9677734375,0.9248046875,0.8662109375,0.0751953125,5.354497671863758,5.355240721787057,0.0007430499232986,,,,,,,,,,,,,,,,,,,,,,,,,,,,,,,,,,,,3.7014631552600417,0.6592818942060833,0.0,1.0,0.0,1.0,0.0001407459535538,0.0002761866643306,0.0,100.154296875,1.920745461239747,108.0,0.1042151915928623,0.0045574492433912,0.0948895569206639,7.526719855486974e-05,0.0001476960840521,0.0,0.0,0.0,0.0,0.0107040662680658,0.0005041601625011,0.0088495575221238,0.0,0.0,0.0,,,,,,,,,,0.9169678597218992,0.0071545010616957,0.95407571443636,,,,,,,,,,,,,,,,,,,,,,,,,,,,,,,,,,,,,,,,,,,,,,1.0,0.0,1.0,0.990337067828454,0.0004467469494437,0.9918032786885246,0.910003380137682,0.003430634451732,0.9193548387096774,3.446249764609318,0.7087724240196622,0.0,,0.0,,,,,0.9864226540136934,,,,,,,
k-SemStamp,kmeans,fixed_diverse,best-of-n,sentence-nltk,,,sentence,nltk,,,64.0,attack,direct,controlled_reorder-ratio=0.25,other,controlled_reorder-ratio=0.25,,,,,,,,,,1024,3,c4-val-def-256|c4-val-def-256b|c4-val-def-512,2.263009527424072,2.840187787218772,4.016632088371218,0.9845528602600098,0.9677734375,0.923828125,0.865234375,0.076171875,5.353297126668677,5.355240721787057,0.001943595118379,,,,,,,,,,,,,,,,,,,,,,,,,,,,,,,,,,,,3.668210976691685,0.6546614229227573,0.0,1.0,0.0,1.0,0.0,0.0,0.0,100.154296875,1.920745461239747,108.0,0.2722859020986486,0.0085138082682753,0.2636421319796954,0.0,0.0,0.0,0.0,0.0,0.0,0.0155934506001909,0.0006682544555026,0.0133928571428571,0.0,0.0,0.0,,,,,,,,,,0.9169739972692612,0.007142169194273,0.95407571443636,,,,,,,,,,,,,,,,,,,,,,,,,,,,,,,,,,,,,,,,,,,,,,1.0,0.0,1.0,0.9857613581463568,0.0006102598005362,0.9875518672199172,0.8246497500343429,0.00421441263268,0.8299175164211199,3.4487537710195744,0.7091526872911252,0.0,,0.0,,,,,0.9798727195597056,,,,,,,
k-SemStamp,kmeans,fixed_diverse,best-of-n,sentence-nltk,,,sentence,nltk,,,64.0,attack,direct,controlled_reorder-ratio=0.5,other,controlled_reorder-ratio=0.5,,,,,,,,,,1024,3,c4-val-def-256|c4-val-def-256b|c4-val-def-512,2.263009527424072,2.840187787218772,4.016632088371218,0.984272003173828,0.9658203125,0.923828125,0.8662109375,0.076171875,5.348353783707915,5.355240721787057,0.0068869380791413,,,,,,,,,,,,,,,,,,,,,,,,,,,,,,,,,,,,3.64833317854064,0.6511848637882848,0.0,1.0,0.0,1.0,0.0005665024630541,0.0005118355438622,0.0,100.154296875,1.920745461239747,108.0,0.4849946496787909,0.0103163548876364,0.5022087886538015,0.0003388622077691,0.000282470847572,0.0,0.0,0.0,0.0,0.0225895138897229,0.0007010960738224,0.0209424083769633,7.578628268283441e-05,0.000148715896178,0.0,,,,,,,,,,0.9171708135439172,0.0071325858277101,0.9541825699745548,,,,,,,,,,,,,,,,,,,,,,,,,,,,,,,,,,,,,,,,,,,,,,1.0,0.0,1.0,0.9792090598054785,0.0006644596499827,0.9803921568627452,0.6896855498147838,0.0055699849936666,0.6848249027237354,3.4454128993090483,0.7080299824526015,0.0,,0.0,,,,,0.9687275686327416,,,,,,,
k-SemStamp,kmeans,fixed_diverse,best-of-n,sentence-nltk,,,sentence,nltk,,,64.0,attack,direct,controlled_reorder-ratio=0.75,other,controlled_reorder-ratio=0.75,,,,,,,,,,1024,3,c4-val-def-256|c4-val-def-256b|c4-val-def-512,2.263009527424072,2.840187787218772,4.016632088371218,0.9844794273376464,0.966796875,0.923828125,0.8662109375,0.076171875,5.351457588501599,5.355240721787057,0.0037831332854577,,,,,,,,,,,,,,,,,,,,,,,,,,,,,,,,,,,,3.68970422528887,0.6573166472897151,0.0,1.0,0.0,1.0,0.0011177574478067,0.0009383065730549,0.0,100.154296875,1.920745461239747,108.0,0.7170131398043141,0.0098554540565935,0.7474940334128878,0.0006215149757448,0.0005358337905312,0.0,0.0,0.0,0.0,0.0335447881254277,0.0009481932448908,0.0309734513274336,0.0,0.0,0.0,,,,,,,,,,0.9170420831874428,0.0071514492893717,0.9541475535168196,,,,,,,,,,,,,,,,,,,,,,,,,,,,,,,,,,,,,,,,,,,,,,1.0,0.0,1.0,0.9689910719278758,0.0009139863693045,0.9711141131595676,0.5083942085601891,0.0061244967843074,0.4935622317596566,3.4394943387029877,0.7071843375767422,0.0,,0.0,,,,,0.952239799419898,,,,,,,
k-SemStamp,kmeans,fixed_diverse,best-of-n,sentence-nltk,,,sentence,nltk,,,64.0,attack,direct,controlled_reorder-ratio=1.0,other,controlled_reorder-ratio=1.0,,,,,,,,,,1024,3,c4-val-def-256|c4-val-def-256b|c4-val-def-512,2.263009527424072,2.840187787218772,4.016632088371218,0.9843964576721193,0.9658203125,0.923828125,0.8662109375,0.076171875,5.350189419660842,5.355240721787057,0.0050513021262141,,,,,,,,,,,,,,,,,,,,,,,,,,,,,,,,,,,,3.772318448875989,0.6748444832945585,0.0,1.0,0.0,1.0,0.0016630395214787,0.0010202407391691,0.0,100.154296875,1.920745461239747,108.0,1.0,0.0,1.0,0.0009035977065273,0.0005743401945973,0.0,0.0,0.0,0.0,0.0505819548026089,0.0013357130664252,0.0467107894832539,0.0,0.0,0.0,,,,,,,,,,0.9166098872412756,0.0072032619629277,0.95407571443636,,,,,,,,,,,,,,,,,,,,,,,,,,,,,,,,,,,,,,,,,,,,,,1.0,0.0,1.0,0.9533289451858804,0.0012261913158115,0.9565217391304348,0.3051223166171915,0.0061525665944043,0.2760597014925373,3.444457407257368,0.708887152283137,0.0,,0.0,,,,,0.92558135644268,,,,,,,
k-SemStamp,kmeans,fixed_diverse,best-of-n,sentence-nltk,,,sentence,nltk,,,64.0,attack,direct,dipper-lex20-order20,dipper,lex20-order20,,,,,,,,20.0,20.0,1024,3,c4-val-def-256|c4-val-def-256b|c4-val-def-512,2.263009527424072,2.840187787218772,4.016632088371218,0.964618682861328,0.9013671875,0.85546875,0.62890625,0.14453125,4.396333676022616,5.355240721787057,0.9589070457644412,,,,,,,,,,0.1435546875,0.1435546875,0.1435546875,0.1416015625,0.1357421875,0.130859375,0.123046875,0.1103515625,0.091796875,0.060546875,0.0234375,0.123046875,0.3701171875,0.3701171875,0.369140625,0.3671875,0.3564453125,0.33984375,0.322265625,0.2783203125,0.216796875,0.130859375,0.05859375,0.322265625,0.37109375,0.87109375,2.7923017184484977,0.5205151874980929,0.0,0.663092235510735,0.0067210104355944,0.6714307590219999,0.075486308025979,0.0069635895961867,0.0,66.111328125,1.3801257222194705,69.0,0.0518408125546733,0.0045722485512245,0.0365951446080833,0.0630670069584141,0.0056229907533374,0.0434782608695651,0.1945158269622319,0.0041593883935313,0.1876887163482276,0.3560496295494733,0.0061137154602623,0.3513560907177928,0.0388745537539531,0.0050028280583363,0.0,0.9480351456440984,0.0011151401798992,0.9499804675579072,0.9543943655444308,0.0010970580106586,0.956731140613556,0.941872873925604,0.0012677872805399,0.9440994262695312,0.9185109025975924,0.0059425115846726,0.9452054794520548,0.9690414037904702,0.0013999197589907,0.9751703441143036,7.983703961065898,0.2333394188046913,8.305896759033203,0.9026041666666668,0.0055282005407989,0.9166666666666666,0.8955729166666667,0.0067215397525899,0.9333333333333332,0.0161458333333333,0.005106121054571,0.0,0.8377604166666667,0.0098322231555781,0.8666666666666667,0.1067708333333333,0.00847777220681,0.0666666666666666,,,,,,,,,,,,,,,,0.1111075626361042,0.0061477931227307,0.0871146130292471,0.0539534723528051,0.0058249452818393,0.024390243902439,0.0365713573204962,0.0055022833789344,0.0080646472529795,0.8054841730377682,0.0041593883935313,0.8123112836517723,0.6074645966554739,0.0060881827282049,0.614063358359275,0.6624208703176708,0.0055321860108625,0.6666666666666666,2.024902134888031,0.5396820402794124,0.0,514105.173614502,247475.0,10.108429665943971,11.04941061328362,2.245894498831147,0.9884850737724722,0.4409708413254561,,,,,,,
k-SemStamp,kmeans,fixed_diverse,best-of-n,sentence-nltk,,,sentence,nltk,,,64.0,attack,direct,dipper-lex20-order40,dipper,lex20-order40,,,,,,,,20.0,40.0,1024,3,c4-val-def-256|c4-val-def-256b|c4-val-def-512,2.263009527424072,2.840187787218772,4.016632088371218,0.9645366668701172,0.9140625,0.837890625,0.650390625,0.162109375,4.4004939133888685,5.355240721787057,0.9547468083981878,,,,,,,,,,0.162109375,0.162109375,0.16015625,0.1591796875,0.154296875,0.1455078125,0.1337890625,0.1201171875,0.109375,0.0703125,0.037109375,0.1337890625,0.349609375,0.349609375,0.3466796875,0.345703125,0.3369140625,0.322265625,0.294921875,0.2607421875,0.2158203125,0.1298828125,0.0625,0.294921875,0.349609375,0.84375,2.3533578419725028,0.4167325386663206,0.0,0.6611620266748404,0.0067475058240545,0.6640312500000001,0.0761816573329195,0.0065184644731183,0.0,65.8310546875,1.3748614869549778,69.0,0.1115933077221759,0.0064514159112273,0.0923908053617953,0.0600281929924357,0.0049406903039774,0.0434782608695651,0.1964506067485761,0.0039582552577419,0.1910391167368333,0.363546097127054,0.0059638234668678,0.3641197598069476,0.0341516021652171,0.0047647975007804,0.0,0.943839413113892,0.000987899241729,0.9453569650650024,0.9501243990380316,0.0009195130333513,0.9516383409500122,0.937735837243963,0.001185723054367,0.9397859573364258,0.9206575236578968,0.0052236061850018,0.9434782608695652,0.963861842174083,0.0015774004947329,0.9694258868694304,8.437886924149682,0.2212113654520217,8.581178665161133,0.9002115885416666,0.0056379154701813,0.9166666666666666,0.8957682291666667,0.0067268721814468,0.9333333333333332,0.0152994791666666,0.0042527570949816,0.0,0.84375,0.0098218459442603,0.8666666666666667,0.1233723958333333,0.0088017765003186,0.0666666666666666,,,,,,,,,,,,,,,,0.1089436515100224,0.0055340049298761,0.0883353341336534,0.0501447701400819,0.0050033960725061,0.0260874496682356,0.0319088564371498,0.0045788222233224,0.0078125,0.8035493932514238,0.0039582552577419,0.8089608832631667,0.6007298509581654,0.0058073586431552,0.6012860541183467,0.5774399555702276,0.00516316541948,0.5721212619898439,1.92044033499288,0.5202514065466609,0.0,525257.7464179993,246284.0,10.125034797761312,11.079487435575032,2.191032993843563,0.9854412972980272,0.433685899591846,,,,,,,
k-SemStamp,kmeans,fixed_diverse,best-of-n,sentence-nltk,,,sentence,nltk,,,64.0,attack,direct,dipper-lex20-order80,dipper,lex20-order80,,,,,,,,20.0,80.0,1024,3,c4-val-def-256|c4-val-def-256b|c4-val-def-512,2.263009527424072,2.840187787218772,4.016632088371218,0.9610071182250975,0.8955078125,0.828125,0.62109375,0.171875,4.369682167644442,5.355240721787057,0.9855585541426144,,,,,,,,,,0.169921875,0.169921875,0.1689453125,0.166015625,0.158203125,0.1484375,0.126953125,0.1123046875,0.0849609375,0.0546875,0.02734375,0.126953125,0.376953125,0.3759765625,0.373046875,0.3671875,0.3505859375,0.3330078125,0.283203125,0.2470703125,0.1728515625,0.107421875,0.04296875,0.283203125,0.37890625,0.7578125,2.78600817566842,0.4708203032386894,0.4158022130013831,0.6123033134386833,0.0069134756602166,0.6134219554030875,0.0817229892763818,0.0066646004780801,0.0625,61.396484375,1.3219568301576412,64.0,0.1971434495541186,0.0092484099542228,0.1604197901049475,0.0690704537231757,0.005523133717623,0.0526315789473683,0.2230257539865159,0.0044303985926112,0.2174919484702093,0.4313624836763061,0.0059703259604935,0.4302000779524489,0.0443865624548392,0.0052130706473144,0.0,0.9346162306610496,0.0009717480132251,0.9362114369869232,0.9405486818868668,0.0009518025658004,0.942547172307968,0.9288413930335082,0.0011200372377137,0.9305362701416016,0.912255657182506,0.0057018797253593,0.9376296680497924,0.9547781873843632,0.0016620175456915,0.959941953420639,9.119622950668932,0.281270110607523,9.513506889343262,0.8744466145833333,0.0061953289454812,0.8833333333333334,0.8808593750000001,0.0068873285566399,0.9333333333333332,0.0190755208333333,0.0044408503695719,0.0,0.8052734375,0.0106820280020206,0.8000000000000002,0.1692708333333333,0.0098130576562242,0.1333333333333333,,,,,,,,,,,,,,,,0.1186250629923619,0.0060318146054112,0.0944259088817303,0.0568471949786996,0.0055435420127232,0.0300364742424828,0.0373589346877725,0.0051136998308153,0.0107720275392589,0.7769742460134841,0.0044303985926112,0.7825080515297906,0.5409741725284205,0.0059585261299089,0.5432338452622428,0.4514116604715904,0.0042752527625706,0.4487598458186693,1.9659614126214504,0.5124347433408595,0.0,553164.1429977417,250252.0,10.104824469256949,11.079066656923333,2.164000631747276,0.9867494765279184,0.3768046689291203,,,,,,,
k-SemStamp,kmeans,fixed_diverse,best-of-n,sentence-nltk,,,sentence,nltk,,,64.0,attack,direct,dipper-lex40-order20,dipper,lex40-order20,,,,,,,,40.0,20.0,1024,3,c4-val-def-256|c4-val-def-256b|c4-val-def-512,2.263009527424072,2.840187787218772,4.016632088371218,0.953432559967041,0.8798828125,0.796875,0.5390625,0.203125,4.109560477419196,5.355240721787057,1.2456802443678603,,,,,,,,,,0.203125,0.203125,0.2021484375,0.1982421875,0.181640625,0.1689453125,0.15234375,0.1337890625,0.1005859375,0.048828125,0.0205078125,0.15234375,0.45703125,0.45703125,0.4560546875,0.4453125,0.4169921875,0.3828125,0.318359375,0.26953125,0.189453125,0.09765625,0.037109375,0.318359375,0.4609375,0.7294921875,2.368727544897337,0.4558109296610934,0.0,0.5448471816069951,0.0067749575277798,0.5423132012413464,0.0970145216147523,0.007639337350107,0.0769230769230769,54.0908203125,1.1544923325102752,56.0,0.0562638592722926,0.0036483519216419,0.0445069644272879,0.0804591030159457,0.0063583474606928,0.0588235294117647,0.2668517712881415,0.0043097196954623,0.2591750841750841,0.4984272272962227,0.006379929763737,0.4975723006576001,0.0496562608928665,0.0060271194040547,0.0,0.9341334273922256,0.001115535289928,0.9359881281852722,0.9403669989551418,0.0010913856831771,0.94217449426651,0.928085328778252,0.001273140456113,0.931367039680481,0.9167204249367176,0.0054360173889106,0.9377884104199894,0.9554786313092336,0.0016765437403921,0.9624177515506744,8.810960615665952,0.2693440690497813,8.975294589996338,0.8628580729166667,0.0064724117866196,0.8833333333333333,0.8777994791666668,0.0069473803016374,0.9333333333333332,0.0255208333333333,0.0059126709658886,0.0,0.7800130208333333,0.0109421922655321,0.8000000000000002,0.180859375,0.0100394821858075,0.1333333333333333,,,,,,,,,,,,,,,,0.113573617498075,0.0056773441568995,0.0932367731236291,0.050899316867163,0.0052102536358377,0.0260467144795503,0.0322138427509331,0.0048372255544868,0.0085836909871244,0.7331482287118586,0.0043097196954623,0.7408249158249158,0.4747539437411885,0.0060836217428451,0.477447792596199,0.580518767591268,0.0055572053391772,0.5817773450679108,1.7221305973194276,0.5051675337762023,0.0,533093.0234298706,244988.0,10.06181145165707,11.05466127006732,2.195688336779213,0.9904601364921324,0.3116820099134924,,,,,,,
k-SemStamp,kmeans,fixed_diverse,best-of-n,sentence-nltk,,,sentence,nltk,,,64.0,attack,direct,dipper-lex80-order20,dipper,lex80-order20,,,,,,,,80.0,20.0,1024,3,c4-val-def-256|c4-val-def-256b|c4-val-def-512,2.263009527424072,2.840187787218772,4.016632088371218,0.903923511505127,0.72265625,0.595703125,0.3271484375,0.404296875,3.167663477809654,5.355240721787057,2.187577243977402,,,,,,,,,,0.3642578125,0.3388671875,0.314453125,0.271484375,0.197265625,0.1396484375,0.0751953125,0.0380859375,0.0166015625,0.009765625,0.0029296875,0.0751953125,0.6201171875,0.5810546875,0.541015625,0.4619140625,0.3427734375,0.2431640625,0.1298828125,0.0703125,0.0302734375,0.0166015625,0.00390625,0.1298828125,0.6728515625,0.220703125,1.5103137383263534,0.3042347716135442,0.0,0.3035519076895356,0.0064865340106087,0.3,0.1460337664170596,0.0100486190057612,0.1111111111111111,30.2734375,0.8206094122629424,31.0,0.1318467595176762,0.0069937026440596,0.1102181400688863,0.1332412085669762,0.009256533569697,0.1,0.4503378265892261,0.0061842032797802,0.4359643837450626,0.7537728811245359,0.0060515822212896,0.7546039995480737,0.0894323294871276,0.0091090316645818,0.0,0.8891865011537448,0.0015749026091349,0.8936077058315277,0.8946790904738009,0.0016527312150912,0.8994636833667755,0.8839037784491666,0.0016320760558413,0.8875690996646881,0.9154485210818074,0.0041242776496778,0.9266276214985064,0.872764534666203,0.0051325523461939,0.8955811560153961,12.02893070111147,0.3596946144684832,12.434754848480225,0.7031087239583333,0.0081033961335941,0.7166666666666667,0.7205078125000001,0.0102436688043638,0.7333333333333334,0.0660807291666666,0.008465703791425,0.0,0.5598307291666668,0.0114900519423678,0.5333333333333333,0.4018229166666667,0.0111142335080231,0.4000000000000001,,,,,,,,,,,,,,,,0.1138104740620025,0.0044454310002217,0.1026213369963369,0.0418442863958513,0.0037420764713791,0.0273130793188981,0.0228520161498711,0.003318974956242,0.0093681439227731,0.5496621734107738,0.0061842032797802,0.5640356162549374,0.2318228428855264,0.0055829583058562,0.2328624725884999,0.368050578915265,0.0058540890018257,0.3682983682983684,1.2141575610442312,0.4184585452713258,0.0,596731.6552848816,239910.0,9.891222409240797,11.007960593552944,1.9579832555743333,0.8289567754779744,0.1228636008859353,,,,,,,
k-SemStamp,kmeans,fixed_diverse,best-of-n,sentence-nltk,,,sentence,nltk,,,64.0,attack,direct,merge_adjacent-ratio=0.2,other,merge_adjacent-ratio=0.2,,,,,,,,,,1024,3,c4-val-def-256|c4-val-def-256b|c4-val-def-512,2.263009527424072,2.840187787218772,4.016632088371218,0.9792227745056152,0.9560546875,0.9033203125,0.7978515625,0.0966796875,4.853924253957924,5.355240721787057,0.501316467829133,,,,,,,,,,,,,,,,,,,,,,,,,,,,,,,,,,,,3.662469801717692,0.6548670683025855,0.0,1.0,0.0,1.0,0.1524624616666421,0.0062744704130202,0.15,100.154296875,1.920745461239747,108.0,0.0,0.0,0.0,0.0853221949562972,0.0038013891641144,0.0769230769230768,0.0,0.0,0.0,0.0,0.0,0.0,0.0,0.0,0.0,,,,,,,,,,0.9175495595867356,0.0070906127596035,0.9541825699745548,,,,,,,,,,,,,,,,,,,,,,,,,,,,,,,,,,,,,,,,,,,,,,1.0,0.0,1.0,1.0,0.0,1.0,1.0,0.0,1.0,2.4141163730256023,0.570949027826002,0.0,,0.0,,,,,0.9691998761825196,,,,,,,
k-SemStamp,kmeans,fixed_diverse,best-of-n,sentence-nltk,,,sentence,nltk,,,64.0,attack,direct,merge_adjacent-ratio=0.5,other,merge_adjacent-ratio=0.5,,,,,,,,,,1024,3,c4-val-def-256|c4-val-def-256b|c4-val-def-512,2.263009527424072,2.840187787218772,4.016632088371218,0.9705429077148438,0.9306640625,0.8662109375,0.69140625,0.1337890625,4.330898110644631,5.355240721787057,1.024342611142426,,,,,,,,,,,,,,,,,,,,,,,,,,,,,,,,,,,,3.618925315258569,0.649824599983017,0.0,1.0,0.0,1.0,0.3198925664172709,0.0071973017838373,0.3333333333333333,100.154296875,1.920745461239747,108.0,0.0,0.0,0.0,0.1951794603883338,0.005603904906398,0.1999999999999999,0.0,0.0,0.0,0.0,0.0,0.0,0.0,0.0,0.0,,,,,,,,,,0.9179707908865156,0.0070514733052043,0.9539989419516184,,,,,,,,,,,,,,,,,,,,,,,,,,,,,,,,,,,,,,,,,,,,,,1.0,0.0,1.0,1.0,0.0,1.0,1.0,0.0,1.0,1.6204281134831406,0.4879220900656438,0.0,,0.0,,,,,0.9367633450760626,,,,,,,
k-SemStamp,kmeans,fixed_diverse,best-of-n,sentence-nltk,,,sentence,nltk,,,64.0,attack,direct,merge_adjacent-ratio=1.0,other,merge_adjacent-ratio=1.0,,,,,,,,,,1024,3,c4-val-def-256|c4-val-def-256b|c4-val-def-512,2.263009527424072,2.840187787218772,4.016632088371218,0.9581422805786132,0.9130859375,0.7919921875,0.474609375,0.2080078125,3.782680335673784,5.355240721787057,1.572560386113273,,,,,,,,,,,,,,,,,,,,,,,,,,,,,,,,,,,,3.732118030545581,0.66861356661216,0.0,1.0,0.0,1.0,0.4963999967488927,0.0056079883792391,0.5,100.154296875,1.920745461239747,108.0,0.0,0.0,0.0,0.332664452284231,0.0052597106430296,0.3333333333333333,0.0,0.0,0.0,0.0,0.0,0.0,0.0001237623762376,0.0002428611226027,0.0,,,,,,,,,,0.917242725580133,0.0071358334849575,0.9541475535168196,,,,,,,,,,,,,,,,,,,,,,,,,,,,,,,,,,,,,,,,,,,,,,1.0,0.0,1.0,1.0,0.0,1.0,1.0,0.0,1.0,1.589850153256961,0.5149018032728333,0.0,,0.0,,,,,0.9024415827868304,,,,,,,
k-SemStamp,kmeans,fixed_diverse,best-of-n,sentence-nltk,,,sentence,nltk,,,64.0,attack,direct,parrot,parrot,default,,,,,,,,,,1024,3,c4-val-def-256|c4-val-def-256b|c4-val-def-512,2.263009527424072,2.840187787218772,4.016632088371218,0.9727106094360352,0.9326171875,0.890625,0.734375,0.109375,4.7952349175677895,5.355240721787057,0.5600058042192664,,,,,,,,,,0.1083984375,0.107421875,0.1064453125,0.1044921875,0.103515625,0.1025390625,0.0927734375,0.087890625,0.0693359375,0.03515625,0.0166015625,0.0927734375,0.2646484375,0.2626953125,0.26171875,0.2587890625,0.25390625,0.2490234375,0.2119140625,0.1904296875,0.12890625,0.0693359375,0.0234375,0.2119140625,0.265625,0.8544921875,3.4706904281012667,0.6503608338301208,0.0,0.733479108444908,0.0053538553644778,0.742610658124636,0.0075468306107011,0.0026987394588134,0.0,74.01171875,1.5708193214959918,79.0,0.0092207002567053,0.0009990598732168,0.0014883207028754,0.009762989060484,0.0026278460479626,0.0,0.1586044151915759,0.003373472663995,0.1486004012589016,0.321367884308285,0.0056631033213763,0.3083333333333333,0.0098279835434515,0.0023915860938683,0.0,0.9269298887229525,0.0011168672095563,0.9290183782577516,0.9313503848970868,0.0010678267674944,0.933403253555298,0.922622564365156,0.0012594084572627,0.9251375198364258,0.9171598242313432,0.0069403974703856,0.9509200401472064,0.9689433167804964,0.0011029342103298,0.9729697406291962,12.304145083186562,0.5178380387100661,13.039999961853027,0.8889485677083333,0.005039068728396,0.9,0.8813151041666668,0.0062454027863807,0.8666666666666667,0.0149739583333333,0.0047864089699982,0.0,0.7697916666666667,0.0101930273368679,0.7999999999999999,0.0803385416666666,0.0074010892774886,0.0,,,,,,,,,,,,,,,,0.1067373751925109,0.0071136849380639,0.0732154024836951,0.0568695316133357,0.0069549895686698,0.0200806451612903,0.0416026704949457,0.0067426604442245,0.0046622326551903,0.841395584808424,0.003373472663995,0.8513995987410983,0.654204815949012,0.0053086818929655,0.6652173296595791,0.737576221989277,0.0040001839620164,0.7447476716482565,3.542228003565765,0.7228041821891072,0.0,614854.0520802988,244968.0,10.148993642162443,11.035414142224434,1.7950477492956902,0.1419290140323953,0.3630125829941941,,,,,,,
k-SemStamp,kmeans,fixed_diverse,best-of-n,sentence-nltk,,,sentence,nltk,,,64.0,attack,direct,parrot-bigram-threshold=0.03,parrot,bigram-0.03,,,,,,,,,,1024,3,c4-val-def-256|c4-val-def-256b|c4-val-def-512,2.263009527424072,2.840187787218772,4.016632088371218,0.9750280380249025,0.939453125,0.892578125,0.7705078125,0.107421875,4.918200231735849,5.355240721787057,0.4370404900512065,,,,,,,,,,0.107421875,0.107421875,0.107421875,0.10546875,0.10546875,0.103515625,0.09765625,0.0888671875,0.078125,0.046875,0.0126953125,0.09765625,0.2294921875,0.228515625,0.228515625,0.2265625,0.2255859375,0.21875,0.205078125,0.177734375,0.142578125,0.0849609375,0.021484375,0.205078125,0.2294921875,0.93359375,3.5212828853334903,0.6507162476034953,0.0,0.7703382710395934,0.0046527480677951,0.7773780975219824,0.0045287122163389,0.0016906787108802,0.0,77.646484375,1.5969233481045235,83.0,0.0063574626434356,0.0007088796558407,0.0,0.0051045895985627,0.001359102620224,0.0,0.131929811705856,0.0025286929981368,0.1261471752125957,0.2780687226345397,0.0042986904059623,0.2694667989563811,0.0050657012431631,0.0015570194123945,0.0,0.934851861151401,0.001123437824983,0.9369289875030518,0.9389676328282804,0.001091032148781,0.9406597018241882,0.930831485602539,0.0012359477037877,0.9337863624095916,0.9182858992313884,0.0069804566463913,0.9521635115456626,0.9751053762156516,0.0008709085710886,0.9782585501670836,11.508490683430065,0.462233716673279,12.228938579559326,0.9164388020833334,0.004383365640263,0.9333333333333332,0.9088541666666669,0.0057102698988107,0.9333333333333332,0.0089192708333333,0.0032402422774805,0.0,0.8042317708333334,0.0099883245992072,0.8000000000000002,0.0384114583333333,0.0046963394040371,0.0,,,,,,,,,,,,,,,,0.1059714603591232,0.0071542184930372,0.0711462450592885,0.0571430269957796,0.006983653282773,0.0198675496688741,0.0421977585418035,0.0067591492438272,0.0054814681323962,0.868070188294144,0.0025286929981368,0.8738528247874042,0.7024498398757998,0.0039803016789002,0.709190306499434,0.79570763152608,0.0031707441108224,0.7989516630191024,3.511346760864974,0.7188594270086321,0.0,602604.0373774988,246657.0,10.19274602835517,11.062707920490944,1.8232803156342865,0.1741708643718504,0.3883078661682999,,,,,,,
k-SemStamp,kmeans,fixed_diverse,best-of-n,sentence-nltk,,,sentence,nltk,,,64.0,attack,direct,pegasus,pegasus,default,,,,,,,,,,1024,3,c4-val-def-256|c4-val-def-256b|c4-val-def-512,2.263009527424072,2.840187787218772,4.016632088371218,0.9756321907043456,0.9453125,0.8935546875,0.7470703125,0.1064453125,4.868646074488149,5.355240721787057,0.486594647298907,,,,,,,,,,0.1064453125,0.10546875,0.10546875,0.1044921875,0.099609375,0.0927734375,0.07421875,0.0673828125,0.04296875,0.0224609375,0.0078125,0.07421875,0.2529296875,0.2509765625,0.2490234375,0.2451171875,0.232421875,0.21484375,0.1689453125,0.1396484375,0.0849609375,0.03515625,0.0126953125,0.1689453125,0.2529296875,0.708984375,5.9013188375186285,0.7921338085918909,0.0,0.6202461245426555,0.0059964708462101,0.6234753910173626,0.0086143724780485,0.0026692971757974,0.0,62.3037109375,1.3345890422295277,65.0,0.0086210431261348,0.0008888791326933,0.0,0.007997615830557,0.0024038941080564,0.0,0.2253856508968708,0.005543086805316,0.2040064182921325,0.3005215503527181,0.0052819560426689,0.2988505747126437,0.0056804858734095,0.0017479255598612,0.0,0.9241994027979672,0.0021990646825795,0.9331691563129424,0.9337420025840402,0.0033186068257605,0.9493550658226012,0.9160812794580124,0.0014377913473745,0.9187996685504912,0.8904287944786193,0.0082167270611631,0.9411764705882352,0.94684123393381,0.0021013157914533,0.9553066194057463,7.160523285514047,0.4265839996105393,9.622562408447266,0.84521484375,0.0060050787206543,0.8500000000000001,0.7940755208333334,0.0070320693068093,0.8000000000000002,0.0182291666666666,0.0047091561166292,0.0,0.7052083333333333,0.0108000227301673,0.6666666666666666,0.1001953125,0.0097274075974268,0.0,,,,,,,,,,,,,,,,0.1640035090063834,0.0117608296298313,0.0895129615082482,0.1124042165991166,0.0121604797622505,0.0265137313712625,0.0976542378505491,0.0121641355962921,0.0090293913823325,0.7746143491031292,0.005543086805316,0.7959935817078674,0.6011985436504528,0.006047466573383,0.6110545372256166,0.6590869520724916,0.0059095189224805,0.6688985638824694,3.845889456114588,0.7538651572763593,0.0,470770.8908210986,239142.0,9.370290102068692,10.219898568086322,2.127753155676846,0.9257814380440754,0.4056653415609818,,,,,,,
k-SemStamp,kmeans,fixed_diverse,best-of-n,sentence-nltk,,,sentence,nltk,,,64.0,attack,direct,pegasus-bigram-threshold=0.03,pegasus,bigram-0.03,,,,,,,,,,1024,3,c4-val-def-256|c4-val-def-256b|c4-val-def-512,2.263009527424072,2.840187787218772,4.016632088371218,0.9753541946411132,0.943359375,0.884765625,0.7236328125,0.115234375,4.799139132582559,5.355240721787057,0.5561015892044969,,,,,,,,,,0.115234375,0.115234375,0.1142578125,0.111328125,0.1044921875,0.1015625,0.0849609375,0.0732421875,0.0498046875,0.02734375,0.0087890625,0.0849609375,0.2763671875,0.2763671875,0.2744140625,0.2685546875,0.255859375,0.2470703125,0.2001953125,0.1611328125,0.1025390625,0.0439453125,0.0107421875,0.2001953125,0.2763671875,0.734375,4.065059504122722,0.6814424742537526,0.0,0.573527053837212,0.0052191271512048,0.5740740740740741,0.0094864227972807,0.0023746073800566,0.0,57.3486328125,1.187365953697747,60.0,0.0160569910391059,0.0012770578123529,0.0086608978489674,0.0085852273869706,0.0016679246132223,0.0,0.2384391742504621,0.003732028699401,0.22897030298063,0.4233995570696665,0.0052701402498688,0.4216281553943891,0.0066879246603362,0.0016875618888127,0.0,0.9282374767935836,0.0012967127394671,0.9310723543167114,0.9413266702322288,0.001778762780941,0.9457071125507356,0.9159260871238076,0.0011954717188114,0.91791170835495,0.9105494869852852,0.0072799857950451,0.9487775790101372,0.9520616115187296,0.0015639624794152,0.9580238461494446,9.618431243778511,0.4223805050801835,10.697336673736572,0.8523600260416666,0.0056739876025168,0.8666666666666667,0.8096354166666668,0.0068861656202502,0.8000000000000002,0.0231119791666666,0.0056237738413209,0.0,0.7055338541666667,0.0103782199698229,0.6666666666666666,0.0826171875,0.0077012162717882,0.0,,,,,,,,,,,,,,,,0.1227601417484191,0.0086078903081625,0.0786080501989592,0.0703708149305794,0.0086396791013463,0.0190295129458628,0.0561528712080051,0.0084803054718381,0.0046620299934796,0.7615608257495379,0.003732028699401,0.77102969701937,0.5114191791496264,0.0047664218969658,0.5113695090439276,0.6113233096742016,0.0044415391214196,0.6128266033254157,3.5568111106135136,0.7204272888587896,0.0,483723.7674609495,213689.0,9.82438993229491,10.742474753881188,2.101012390271143,0.9281769918550032,0.2877282982308322,,,,,,,
k-SemStamp,kmeans,fixed_diverse,best-of-n,sentence-nltk,,,sentence,nltk,,,64.0,attack,direct,split_midpoint-ratio=0.2,other,split_midpoint-ratio=0.2,,,,,,,,,,1024,3,c4-val-def-256|c4-val-def-256b|c4-val-def-512,2.263009527424072,2.840187787218772,4.016632088371218,0.98128080368042,0.9609375,0.921875,0.80078125,0.078125,5.168251179873231,5.355240721787057,0.186989541913825,,,,,,,,,,,,,,,,,,,,,,,,,,,,,,,,,,,,3.6474089516664,0.6568738905249704,0.0,1.0,0.0,1.0,0.0,0.0,0.0,100.154296875,1.920745461239747,108.0,0.0,0.0,0.0,0.0766564139649211,0.0042131292654366,0.0769230769230768,0.0,0.0,0.0,0.0,0.0,0.0,0.1368764249105216,0.0061766307462226,0.1428571428571428,,,,,,,,,,0.9185159865259528,0.007106182111057,0.9553571428571428,,,,,,,,,,,,,,,,,,,,,,,,,,,,,,,,,,,,,,,,,,,,,,1.0,0.0,1.0,1.0,0.0,1.0,1.0,0.0,1.0,2.843998286023211,0.6243316438451201,0.0,,0.0,,,,,0.970827373040484,,,,,,,
k-SemStamp,kmeans,fixed_diverse,best-of-n,sentence-nltk,,,sentence,nltk,,,64.0,attack,direct,split_midpoint-ratio=0.5,other,split_midpoint-ratio=0.5,,,,,,,,,,1024,3,c4-val-def-256|c4-val-def-256b|c4-val-def-512,2.263009527424072,2.840187787218772,4.016632088371218,0.9744987487792968,0.9375,0.880859375,0.7109375,0.119140625,4.925704166836752,5.355240721787057,0.4295365549503045,,,,,,,,,,,,,,,,,,,,,,,,,,,,,,,,,,,,3.497944394512426,0.6433567592361784,0.0,1.0,0.0,1.0,0.0,0.0,0.0,100.154296875,1.920745461239747,108.0,0.0,0.0,0.0,0.1712855771531306,0.0047987282993441,0.1724137931034483,0.0,0.0,0.0,0.0,0.0,0.0,0.2868598429163352,0.006523668164777,0.2941176470588235,,,,,,,,,,0.9209569871811304,0.0070336444522514,0.956963900862069,,,,,,,,,,,,,,,,,,,,,,,,,,,,,,,,,,,,,,,,,,,,,,1.0,0.0,1.0,1.0,0.0,1.0,1.0,0.0,1.0,2.64912029251574,0.6029473425268755,0.0,,0.0,,,,,0.9273786781078164,,,,,,,
k-SemStamp,kmeans,fixed_diverse,best-of-n,sentence-nltk,,,sentence,nltk,,,64.0,attack,direct,split_midpoint-ratio=1.0,other,split_midpoint-ratio=1.0,,,,,,,,,,1024,3,c4-val-def-256|c4-val-def-256b|c4-val-def-512,2.263009527424072,2.840187787218772,4.016632088371218,0.9586286544799804,0.87109375,0.8076171875,0.6494140625,0.1923828125,4.661223738022297,5.355240721787057,0.6940169837647586,,,,,,,,,,,,,,,,,,,,,,,,,,,,,,,,,,,,3.5258984166647123,0.6613938010212462,0.0,1.0,0.0,1.0,0.0,0.0,0.0,100.154296875,1.920745461239747,108.0,0.0,0.0,0.0,0.2973402287866392,0.0048053716501527,0.3103448275862068,0.0,0.0,0.0,0.0,0.0,0.0,0.4543834440821716,0.0053897047291688,0.4736842105263157,,,,,,,,,,0.923789783876813,0.0070919664390461,0.9601593625498008,,,,,,,,,,,,,,,,,,,,,,,,,,,,,,,,,,,,,,,,,,,,,,1.0,0.0,1.0,1.0,0.0,1.0,1.0,0.0,1.0,3.335079028702791,0.6894859095296052,0.0,,0.0,,,,,0.852093680530482,,,,,,,
k-SemStamp,kmeans,fixed_diverse,best-of-n,sentence-nltk,,,sentence,nltk,,,64.0,attack,direct,synonym_substitution-ratio=0.1,other,synonym_substitution-ratio=0.1,,,,,,,,,,1024,3,c4-val-def-256|c4-val-def-256b|c4-val-def-512,2.263009527424072,2.840187787218772,4.016632088371218,0.9795403480529784,0.94921875,0.908203125,0.8173828125,0.091796875,5.099573749429862,5.355240721787057,0.2556669723571954,,,,,,,,,,,,,,,,,,,,,,,,,,,,,,,,,,,,2.928750540816492,0.5537593686839699,0.0,0.9303916182698302,0.001938282907746,0.9314396991673382,0.0008051352312359,0.0005166432146563,0.0,93.0927734375,1.782534240718443,100.0,0.0002752140645765,0.0001166098968961,0.0,0.0018473834604728,0.0006742810758732,0.0,0.0410663197966277,0.0009971467718742,0.0401691331923891,0.1105335530729085,0.0025516087240683,0.1082089552238805,0.0027164911247709,0.0011159565063652,0.0,,,,,,,,,,0.9250705383248116,0.0065137356849156,0.9567099567099568,,,,,,,,,,,,,,,,,,,,,,,,,,,,,,,,,,,,,,,,,,,,,,0.9589336802033722,0.0009971467718742,0.9598308668076108,0.9198072501142568,0.0019030982933267,0.9221045348094528,0.9585282199634936,0.0010075082739393,0.9593653189916812,1.800750664982102,0.4891250210654639,0.0,,0.0,,,,,0.872533472005121,,,,,,,
k-SemStamp,kmeans,fixed_diverse,best-of-n,sentence-nltk,,,sentence,nltk,,,64.0,attack,direct,synonym_substitution-ratio=0.25,other,synonym_substitution-ratio=0.25,,,,,,,,,,1024,3,c4-val-def-256|c4-val-def-256b|c4-val-def-512,2.263009527424072,2.840187787218772,4.016632088371218,0.973130226135254,0.931640625,0.892578125,0.7412109375,0.107421875,4.740273883257013,5.355240721787057,0.614966838530044,,,,,,,,,,,,,,,,,,,,,,,,,,,,,,,,,,,,2.217125370370685,0.4523004001128908,0.0,0.8291129678220782,0.0027956345039753,0.83,0.0035958010514584,0.0021774428329004,0.0,82.8330078125,1.5893583560025246,88.0,0.001603361212439,0.0002798037763179,0.0,0.0056532631456421,0.002273856443128,0.0,0.1017781221504373,0.0015444454798816,0.1004022552139706,0.2564583699919326,0.0034041713925721,0.2531128907259106,0.0061256929372277,0.001937763286392,0.0,,,,,,,,,,0.932193150644715,0.00592187349548,0.9607843137254902,,,,,,,,,,,,,,,,,,,,,,,,,,,,,,,,,,,,,,,,,,,,,,0.8982218778495626,0.0015444454798816,0.8995977447860293,0.8044262042759853,0.0028241566957921,0.8064924599976977,0.8964782408280578,0.0015656517102293,0.8980392156862744,1.2060992652514462,0.4219900585577583,0.0,,0.0,,,,,0.6995632110539198,,,,,,,
k-SemStamp,kmeans,fixed_diverse,best-of-n,sentence-nltk,,,sentence,nltk,,,64.0,attack,direct,synonym_substitution-ratio=0.5,other,synonym_substitution-ratio=0.5,,,,,,,,,,1024,3,c4-val-def-256|c4-val-def-256b|c4-val-def-512,2.263009527424072,2.840187787218772,4.016632088371218,0.9542088508605956,0.8642578125,0.794921875,0.529296875,0.205078125,4.076982611013868,5.355240721787057,1.2782581107731876,,,,,,,,,,,,,,,,,,,,,,,,,,,,,,,,,,,,1.9873976038684835,0.4061597990703716,0.0,0.6706441626446235,0.0037331132349621,0.6692307692307692,0.0083906157360001,0.0025762084380074,0.0,66.8271484375,1.2955636107964337,71.0,0.0069405392666394,0.0006639342785378,0.0,0.0121153467164447,0.0026135161259835,0.0,0.1974638375855323,0.0020955778319989,0.1950207468879667,0.4590928358537938,0.0034847914734111,0.4569018490587118,0.0134882218782612,0.0027543797490304,0.0,,,,,,,,,,0.9311988973053034,0.0056232853842252,0.9571122011036176,,,,,,,,,,,,,,,,,,,,,,,,,,,,,,,,,,,,,,,,,,,,,,0.8025361624144677,0.0020955778319989,0.8049792531120332,0.631949600378402,0.0034071111237478,0.6339545741713792,0.7965948895917795,0.0021245400516532,0.7984496124031008,1.1155008753171254,0.410293960731949,0.0,,0.0,,,,,0.460207591669929,,,,,,,
k-SemStamp,kmeans,fixed_diverse,best-of-n,sentence-nltk,,,sentence,nltk,,,64.0,attack,direct,synonym_substitution-ratio=0.75,other,synonym_substitution-ratio=0.75,,,,,,,,,,1024,3,c4-val-def-256|c4-val-def-256b|c4-val-def-512,2.263009527424072,2.840187787218772,4.016632088371218,0.9183511734008788,0.74609375,0.6494140625,0.3408203125,0.3505859375,3.368389493539315,5.355240721787057,1.9868512282477413,,,,,,,,,,,,,,,,,,,,,,,,,,,,,,,,,,,,2.629792399023846,0.466255142451288,0.3690036900369003,0.5201464794570323,0.0040749747848621,0.5155444587628866,0.0137311916854207,0.0031007010411782,0.0,51.646484375,1.0153471579179862,54.0,0.0177391641081599,0.0012633658485082,0.0117702139878617,0.0184895755876131,0.0029500934128799,0.0,0.2881611253763117,0.002527439215921,0.2857142857142857,0.6248328486891497,0.0034824175841917,0.6264825840326286,0.0201736517971057,0.0032077744173473,0.0,,,,,,,,,,0.91847206382282,0.0059975845690393,0.9455517615606556,,,,,,,,,,,,,,,,,,,,,,,,,,,,,,,,,,,,,,,,,,,,,,0.7118388746236883,0.002527439215921,0.7142857142857142,0.4823142205669286,0.003627194178448,0.4840563746257696,0.7007467078936733,0.0025533399739647,0.7032767463539095,1.3361710767162145,0.4290099102252314,0.0,,0.0,,,,,0.2756399241908255,,,,,,,
k-SemStamp,kmeans,fixed_diverse,best-of-n,sentence-nltk,,,sentence,nltk,,,64.0,attack,direct,synonym_substitution-ratio=1.0,other,synonym_substitution-ratio=1.0,,,,,,,,,,1024,3,c4-val-def-256|c4-val-def-256b|c4-val-def-512,2.263009527424072,2.840187787218772,4.016632088371218,0.8610396385192871,0.56640625,0.4541015625,0.2060546875,0.5458984375,2.629364577361249,5.355240721787057,2.725876144425808,,,,,,,,,,,,,,,,,,,,,,,,,,,,,,,,,,,,4.53170342836394,0.6862976442121961,0.7575757575757576,0.374179656996616,0.004422834143066,0.3681727904667328,0.024039251475729,0.0038147645806773,0.0,36.9501953125,0.7607094444225558,38.0,0.0391679567171689,0.0023090879844677,0.0326363489305739,0.0287913889252927,0.0033783763235783,0.0,0.3743228733595966,0.0027834894654385,0.3721567952097712,0.7661816011189323,0.0031133791241326,0.7680510368076516,0.029567636761615,0.0037694724712073,0.0,,,,,,,,,,0.8938125603904099,0.0071831136194068,0.9270113767967844,,,,,,,,,,,,,,,,,,,,,,,,,,,,,,,,,,,,,,,,,,,,,,0.6256771266404034,0.0027834894654385,0.6278432047902288,0.3528314413846739,0.0034599592324727,0.3529411764705882,0.6089414175410235,0.002776295799382,0.6100507515601855,3.5615570918671637,0.7160107734665192,0.0,,0.0,,,,,0.1363699933299415,,,,,,,
k-SemStamp,kmeans,fixed_diverse,best-of-n,sentence-nltk,,,sentence,nltk,,,64.0,watermark,direct,none,none,none,,,,,,,,,,1024,3,c4-val-def-256|c4-val-def-256b|c4-val-def-512,2.263009527424072,2.840187787218772,4.016632088371218,0.984583854675293,0.9677734375,0.9248046875,0.8662109375,0.0751953125,5.355240721787057,5.355240721787057,0.0,64.0,64.0,64.0,12342.0,12308.0,1.0,64.0,64.0,64.0,,,,,,,,,,,,,,,,,,,,,,,,,,,3.830407497965882,0.6830086399165803,0.0,,,,,,,,,,,,,,,,,,,,,,,,,,,,,,,,,,0.9164070193769042,0.007230333638953,0.95407571443636,,,,6.272122069586651,0.1748437404981601,6.515515565872192,,,,,,,,,,,,,,,,0.7873372395833333,0.0146244252640491,0.8833333333333333,0.7770833333333333,0.0166577347601053,0.9333333333333332,0.8923177083333333,0.0107307112925417,1.0,0.708984375,0.0176048725059517,0.7999999999999999,0.7709635416666667,0.0190671038186997,0.9333333333333332,0.111101709028895,0.0072508678833494,0.075322472891721,0.0614849129509842,0.0071205409566045,0.0221460600681956,0.0461117360086059,0.0069234470250199,0.0069324298346789,,,,,,,,,,3.446249764609318,0.7087724240196622,0.0,511332.2510108948,278486.0,10.308997615832403,11.193145784937862,2.3191348254688657,0.1743921142525469,,,,,,,,
k-SemStamp,kmeans,fixed_diverse,best-of-n,sentence-nltk,,,sentence,nltk,,,,human,direct,none,none,none,,,,,,,,,,1024,1,c4-human-def,2.263009527424072,2.840187787218772,4.016632088371218,,,,,,0.1062757902963568,,,,,,,,,,,,,,,,,,,,,,,,,,,,,,,,,,,,,,,,,,,,,,,,,,,,,,,,,,,,,,,,,,,,,,,,,,,,,,,,,,,,,,,,,,,,,,,,,,,,,,,,,,,,,,,,,,,,,,,,,,,,,,,,,,,,,,,,,,,,,0.09375,0.048828125,0.009765625,1.4626516097874351,2.263009527424072,2.840187787218772,4.016632088371218
